Front	Back	Tags
"<div class=""top""><span class=""chip c1"">章节：软件工程概述</span><span class=""chip c2"">识记</span><span class=""chip c3"">软件</span></div><h1>软件的定义</h1><div class=""q"">在<span class=""blank"">______</span>领域，软件被定义为计算机系统中与硬件相互依存的另一部分，是包括程序、数据及其相关文档的完整集合。其中：程序是<span class=""blank"">______</span>特定功能的指令序列；数据是使程序能正常操纵信息的数据结构；文档是与程序开发、维护和使用有关的图文材料，包括<span class=""blank"">______</span>文档、设计文档、测试文档、维护记录等。广义上讲，软件是除设备、车辆、原材料之外的人的素质、技术水平、管理法规等无形因素。</div>"	"<div class=""top""><span class=""chip c1"">章节：软件工程概述</span><span class=""chip c2"">识记</span><span class=""chip c3"">软件</span></div><h1>软件的定义</h1><div class=""a"">在<span class=""hit"">软件工程</span>领域，软件被定义为计算机系统中与硬件相互依存的另一部分，是包括程序、数据及其相关文档的完整集合。其中：程序是<span class=""hit"">实现</span>特定功能的指令序列；数据是使程序能正常操纵信息的数据结构；文档是与程序开发、维护和使用有关的图文材料，包括<span class=""hit"">需求分析</span>文档、设计文档、测试文档、维护记录等。广义上讲，软件是除设备、车辆、原材料之外的人的素质、技术水平、管理法规等无形因素。</div><div class=""ansbox"">挖空答案：<b>软件工程；实现；需求分析</b></div><div class=""pg"">教材页码：P21</div>"	软件工程概述 识记 软件 13005软件工程
"<div class=""top""><span class=""chip c1"">章节：软件工程概述</span><span class=""chip c2"">识记</span><span class=""chip c3"">软件</span></div><h1>软件的特点</h1><div class=""q"">软件与硬件相比具有以下特点：1）软件与硬件的生产方式不同；2）软件的“<span class=""blank"">______</span>”与硬件形式不同；3）软件的开发比硬件的生产具有更多的个性化细节，需要程序员定制；4）软件比硬件具有更强的抽象性；5）软件的开发成本比硬件的制造成本更难控制；6）很多软件的<span class=""blank"">______</span>涉及机构的<span class=""blank"">______</span>、体制及管理方式、管理策略、管理细则等社会因素。</div>"	"<div class=""top""><span class=""chip c1"">章节：软件工程概述</span><span class=""chip c2"">识记</span><span class=""chip c3"">软件</span></div><h1>软件的特点</h1><div class=""a"">软件与硬件相比具有以下特点：1）软件与硬件的生产方式不同；2）软件的“<span class=""hit"">磨损</span>”与硬件形式不同；3）软件的开发比硬件的生产具有更多的个性化细节，需要程序员定制；4）软件比硬件具有更强的抽象性；5）软件的开发成本比硬件的制造成本更难控制；6）很多软件的<span class=""hit"">功能</span>涉及机构的<span class=""hit"">组织</span>、体制及管理方式、管理策略、管理细则等社会因素。</div><div class=""ansbox"">挖空答案：<b>磨损；功能；组织</b></div><div class=""pg"">教材页码：P21</div>"	软件工程概述 识记 软件 13005软件工程
"<div class=""top""><span class=""chip c1"">章节：软件工程概述</span><span class=""chip c2"">识记</span><span class=""chip c3"">软件工程</span></div><h1>软件工程的定义、软件工程的研究领域</h1><div class=""q""><span class=""blank"">______</span>：为解决<span class=""blank"">______</span>问题，计算机科学家提出的、从管理和技术两方面研究如何更好地开发和维护计算机软件的一门学科；其基本思想是按工程化的原则和方法组织软件开发。软件工程的主要研究领域包括：软件开发的过程应该依次包含哪些步骤；如何了解并描述用户对软件功能和性能等方面的需求；如何进行合理的软件设计并描述软件设计方案；如何实现软件编程以使软件具有更好的质量并更容易维护；如何进行<span class=""blank"">______</span>等。</div>"	"<div class=""top""><span class=""chip c1"">章节：软件工程概述</span><span class=""chip c2"">识记</span><span class=""chip c3"">软件工程</span></div><h1>软件工程的定义、软件工程的研究领域</h1><div class=""a""><span class=""hit"">软件工程的定义</span>：为解决<span class=""hit"">软件危机</span>问题，计算机科学家提出的、从管理和技术两方面研究如何更好地开发和维护计算机软件的一门学科；其基本思想是按工程化的原则和方法组织软件开发。软件工程的主要研究领域包括：软件开发的过程应该依次包含哪些步骤；如何了解并描述用户对软件功能和性能等方面的需求；如何进行合理的软件设计并描述软件设计方案；如何实现软件编程以使软件具有更好的质量并更容易维护；如何进行<span class=""hit"">软件测试</span>等。</div><div class=""ansbox"">挖空答案：<b>软件工程的定义；软件危机；软件测试</b></div><div class=""pg"">教材页码：P22</div>"	软件工程概述 识记 软件工程 13005软件工程
"<div class=""top""><span class=""chip c1"">章节：软件工程概述</span><span class=""chip c2"">领会</span><span class=""chip c3"">软件工程</span></div><h1>软件危机面临的问题</h1><div class=""q""><span class=""blank"">______</span>用于描述软件开发中遇到的主要问题：1）软件开发缺乏计划性；2）软件需求不够充分；3）缺乏软件开发过程的规范；4）软件开发的成本和进度难以控制；5）没有评测软件产品质量的标准和方法；6）软件难以维护。其背景是大型软件开发中出现进度不断延迟、成本难以控制、<span class=""blank"">______</span>难以保证、<span class=""blank"">______</span>非常困难等问题（如IBM操作系统开发投入几千人年、数亿美元资金）。</div>"	"<div class=""top""><span class=""chip c1"">章节：软件工程概述</span><span class=""chip c2"">领会</span><span class=""chip c3"">软件工程</span></div><h1>软件危机面临的问题</h1><div class=""a""><span class=""hit"">软件危机</span>用于描述软件开发中遇到的主要问题：1）软件开发缺乏计划性；2）软件需求不够充分；3）缺乏软件开发过程的规范；4）软件开发的成本和进度难以控制；5）没有评测软件产品质量的标准和方法；6）软件难以维护。其背景是大型软件开发中出现进度不断延迟、成本难以控制、<span class=""hit"">软件质量</span>难以保证、<span class=""hit"">软件维护</span>非常困难等问题（如IBM操作系统开发投入几千人年、数亿美元资金）。</div><div class=""ansbox"">挖空答案：<b>软件危机；软件质量；软件维护</b></div><div class=""pg"">教材页码：P22</div>"	软件工程概述 领会 软件工程 13005软件工程
"<div class=""top""><span class=""chip c1"">章节：软件工程概述</span><span class=""chip c2"">识记</span><span class=""chip c3"">软件过程</span></div><h1>软件过程的定义</h1><div class=""q""><span class=""blank"">______</span>是为了获得软件产品，在软件工具的支持下由<span class=""blank"">______</span>师遵循一定的<span class=""blank"">______</span>完成的一系列软件工程活动。</div>"	"<div class=""top""><span class=""chip c1"">章节：软件工程概述</span><span class=""chip c2"">识记</span><span class=""chip c3"">软件过程</span></div><h1>软件过程的定义</h1><div class=""a""><span class=""hit"">软件过程</span>是为了获得软件产品，在软件工具的支持下由<span class=""hit"">软件工程</span>师遵循一定的<span class=""hit"">步骤</span>完成的一系列<span class=""hit"">软件工程</span>活动。</div><div class=""ansbox"">挖空答案：<b>软件过程；软件工程；步骤</b></div><div class=""pg"">教材页码：P23</div>"	软件工程概述 识记 软件过程 13005软件工程
"<div class=""top""><span class=""chip c1"">章节：软件工程概述</span><span class=""chip c2"">识记</span><span class=""chip c3"">软件过程</span></div><h1>软件过程模型的定义</h1><div class=""q""><span class=""blank"">______</span>模型是指可以针对不同的软件采用不同的过程模型，将软件开发和维护的生命周期划分为不同的阶段，每个阶段完成确定且有限的任务。常见的软件过程模型有<span class=""blank"">______</span>（又称线性模型或传统生命周期模型）、原型模型、螺旋模型、<span class=""blank"">______</span>模型、敏捷开发模型等。</div>"	"<div class=""top""><span class=""chip c1"">章节：软件工程概述</span><span class=""chip c2"">识记</span><span class=""chip c3"">软件过程</span></div><h1>软件过程模型的定义</h1><div class=""a""><span class=""hit"">软件过程</span>模型是指可以针对不同的软件采用不同的过程模型，将软件开发和维护的生命周期划分为不同的阶段，每个阶段完成确定且有限的任务。常见的<span class=""hit"">软件过程</span>模型有<span class=""hit"">瀑布模型</span>（又称线性模型或传统生命周期模型）、原型模型、螺旋模型、<span class=""hit"">统一过程</span>模型、敏捷开发模型等。</div><div class=""ansbox"">挖空答案：<b>软件过程；瀑布模型；统一过程</b></div><div class=""pg"">教材页码：P24</div>"	软件工程概述 识记 软件过程 13005软件工程
"<div class=""top""><span class=""chip c1"">章节：软件工程概述</span><span class=""chip c2"">识记</span><span class=""chip c3"">软件过程</span></div><h1>软件过程包含的4种基本活动</h1><div class=""q""><span class=""blank"">______</span>一般包含以下4种基本活动：1）软件需求分析：完成对软件功能、行为、性能、接口等方面的需求调查、了解，并用规范的<span class=""blank"">______</span>语言描述需求，形成软件需求分析文档；2）软件设计和实现：设计并实现需求分析阶段定义的功能和性能要求；3）<span class=""blank"">______</span>：确定软件功能的正确性和性能是否符合软件需求分析文档描述的要求；4）软件演进：改进、完善软件的功能以满足用户不断变化的需求。</div>"	"<div class=""top""><span class=""chip c1"">章节：软件工程概述</span><span class=""chip c2"">识记</span><span class=""chip c3"">软件过程</span></div><h1>软件过程包含的4种基本活动</h1><div class=""a""><span class=""hit"">软件过程</span>一般包含以下4种基本活动：1）软件需求分析：完成对软件功能、行为、性能、接口等方面的需求调查、了解，并用规范的<span class=""hit"">软件工程</span>语言描述需求，形成软件需求分析文档；2）软件设计和实现：设计并实现需求分析阶段定义的功能和性能要求；3）<span class=""hit"">软件测试</span>：确定软件功能的正确性和性能是否符合软件需求分析文档描述的要求；4）软件演进：改进、完善软件的功能以满足用户不断变化的需求。</div><div class=""ansbox"">挖空答案：<b>软件过程；软件工程；软件测试</b></div><div class=""pg"">教材页码：P23</div>"	软件工程概述 识记 软件过程 13005软件工程
"<div class=""top""><span class=""chip c1"">章节：软件工程概述</span><span class=""chip c2"">识记</span><span class=""chip c3"">软件过程</span></div><h1>需求分析阶段的目标</h1><div class=""q"">软件需求分析阶段的目标是了解<span class=""blank"">______</span>需求，确定用户需要软件的程序部分完成什么<span class=""blank"">______</span>，并通过需求分析文档将用户需求清晰、规范地表达出来，形成内容完整、准确、详细的软件描述文档。需求分析的过程可分为4个阶段：<span class=""blank"">______</span>研究、分析用户需求、描述需求、需求有效性验证。该阶段是决定软件开发成败的关键阶段。</div>"	"<div class=""top""><span class=""chip c1"">章节：软件工程概述</span><span class=""chip c2"">识记</span><span class=""chip c3"">软件过程</span></div><h1>需求分析阶段的目标</h1><div class=""a"">软件需求分析阶段的目标是了解<span class=""hit"">用户</span>需求，确定<span class=""hit"">用户</span>需要软件的程序部分完成什么<span class=""hit"">功能</span>，并通过需求分析文档将<span class=""hit"">用户</span>需求清晰、规范地表达出来，形成内容完整、准确、详细的软件描述文档。需求分析的过程可分为4个阶段：<span class=""hit"">可行性</span>研究、分析<span class=""hit"">用户</span>需求、描述需求、需求有效性验证。该阶段是决定软件开发成败的关键阶段。</div><div class=""ansbox"">挖空答案：<b>用户；功能；可行性</b></div><div class=""pg"">教材页码：P23</div>"	软件工程概述 识记 软件过程 13005软件工程
"<div class=""top""><span class=""chip c1"">章节：软件工程概述</span><span class=""chip c2"">识记</span><span class=""chip c3"">软件过程</span></div><h1>软件设计阶段的目标</h1><div class=""q"">软件设计的目标是把软件需求转化为软件表示。从<span class=""blank"">______</span>和管理角度，软件设计分为概要设计和<span class=""blank"">______</span>两个阶段：概要设计阶段的工作是将软件需求转化为数据结构和软件的<span class=""blank"">______</span>；详细设计阶段的工作是通过对软件体系结构的细化，得到软件各组成部分的详细数据结构和算法。</div>"	"<div class=""top""><span class=""chip c1"">章节：软件工程概述</span><span class=""chip c2"">识记</span><span class=""chip c3"">软件过程</span></div><h1>软件设计阶段的目标</h1><div class=""a"">软件设计的目标是把软件需求转化为软件表示。从<span class=""hit"">工作步骤</span>和管理角度，软件设计分为概要设计和<span class=""hit"">详细设计</span>两个阶段：概要设计阶段的工作是将软件需求转化为数据结构和软件的<span class=""hit"">体系结构</span>；<span class=""hit"">详细设计</span>阶段的工作是通过对软件<span class=""hit"">体系结构</span>的细化，得到软件各组成部分的详细数据结构和算法。</div><div class=""ansbox"">挖空答案：<b>工作步骤；详细设计；体系结构</b></div><div class=""pg"">教材页码：P23</div>"	软件工程概述 识记 软件过程 13005软件工程
"<div class=""top""><span class=""chip c1"">章节：软件工程概述</span><span class=""chip c2"">识记</span><span class=""chip c3"">软件过程</span></div><h1>软件设计的步骤</h1><div class=""q"">从<span class=""blank"">______</span>和管理角度，软件设计分为概要设计和<span class=""blank"">______</span>两个步骤：概要设计将软件需求转化为数据结构和软件的<span class=""blank"">______</span>；详细设计通过对软件体系结构的细化，得到软件各组成部分的详细数据结构和算法。</div>"	"<div class=""top""><span class=""chip c1"">章节：软件工程概述</span><span class=""chip c2"">识记</span><span class=""chip c3"">软件过程</span></div><h1>软件设计的步骤</h1><div class=""a"">从<span class=""hit"">工作步骤</span>和管理角度，软件设计分为概要设计和<span class=""hit"">详细设计</span>两个步骤：概要设计将软件需求转化为数据结构和软件的<span class=""hit"">体系结构</span>；<span class=""hit"">详细设计</span>通过对软件<span class=""hit"">体系结构</span>的细化，得到软件各组成部分的详细数据结构和算法。</div><div class=""ansbox"">挖空答案：<b>工作步骤；详细设计；体系结构</b></div><div class=""pg"">教材页码：P23</div>"	软件工程概述 识记 软件过程 13005软件工程
"<div class=""top""><span class=""chip c1"">章节：软件工程概述</span><span class=""chip c2"">识记</span><span class=""chip c3"">软件过程</span></div><h1>软件设计的任务</h1><div class=""q"">从软件设计的技术内容角度，软件设计的任务分为<span class=""blank"">______</span>、<span class=""blank"">______</span>、<span class=""blank"">______</span>过程设计三个方面。</div>"	"<div class=""top""><span class=""chip c1"">章节：软件工程概述</span><span class=""chip c2"">识记</span><span class=""chip c3"">软件过程</span></div><h1>软件设计的任务</h1><div class=""a"">从软件设计的技术内容角度，软件设计的任务分为<span class=""hit"">数据设计</span>、<span class=""hit"">体系结构设计</span>、<span class=""hit"">实现</span>过程设计三个方面。</div><div class=""ansbox"">挖空答案：<b>数据设计；体系结构设计；实现</b></div><div class=""pg"">教材页码：P23</div>"	软件工程概述 识记 软件过程 13005软件工程
"<div class=""top""><span class=""chip c1"">章节：软件工程概述</span><span class=""chip c2"">识记</span><span class=""chip c3"">软件过程</span></div><h1>软件实现阶段的任务</h1><div class=""q"">软件<span class=""blank"">______</span>是程序员根据软件设计文档编写程序以实现系统功能的过程。软件实现阶段生成的程序必须经过<span class=""blank"">______</span>，以发现并纠正程序中的错误，保证程序实现的功能和逻辑正确、符合<span class=""blank"">______</span>文档的要求；软件测试需要通过几个不同的阶段，采用不同的策略和技术完成。</div>"	"<div class=""top""><span class=""chip c1"">章节：软件工程概述</span><span class=""chip c2"">识记</span><span class=""chip c3"">软件过程</span></div><h1>软件实现阶段的任务</h1><div class=""a"">软件<span class=""hit"">实现</span>是程序员根据软件设计文档编写程序以<span class=""hit"">实现</span>系统功能的过程。软件<span class=""hit"">实现</span>阶段生成的程序必须经过<span class=""hit"">软件测试</span>，以发现并纠正程序中的错误，保证程序<span class=""hit"">实现</span>的功能和逻辑正确、符合<span class=""hit"">需求分析</span>文档的要求；<span class=""hit"">软件测试</span>需要通过几个不同的阶段，采用不同的策略和技术完成。</div><div class=""ansbox"">挖空答案：<b>实现；软件测试；需求分析</b></div><div class=""pg"">教材页码：P24</div>"	软件工程概述 识记 软件过程 13005软件工程
"<div class=""top""><span class=""chip c1"">章节：软件工程概述</span><span class=""chip c2"">领会</span><span class=""chip c3"">软件过程模型</span></div><h1>瀑布模型将软件过程划分哪几个阶段,每个阶段的任务,瀑布模型存在的问题</h1><div class=""q""><span class=""blank"">______</span>将软件过程划分为需求定义、系统和软件设计、实现与单元测试、集成与系统测试、运行与维护几个阶段。各阶段任务：1）需求定义：了解用户需要计算机解决什么问题，弄清全部需求，由系统分析人员提出系统目标和功能范围说明，请用户审查认可，撰写《<span class=""blank"">______</span>》；2）系统和软件设计：建立软件总体结构，画出软件体系结构图，针对单个模块设计，确定模块内部过程和结构，为每个模块提供过程性描述文档（说明算法和数据结构）；3）实现与单元测试：用选定编程语言把模块过程性描述转换为源程序并对每个模块测试；4）集成与系统测试：将所有模块集成全面测试，形成测试报告（含测试计划、<span class=""blank"">______</span>与测试结果）；5）运行与维护：向用户提交产品投入运营，根据用户要求维护（属软件演进）。存在的问题：1）实际项目很少遵守瀑布模型提出的顺序；2）客户通常难以清楚地描述所有需求；3）客户必须有耐心，只有项目接近尾声才能得到可执行程序；4）在评审可运行程序之前，可能不会检测到重大错误。</div>"	"<div class=""top""><span class=""chip c1"">章节：软件工程概述</span><span class=""chip c2"">领会</span><span class=""chip c3"">软件过程模型</span></div><h1>瀑布模型将软件过程划分哪几个阶段,每个阶段的任务,瀑布模型存在的问题</h1><div class=""a""><span class=""hit"">瀑布模型</span>将软件过程划分为需求定义、系统和软件设计、实现与单元测试、集成与系统测试、运行与维护几个阶段。各阶段任务：1）需求定义：了解用户需要计算机解决什么问题，弄清全部需求，由系统分析人员提出系统目标和功能范围说明，请用户审查认可，撰写《<span class=""hit"">需求规格说明书</span>》；2）系统和软件设计：建立软件总体结构，画出软件体系结构图，针对单个模块设计，确定模块内部过程和结构，为每个模块提供过程性描述文档（说明算法和数据结构）；3）实现与单元测试：用选定编程语言把模块过程性描述转换为源程序并对每个模块测试；4）集成与系统测试：将所有模块集成全面测试，形成测试报告（含测试计划、<span class=""hit"">测试用例</span>与测试结果）；5）运行与维护：向用户提交产品投入运营，根据用户要求维护（属软件演进）。存在的问题：1）实际项目很少遵守<span class=""hit"">瀑布模型</span>提出的顺序；2）客户通常难以清楚地描述所有需求；3）客户必须有耐心，只有项目接近尾声才能得到可执行程序；4）在评审可运行程序之前，可能不会检测到重大错误。</div><div class=""ansbox"">挖空答案：<b>瀑布模型；需求规格说明书；测试用例</b></div><div class=""pg"">教材页码：P24</div>"	软件工程概述 领会 软件过程模型 13005软件工程
"<div class=""top""><span class=""chip c1"">章节：软件工程概述</span><span class=""chip c2"">领会</span><span class=""chip c3"">软件过程模型</span></div><h1>原型模型的软件开发过程,原型模型存在的问题</h1><div class=""q"">原型模型的软件开发过程：主要思想是首先建立一个能反映用户主要需要、可运行的软件原型，让<span class=""blank"">______</span>未来系统的概貌，以引导用户提出更具体、确定的需求；然后通过与用户沟通反复改进原型，最终实现完全符合用户需求的软件系统。过程为：开始于沟通（与利益相关者沟通，定义软件整体目标，明确已知需求）→快速策划→建模（快速设计，集中在用户能看到的方面如人机接口布局、输出显示格式）→构建原型→部署→由利益相关者评估→根据反馈精确提炼软件需求，迭代调整。存在的问题：1）利益相关者看到软件工作版本，可能不了解原型体系结构（程序结构）也在演化，开发者可能没考虑整体软件质量和长期可维护性；2）<span class=""blank"">______</span>师为使原型快速运行往往采用折中手段，若不够细心会使并不完美的选择成为系统的组成部分。关键是从开始就制定规则，明确原型是为定义需求服务的“<span class=""blank"">______</span>”而非最终产品。</div>"	"<div class=""top""><span class=""chip c1"">章节：软件工程概述</span><span class=""chip c2"">领会</span><span class=""chip c3"">软件过程模型</span></div><h1>原型模型的软件开发过程,原型模型存在的问题</h1><div class=""a"">原型模型的软件开发过程：主要思想是首先建立一个能反映用户主要需要、可运行的软件原型，让<span class=""hit"">用户体验</span>未来系统的概貌，以引导用户提出更具体、确定的需求；然后通过与用户沟通反复改进原型，最终实现完全符合用户需求的软件系统。过程为：开始于沟通（与利益相关者沟通，定义软件整体目标，明确已知需求）→快速策划→建模（快速设计，集中在用户能看到的方面如人机接口布局、输出显示格式）→构建原型→部署→由利益相关者评估→根据反馈精确提炼软件需求，迭代调整。存在的问题：1）利益相关者看到软件工作版本，可能不了解原型体系结构（程序结构）也在演化，开发者可能没考虑整体软件质量和长期可维护性；2）<span class=""hit"">软件工程</span>师为使原型快速运行往往采用折中手段，若不够细心会使并不完美的选择成为系统的组成部分。关键是从开始就制定规则，明确原型是为定义需求服务的“<span class=""hit"">临时产品</span>”而非最终产品。</div><div class=""ansbox"">挖空答案：<b>用户体验；软件工程；临时产品</b></div><div class=""pg"">教材页码：P25</div>"	软件工程概述 领会 软件过程模型 13005软件工程
"<div class=""top""><span class=""chip c1"">章节：软件工程概述</span><span class=""chip c2"">领会</span><span class=""chip c3"">软件过程模型</span></div><h1>螺旋模型的特点,按照螺旋模型</h1><div class=""q"">螺旋模型是一种演进式软件过程模型，它结合了原型模型的迭代性质和<span class=""blank"">______</span>的可控性和系统性特点，具有快速开发越来越完善的软件版本的潜力。其特点：1）将软件开发为一系列演进版本，早期迭代中软件可能是理论模型或原型，后来产生一系列逐渐完整的系统版本；2）被分割成一系列由<span class=""blank"">______</span>团队定义的框架活动，每个框架活动代表螺旋上的一个片段，每次演进都要考虑风险并标记里程碑；3）应用在计算机软件的整个生命周期（其他模型交付后即结束），把原型作为降低风险的机制，要求在项目所有阶段始终考虑<span class=""blank"">______</span>；4）是开发大型系统和软件较实用的方法，每一个演进层次上开发者和客户都能更好地理解和应对风险。其不足：很难使客户相信演进方法是可控的，依赖大量风险评估专家，若存在未发现的较大风险就无法进行风险管理。</div>"	"<div class=""top""><span class=""chip c1"">章节：软件工程概述</span><span class=""chip c2"">领会</span><span class=""chip c3"">软件过程模型</span></div><h1>螺旋模型的特点,按照螺旋模型</h1><div class=""a"">螺旋模型是一种演进式软件过程模型，它结合了原型模型的迭代性质和<span class=""hit"">瀑布模型</span>的可控性和系统性特点，具有快速开发越来越完善的软件版本的潜力。其特点：1）将软件开发为一系列演进版本，早期迭代中软件可能是理论模型或原型，后来产生一系列逐渐完整的系统版本；2）被分割成一系列由<span class=""hit"">软件工程</span>团队定义的框架活动，每个框架活动代表螺旋上的一个片段，每次演进都要考虑风险并标记里程碑；3）应用在计算机软件的整个生命周期（其他模型交付后即结束），把原型作为降低风险的机制，要求在项目所有阶段始终考虑<span class=""hit"">技术风险</span>；4）是开发大型系统和软件较实用的方法，每一个演进层次上开发者和客户都能更好地理解和应对风险。其不足：很难使客户相信演进方法是可控的，依赖大量风险评估专家，若存在未发现的较大风险就无法进行风险管理。</div><div class=""ansbox"">挖空答案：<b>瀑布模型；软件工程；技术风险</b></div><div class=""pg"">教材页码：P26</div>"	软件工程概述 领会 软件过程模型 13005软件工程
"<div class=""top""><span class=""chip c1"">章节：软件工程概述</span><span class=""chip c2"">领会</span><span class=""chip c3"">软件过程模型</span></div><h1>进行软件开发的过程统一过程模型,统一过程模型包括的5个工作阶段及每个阶段的</h1><div class=""q""><span class=""blank"">______</span>（UP）尝试从传统<span class=""blank"">______</span>中挖掘最好的特征和性质，以敏捷软件开发中许多最好的原则来实现。它强调与客户沟通及从客户角度用例描述系统并保持一致性的重要性，强调软件<span class=""blank"">______</span>的重要作用，建立了迭代、增量的过程流，提供演进特征。统一过程模型包括5个工作阶段：起始阶段、细化阶段、构建阶段、转换阶段、生产阶段。五个阶段并不是顺序进行，而是阶段性地并发进行。</div>"	"<div class=""top""><span class=""chip c1"">章节：软件工程概述</span><span class=""chip c2"">领会</span><span class=""chip c3"">软件过程模型</span></div><h1>进行软件开发的过程统一过程模型,统一过程模型包括的5个工作阶段及每个阶段的</h1><div class=""a""><span class=""hit"">统一过程</span>（UP）尝试从传统<span class=""hit"">软件过程</span>中挖掘最好的特征和性质，以敏捷软件开发中许多最好的原则来实现。它强调与客户沟通及从客户角度用例描述系统并保持一致性的重要性，强调软件<span class=""hit"">体系结构</span>的重要作用，建立了迭代、增量的过程流，提供演进特征。<span class=""hit"">统一过程</span>模型包括5个工作阶段：起始阶段、细化阶段、构建阶段、转换阶段、生产阶段。五个阶段并不是顺序进行，而是阶段性地并发进行。</div><div class=""ansbox"">挖空答案：<b>统一过程；软件过程；体系结构</b></div><div class=""pg"">教材页码：P28</div>"	软件工程概述 领会 软件过程模型 13005软件工程
"<div class=""top""><span class=""chip c1"">章节：软件工程概述</span><span class=""chip c2"">领会</span><span class=""chip c3"">软件过程模型</span></div><h1>工作内容</h1><div class=""q""><span class=""blank"">______</span>5个工作阶段的工作内容：1）起始阶段：包括客户沟通和策划活动，识别基本业务需求，并用用例初步描述每一类用户所需的主要特征和功能；策划阶段识别各种资源、评估主要风险，并为软件增量制定初步进度计划表。2）细化阶段：包括沟通和通用过程模型的建模活动，扩展起始阶段定义的用例，创建体系结构基线，包括软件的5种模型（用例模型、分析模型、设计模型、实现模型、部署模型），通常要修订项目计划。3）构建阶段：与通用<span class=""blank"">______</span>中的构建活动相同，在源代码中实现软件增量要求的特征和功能，对每个构件设计并实施单元测试，实施构件组装和集成测试，用例导出一组<span class=""blank"">______</span>。4）转换阶段：包括通用构建活动的后期和通用部署（交付和反馈）活动的第一部分，软件提交给最终用户进行Beta测试，用户反馈缺陷和提出必要变更，结束时软件增量成为可用的发布版本。5）生产阶段：与通用过程的部署活动一致，对持续使用的软件进行监控，提供运行环境支持，提交并评估缺陷报告和变更请求。</div>"	"<div class=""top""><span class=""chip c1"">章节：软件工程概述</span><span class=""chip c2"">领会</span><span class=""chip c3"">软件过程模型</span></div><h1>工作内容</h1><div class=""a""><span class=""hit"">统一过程</span>5个工作阶段的工作内容：1）起始阶段：包括客户沟通和策划活动，识别基本业务需求，并用用例初步描述每一类用户所需的主要特征和功能；策划阶段识别各种资源、评估主要风险，并为软件增量制定初步进度计划表。2）细化阶段：包括沟通和通用过程模型的建模活动，扩展起始阶段定义的用例，创建体系结构基线，包括软件的5种模型（用例模型、分析模型、设计模型、实现模型、部署模型），通常要修订项目计划。3）构建阶段：与通用<span class=""hit"">软件过程</span>中的构建活动相同，在源代码中实现软件增量要求的特征和功能，对每个构件设计并实施单元测试，实施构件组装和集成测试，用例导出一组<span class=""hit"">验收测试</span>。4）转换阶段：包括通用构建活动的后期和通用部署（交付和反馈）活动的第一部分，软件提交给最终用户进行Beta测试，用户反馈缺陷和提出必要变更，结束时软件增量成为可用的发布版本。5）生产阶段：与通用过程的部署活动一致，对持续使用的软件进行监控，提供运行环境支持，提交并评估缺陷报告和变更请求。</div><div class=""ansbox"">挖空答案：<b>统一过程；软件过程；验收测试</b></div><div class=""pg"">教材页码：P28</div>"	软件工程概述 领会 软件过程模型 13005软件工程
"<div class=""top""><span class=""chip c1"">章节：软件工程概述</span><span class=""chip c2"">领会</span><span class=""chip c3"">敏捷开发</span></div><h1>敏捷开发的基本思想、过程和工具</h1><div class=""q""><span class=""blank"">______</span>的基本思想：2001年Kent Beck等17位开发者组成的敏捷联盟签署《敏捷宣言》，提出“个人和交互胜过开发过程和工具，可运行的软件胜过大文档，客户合作胜过合同谈判，对变更的良好响应胜过按部就班遵循计划”。它强调可运行软件的快速交付而不看重中间产品，客户在开发过程中始终紧密参与（提供需求及排序、评估<span class=""blank"">______</span>），软件以增量方式开发，预料系统变更并设计系统使之适应变更。敏捷方法适合需求萌动、快速改变的小型或中型软件产品及人员少、<span class=""blank"">______</span>紧密的团队，不适合安全性、可靠性要求极高的大型系统。敏捷联盟定义了12项原则（如尽早持续交付有价值软件、欢迎需求变更、频繁交付、面对面交流、可运行软件是进度首要度量、自组织团队等）。开发过程为增量式交付；工具方面本节介绍Scrum模型和XP模型两种敏捷开发模型。</div>"	"<div class=""top""><span class=""chip c1"">章节：软件工程概述</span><span class=""chip c2"">领会</span><span class=""chip c3"">敏捷开发</span></div><h1>敏捷开发的基本思想、过程和工具</h1><div class=""a""><span class=""hit"">敏捷开发</span>的基本思想：2001年Kent Beck等17位开发者组成的敏捷联盟签署《敏捷宣言》，提出“个人和交互胜过开发过程和工具，可运行的软件胜过大文档，客户合作胜过合同谈判，对变更的良好响应胜过按部就班遵循计划”。它强调可运行软件的快速交付而不看重中间产品，客户在开发过程中始终紧密参与（提供需求及排序、评估<span class=""hit"">迭代</span>），软件以增量方式开发，预料系统变更并设计系统使之适应变更。敏捷方法适合需求萌动、快速改变的小型或中型软件产品及人员少、<span class=""hit"">组织</span>紧密的团队，不适合安全性、可靠性要求极高的大型系统。敏捷联盟定义了12项原则（如尽早持续交付有价值软件、欢迎需求变更、频繁交付、面对面交流、可运行软件是进度首要度量、自<span class=""hit"">组织</span>团队等）。开发过程为增量式交付；工具方面本节介绍Scrum模型和XP模型两种<span class=""hit"">敏捷开发</span>模型。</div><div class=""ansbox"">挖空答案：<b>敏捷开发；迭代；组织</b></div><div class=""pg"">教材页码：P28</div>"	软件工程概述 领会 敏捷开发 13005软件工程
"<div class=""top""><span class=""chip c1"">章节：软件工程概述</span><span class=""chip c2"">领会</span><span class=""chip c3"">敏捷开发</span></div><h1>Scrum模型和XP模型的软件开发过程</h1><div class=""q"">Scrum模型软件开发过程：由需求、分析、设计、演化和交付等框架性活动组成，每个框架活动中工作任务在相对较短的时间盒内完成，称为一个冲刺（每个周期2~4周）。流程为：产品待定项（按优先级排序的客户所需产品特征）→冲刺规划会议选择冲刺待定项→每日Scrum会议同步活动→冲刺结束时进行冲刺评审演示增量→冲刺回顾改进。XP模型软件开发过程：使用面向对象方法作为开发范型，包括策划、设计、编码、测试4个框架活动。策划阶段通过倾听创建<span class=""blank"">______</span>并按权值排序；设计遵循保持简洁原则、使用CRC卡、持续重构；编码阶段先写单元测试、<span class=""blank"">______</span>、持续集成；测试阶段进行自动化单元测试和<span class=""blank"">______</span>。</div>"	"<div class=""top""><span class=""chip c1"">章节：软件工程概述</span><span class=""chip c2"">领会</span><span class=""chip c3"">敏捷开发</span></div><h1>Scrum模型和XP模型的软件开发过程</h1><div class=""a"">Scrum模型软件开发过程：由需求、分析、设计、演化和交付等框架性活动组成，每个框架活动中工作任务在相对较短的时间盒内完成，称为一个冲刺（每个周期2~4周）。流程为：产品待定项（按优先级排序的客户所需产品特征）→冲刺规划会议选择冲刺待定项→每日Scrum会议同步活动→冲刺结束时进行冲刺评审演示增量→冲刺回顾改进。XP模型软件开发过程：使用面向对象方法作为开发范型，包括策划、设计、编码、测试4个框架活动。策划阶段通过倾听创建<span class=""hit"">用户故事</span>并按权值排序；设计遵循保持简洁原则、使用CRC卡、持续重构；编码阶段先写单元测试、<span class=""hit"">结对编程</span>、持续集成；测试阶段进行自动化单元测试和<span class=""hit"">验收测试</span>。</div><div class=""ansbox"">挖空答案：<b>用户故事；结对编程；验收测试</b></div><div class=""pg"">教材页码：P29</div>"	软件工程概述 领会 敏捷开发 13005软件工程
"<div class=""top""><span class=""chip c1"">章节：软件工程概述</span><span class=""chip c2"">领会</span><span class=""chip c3"">敏捷开发</span></div><h1>Scrum模型的团队、冲刺会议</h1><div class=""q"">Scrum团队：是一个自<span class=""blank"">______</span>的跨领域团队，由产品负责人、ScrumMaster和一个由3~6人组成的小型开发团队组成；Scrum开发的主要产品是产品待定项、<span class=""blank"">______</span>待定项和代码增量，每个冲刺周期为2~4周。冲刺会议包括：1）冲刺规划会议：开始每个冲刺前，产品负责人提出开发目标，ScrumMaster和开发团队从冲刺待定项中选择具体<span class=""blank"">______</span>，确定时间盒内可交付哪些内容以及需做的工作；2）每日Scrum会议：每个工作日开始的15min例会，成员同步活动并制定未来24h计划，每人回答3个问题——自上次例会后做了什么、遇到什么困难、下次例会前计划做什么，由ScrumMaster主持；3）冲刺评审会议：冲刺结束时召开，演示冲刺期间完成的软件增量，产品负责人决定是否接受该增量；4）冲刺回顾：针对4周冲刺的3h会议，讨论哪些方面进展顺利、哪些需改进、下一个冲刺致力于哪些改进。</div>"	"<div class=""top""><span class=""chip c1"">章节：软件工程概述</span><span class=""chip c2"">领会</span><span class=""chip c3"">敏捷开发</span></div><h1>Scrum模型的团队、冲刺会议</h1><div class=""a"">Scrum团队：是一个自<span class=""hit"">组织</span>的跨领域团队，由产品负责人、ScrumMaster和一个由3~6人组成的小型开发团队组成；Scrum开发的主要产品是产品待定项、<span class=""hit"">冲刺</span>待定项和代码增量，每个<span class=""hit"">冲刺</span>周期为2~4周。<span class=""hit"">冲刺</span>会议包括：1）<span class=""hit"">冲刺</span>规划会议：开始每个<span class=""hit"">冲刺</span>前，产品负责人提出开发目标，ScrumMaster和开发团队从<span class=""hit"">冲刺</span>待定项中选择具体<span class=""hit"">项目</span>，确定时间盒内可交付哪些内容以及需做的工作；2）每日Scrum会议：每个工作日开始的15min例会，成员同步活动并制定未来24h计划，每人回答3个问题——自上次例会后做了什么、遇到什么困难、下次例会前计划做什么，由ScrumMaster主持；3）<span class=""hit"">冲刺</span>评审会议：<span class=""hit"">冲刺</span>结束时召开，演示<span class=""hit"">冲刺</span>期间完成的软件增量，产品负责人决定是否接受该增量；4）<span class=""hit"">冲刺</span>回顾：针对4周<span class=""hit"">冲刺</span>的3h会议，讨论哪些方面进展顺利、哪些需改进、下一个<span class=""hit"">冲刺</span>致力于哪些改进。</div><div class=""ansbox"">挖空答案：<b>组织；冲刺；项目</b></div><div class=""pg"">教材页码：P29</div>"	软件工程概述 领会 敏捷开发 13005软件工程
"<div class=""top""><span class=""chip c1"">章节：软件工程概述</span><span class=""chip c2"">领会</span><span class=""chip c3"">敏捷开发</span></div><h1>XP模型的关键任务</h1><div class=""q"">XP模型（极限编程）使用面向对象方法，包括策划、设计、编码、测试4个框架活动的关键任务：1）策划：从需求搜集开始，通过倾听创建一系列“<span class=""blank"">______</span>”（写在索引卡上，用户按业务价值标明权值/优先级），团队按开发周数评估成本，成本超过3周的请用户细分；按三种方式之一排序故事（所有故事尽快实现/最高权值故事优先/高风险故事优先）；计算项目速度（首版实现的用户故事个数）以安排后续发布。2）设计：严格遵循保持简洁（<span class=""blank"">______</span>）原则，不鼓励额外功能性设计；鼓励使用CRC卡（类-职责-协作者）组织面向对象类；遇到困难立即建立可执行原型；通过重构持续进行设计。3）编码：先开发一系列单元测试检验本次发布的所有故事，编码完成后立即运行单元测试获得即时反馈；采用结对编程（两人面对同一台电脑共同开发）和持续集成策略。4）测试：用可自动实施的框架进行单元测试，支持代码修改后的回归测试；<span class=""blank"">______</span>（用户测试）由用户规定技术条件，着眼用户可见、可评审的系统级特征功能，根据本次发布所实现的用户故事确定。</div>"	"<div class=""top""><span class=""chip c1"">章节：软件工程概述</span><span class=""chip c2"">领会</span><span class=""chip c3"">敏捷开发</span></div><h1>XP模型的关键任务</h1><div class=""a"">XP模型（极限编程）使用面向对象方法，包括策划、设计、编码、测试4个框架活动的关键任务：1）策划：从需求搜集开始，通过倾听创建一系列“<span class=""hit"">用户故事</span>”（写在索引卡上，用户按业务价值标明权值/优先级），团队按开发周数评估成本，成本超过3周的请用户细分；按三种方式之一排序故事（所有故事尽快实现/最高权值故事优先/高风险故事优先）；计算项目速度（首版实现的<span class=""hit"">用户故事</span>个数）以安排后续发布。2）设计：严格遵循保持简洁（<span class=""hit"">KISS</span>）原则，不鼓励额外功能性设计；鼓励使用CRC卡（类-职责-协作者）组织面向对象类；遇到困难立即建立可执行原型；通过重构持续进行设计。3）编码：先开发一系列单元测试检验本次发布的所有故事，编码完成后立即运行单元测试获得即时反馈；采用结对编程（两人面对同一台电脑共同开发）和持续集成策略。4）测试：用可自动实施的框架进行单元测试，支持代码修改后的回归测试；<span class=""hit"">验收测试</span>（用户测试）由用户规定技术条件，着眼用户可见、可评审的系统级特征功能，根据本次发布所实现的<span class=""hit"">用户故事</span>确定。</div><div class=""ansbox"">挖空答案：<b>用户故事；KISS；验收测试</b></div><div class=""pg"">教材页码：P31</div>"	软件工程概述 领会 敏捷开发 13005软件工程
"<div class=""top""><span class=""chip c1"">章节：软件工程概述</span><span class=""chip c2"">本章重点</span></div><h1>软件工程的定义</h1><div class=""q"">本章重点之一：软件工程的定义。软件工程是从管理和技术两方面研究如何更好地开发和维护计算机软件的一门学科，其基本思想是按工程化的原则和方法<span class=""blank"">______</span>软件开发。同时还应掌握软件的含义、<span class=""blank"">______</span>以及<span class=""blank"">______</span>的含义等基本概念。</div>"	"<div class=""top""><span class=""chip c1"">章节：软件工程概述</span><span class=""chip c2"">本章重点</span></div><h1>软件工程的定义</h1><div class=""a"">本章重点之一：软件工程的定义。软件工程是从管理和技术两方面研究如何更好地开发和维护计算机软件的一门学科，其基本思想是按工程化的原则和方法<span class=""hit"">组织</span>软件开发。同时还应掌握软件的含义、<span class=""hit"">软件的特点</span>以及<span class=""hit"">软件过程</span>的含义等基本概念。</div><div class=""ansbox"">挖空答案：<b>组织；软件的特点；软件过程</b></div><div class=""pg"">教材页码：P22</div>"	软件工程概述 本章重点 13005软件工程
"<div class=""top""><span class=""chip c1"">章节：软件工程概述</span><span class=""chip c2"">本章重点</span></div><h1>软件工程要解决的问题及各种软件过程模型</h1><div class=""q"">本章重点：<span class=""blank"">______</span>要解决的问题（软件危机——软件开发缺乏计划性、软件需求不充分、缺乏软件开发过程规范、成本和进度难以控制、没有评测软件产品质量的标准和方法、软件难以维护）及各种软件过程模型（<span class=""blank"">______</span>、原型模型、螺旋模型、<span class=""blank"">______</span>模型、敏捷开发模型），需理解每种模型适合的软件系统及主要工作步骤。</div>"	"<div class=""top""><span class=""chip c1"">章节：软件工程概述</span><span class=""chip c2"">本章重点</span></div><h1>软件工程要解决的问题及各种软件过程模型</h1><div class=""a"">本章重点：<span class=""hit"">软件工程</span>要解决的问题（软件危机——软件开发缺乏计划性、软件需求不充分、缺乏软件开发过程规范、成本和进度难以控制、没有评测软件产品质量的标准和方法、软件难以维护）及各种软件过程模型（<span class=""hit"">瀑布模型</span>、原型模型、螺旋模型、<span class=""hit"">统一过程</span>模型、敏捷开发模型），需理解每种模型适合的软件系统及主要工作步骤。</div><div class=""ansbox"">挖空答案：<b>软件工程；瀑布模型；统一过程</b></div><div class=""pg"">教材页码：P22</div>"	软件工程概述 本章重点 13005软件工程
"<div class=""top""><span class=""chip c1"">章节：软件工程概述</span><span class=""chip c2"">本章难点</span></div><h1>敏捷开发的应用</h1><div class=""q"">本章难点：敏捷开发的应用。敏捷开发适合需求萌动、快速改变的小型或中型软件产品以及人员较少、<span class=""blank"">______</span>紧密结合的团队，不太适合安全性、可靠性要求极高的大型系统；使用时需注意许多敏捷方法非正式、增量式地收集需求而未建立有条理的<span class=""blank"">______</span>文档，可能使随后的系统维护更难、更昂贵。应用中应根据项目<span class=""blank"">______</span>选择Scrum或XP等模型，遵循《敏捷宣言》的价值取向和12项原则。</div>"	"<div class=""top""><span class=""chip c1"">章节：软件工程概述</span><span class=""chip c2"">本章难点</span></div><h1>敏捷开发的应用</h1><div class=""a"">本章难点：敏捷开发的应用。敏捷开发适合需求萌动、快速改变的小型或中型软件产品以及人员较少、<span class=""hit"">组织</span>紧密结合的团队，不太适合安全性、可靠性要求极高的大型系统；使用时需注意许多敏捷方法非正式、增量式地收集需求而未建立有条理的<span class=""hit"">需求分析</span>文档，可能使随后的系统维护更难、更昂贵。应用中应根据项目<span class=""hit"">特点</span>选择Scrum或XP等模型，遵循《敏捷宣言》的价值取向和12项原则。</div><div class=""ansbox"">挖空答案：<b>组织；需求分析；特点</b></div><div class=""pg"">教材页码：P29</div>"	软件工程概述 本章难点 13005软件工程
"<div class=""top""><span class=""chip c1"">章节：结构化软件开发方法</span><span class=""chip c2"">识记</span><span class=""chip c3"">软件需求分析</span></div><h1>需求分析的任务</h1><div class=""q"">需求分析的任务在于弄清<span class=""blank"">______</span>对软件系统的确切要求，并用<span class=""blank"">______</span>的形式表达出来。其主要<span class=""blank"">______</span>是建立目标系统的正确逻辑模型，并写出完整的需求规格说明书。</div>"	"<div class=""top""><span class=""chip c1"">章节：结构化软件开发方法</span><span class=""chip c2"">识记</span><span class=""chip c3"">软件需求分析</span></div><h1>需求分析的任务</h1><div class=""a"">需求分析的任务在于弄清<span class=""hit"">用户</span>对软件系统的确切要求，并用<span class=""hit"">需求规格说明书</span>的形式表达出来。其主要<span class=""hit"">工作内容</span>是建立目标系统的正确逻辑模型，并写出完整的<span class=""hit"">需求规格说明书</span>。</div><div class=""ansbox"">挖空答案：<b>用户；需求规格说明书；工作内容</b></div><div class=""pg"">教材页码：P35</div>"	结构化软件开发方法 识记 软件需求分析 13005软件工程
"<div class=""top""><span class=""chip c1"">章节：结构化软件开发方法</span><span class=""chip c2"">识记</span><span class=""chip c3"">软件需求分析</span></div><h1>需求分析应遵循的原则</h1><div class=""q"">需求分析应遵循的原则：1）“<span class=""blank"">______</span>”应具有准确性和一致性，它是连接计划时期与开发时期的桥梁、软件设计的依据；2）“<span class=""blank"">______</span>”应清晰、准确且没有二义性，它是沟通<span class=""blank"">______</span>和系统分析员思想的媒介，双方需对要解决的问题有共同理解。</div>"	"<div class=""top""><span class=""chip c1"">章节：结构化软件开发方法</span><span class=""chip c2"">识记</span><span class=""chip c3"">软件需求分析</span></div><h1>需求分析应遵循的原则</h1><div class=""a"">需求分析应遵循的原则：1）“<span class=""hit"">需求说明</span>”应具有准确性和一致性，它是连接计划时期与开发时期的桥梁、软件设计的依据；2）“<span class=""hit"">需求说明</span>”应清晰、准确且没有二义性，它是沟通<span class=""hit"">用户</span>和系统分析员思想的媒介，双方需对要解决的问题有共同理解。</div><div class=""ansbox"">挖空答案：<b>需求说明；需求说明；用户</b></div><div class=""pg"">教材页码：P36</div>"	结构化软件开发方法 识记 软件需求分析 13005软件工程
"<div class=""top""><span class=""chip c1"">章节：结构化软件开发方法</span><span class=""chip c2"">识记</span><span class=""chip c3"">软件需求分析</span></div><h1>需求分析的5个步骤</h1><div class=""q""><span class=""blank"">______</span>的5个步骤：1）通过对现实环境的调查研究，获得当前系统的具体<span class=""blank"">______</span>；2）去掉具体模型中的非本质因素，抽象出当前系统的逻辑模型；3）分析当前系统与目标系统的差别，建立目标系统的逻辑模型；4）对目标系统进行完善和补充，写出完整的需求说明（确定人机界面、补充未考虑的细节）；5）对需求说明进行复审，直到文档齐全且符合<span class=""blank"">______</span>全部需求为止。</div>"	"<div class=""top""><span class=""chip c1"">章节：结构化软件开发方法</span><span class=""chip c2"">识记</span><span class=""chip c3"">软件需求分析</span></div><h1>需求分析的5个步骤</h1><div class=""a""><span class=""hit"">需求分析</span>的5个步骤：1）通过对现实环境的调查研究，获得当前系统的具体<span class=""hit"">模型</span>；2）去掉具体<span class=""hit"">模型</span>中的非本质因素，抽象出当前系统的逻辑<span class=""hit"">模型</span>；3）分析当前系统与目标系统的差别，建立目标系统的逻辑<span class=""hit"">模型</span>；4）对目标系统进行完善和补充，写出完整的需求说明（确定人机界面、补充未考虑的细节）；5）对需求说明进行复审，直到文档齐全且符合<span class=""hit"">用户</span>全部需求为止。</div><div class=""ansbox"">挖空答案：<b>需求分析；模型；用户</b></div><div class=""pg"">教材页码：P36</div>"	结构化软件开发方法 识记 软件需求分析 13005软件工程
"<div class=""top""><span class=""chip c1"">章节：结构化软件开发方法</span><span class=""chip c2"">识记</span><span class=""chip c3"">软件需求分析</span></div><h1>数据流图的符号</h1><div class=""q""><span class=""blank"">______</span>由4种符号组成：○代表加工（变换）；→代表数据流向；□代表数据的源点和<span class=""blank"">______</span>；═（双杠）表示数据文件或其他<span class=""blank"">______</span>。每个图形符号都必须标上名字，加工还应加上编号以便识别。</div>"	"<div class=""top""><span class=""chip c1"">章节：结构化软件开发方法</span><span class=""chip c2"">识记</span><span class=""chip c3"">软件需求分析</span></div><h1>数据流图的符号</h1><div class=""a""><span class=""hit"">数据流图</span>由4种符号组成：○代表加工（变换）；→代表数据流向；□代表数据的源点和<span class=""hit"">终点</span>；═（双杠）表示数据文件或其他<span class=""hit"">数据存储</span>。每个图形符号都必须标上名字，加工还应加上编号以便识别。</div><div class=""ansbox"">挖空答案：<b>数据流图；终点；数据存储</b></div><div class=""pg"">教材页码：P37</div>"	结构化软件开发方法 识记 软件需求分析 13005软件工程
"<div class=""top""><span class=""chip c1"">章节：结构化软件开发方法</span><span class=""chip c2"">识记</span><span class=""chip c3"">软件需求分析</span></div><h1>数据字典使用的符号</h1><div class=""q"">数据字典使用的符号：=（等于、<span class=""blank"">______</span>为）；+（加）；[]（选择符，对其中列举的值任取其一）；{}（重复符，其中<span class=""blank"">______</span>可视需要重复使用）；()（可选符，内容可由<span class=""blank"">______</span>员决定取舍）；**（注释符，两星号之间为注释）；用标在花括号前后的数字表示重复次数的上下限。</div>"	"<div class=""top""><span class=""chip c1"">章节：结构化软件开发方法</span><span class=""chip c2"">识记</span><span class=""chip c3"">软件需求分析</span></div><h1>数据字典使用的符号</h1><div class=""a"">数据字典使用的符号：=（等于、<span class=""hit"">定义</span>为）；+（加）；[]（选择符，对其中列举的值任取其一）；{}（重复符，其中<span class=""hit"">内容</span>可视需要重复使用）；()（可选符，<span class=""hit"">内容</span>可由<span class=""hit"">设计</span>员决定取舍）；**（注释符，两星号之间为注释）；用标在花括号前后的数字表示重复次数的上下限。</div><div class=""ansbox"">挖空答案：<b>定义；内容；设计</b></div><div class=""pg"">教材页码：P38</div>"	结构化软件开发方法 识记 软件需求分析 13005软件工程
"<div class=""top""><span class=""chip c1"">章节：结构化软件开发方法</span><span class=""chip c2"">识记</span><span class=""chip c3"">软件需求分析</span></div><h1>结构化分析的定义</h1><div class=""q""><span class=""blank"">______</span>（SA）是20世纪70年代中期由Yourdon等人倡导的面向数据流的分析方法。其定义为：使用数据流图、<span class=""blank"">______</span>、结构化英语（结构化语言）、判定表和判定树等工具，来建立一种新的、称为结构化说明书的目标文档（即软件<span class=""blank"">______</span>）。</div>"	"<div class=""top""><span class=""chip c1"">章节：结构化软件开发方法</span><span class=""chip c2"">识记</span><span class=""chip c3"">软件需求分析</span></div><h1>结构化分析的定义</h1><div class=""a""><span class=""hit"">结构化分析</span>（SA）是20世纪70年代中期由Yourdon等人倡导的面向数据流的分析方法。其定义为：使用数据流图、<span class=""hit"">数据结构图</span>、结构化英语（结构化语言）、判定表和判定树等工具，来建立一种新的、称为结构化说明书的目标文档（即软件<span class=""hit"">需求规格说明书</span>）。</div><div class=""ansbox"">挖空答案：<b>结构化分析；数据结构图；需求规格说明书</b></div><div class=""pg"">教材页码：P43</div>"	结构化软件开发方法 识记 软件需求分析 13005软件工程
"<div class=""top""><span class=""chip c1"">章节：结构化软件开发方法</span><span class=""chip c2"">领会</span><span class=""chip c3"">软件需求分析</span></div><h1>需求规格说明书的主要内容</h1><div class=""q""><span class=""blank"">______</span>（SRS）主要内容：1）引言：叙述问题定义阶段确定的软件目标与范围；2）数据描述：数据流图（DFD，表达目标系统的逻辑模型）和数据字典（DD，汇集系统中使用的一切数据的定义）；3）功能描述：对软件功能要求的说明；4）性能描述：处理速度、响应时间、安全限制等；5）<span class=""blank"">______</span>：交付前需进行的功能测试和<span class=""blank"">______</span>，以及源程序和文档应遵守的标准。</div>"	"<div class=""top""><span class=""chip c1"">章节：结构化软件开发方法</span><span class=""chip c2"">领会</span><span class=""chip c3"">软件需求分析</span></div><h1>需求规格说明书的主要内容</h1><div class=""a""><span class=""hit"">需求规格说明书</span>（SRS）主要内容：1）引言：叙述问题定义阶段确定的软件目标与范围；2）数据描述：数据流图（DFD，表达目标系统的逻辑模型）和数据字典（DD，汇集系统中使用的一切数据的定义）；3）功能描述：对软件功能要求的说明；4）性能描述：处理速度、响应时间、安全限制等；5）<span class=""hit"">质量保证</span>：交付前需进行的功能测试和<span class=""hit"">性能测试</span>，以及源程序和文档应遵守的标准。</div><div class=""ansbox"">挖空答案：<b>需求规格说明书；质量保证；性能测试</b></div><div class=""pg"">教材页码：P37</div>"	结构化软件开发方法 领会 软件需求分析 13005软件工程
"<div class=""top""><span class=""chip c1"">章节：结构化软件开发方法</span><span class=""chip c2"">领会</span><span class=""chip c3"">软件需求分析</span></div><h1>数据流图、数据字典、分层数据流图</h1><div class=""q""><span class=""blank"">______</span>（DFD）用来表达系统（目标系统）的逻辑模型，用加工、数据流、源点和终点、<span class=""blank"">______</span>四种符号表示数据在系统中的流动；<span class=""blank"">______</span>（DD）汇集系统中使用的一切数据的定义，对DFD中每个数据规定定义条目以保持数据一致性；分层数据流图从把整个系统看成一个加工的基本模型开始逐层分解，每次分解使加工增多、功能更具体，直到加工足够简单为止，具有便于实现、便于使用的优点，并遵循父图与子图平衡、区分局部文件与外部项、控制分解速度、加工编号四项原则。</div>"	"<div class=""top""><span class=""chip c1"">章节：结构化软件开发方法</span><span class=""chip c2"">领会</span><span class=""chip c3"">软件需求分析</span></div><h1>数据流图、数据字典、分层数据流图</h1><div class=""a""><span class=""hit"">数据流图</span>（DFD）用来表达系统（目标系统）的逻辑模型，用加工、数据流、源点和终点、<span class=""hit"">数据存储</span>四种符号表示数据在系统中的流动；<span class=""hit"">数据字典</span>（DD）汇集系统中使用的一切数据的定义，对DFD中每个数据规定定义条目以保持数据一致性；分层<span class=""hit"">数据流图</span>从把整个系统看成一个加工的基本模型开始逐层分解，每次分解使加工增多、功能更具体，直到加工足够简单为止，具有便于实现、便于使用的优点，并遵循父图与子图平衡、区分局部文件与外部项、控制分解速度、加工编号四项原则。</div><div class=""ansbox"">挖空答案：<b>数据流图；数据存储；数据字典</b></div><div class=""pg"">教材页码：P43</div>"	结构化软件开发方法 领会 软件需求分析 13005软件工程
"<div class=""top""><span class=""chip c1"">章节：结构化软件开发方法</span><span class=""chip c2"">简单应用</span><span class=""chip c3"">软件需求分析</span></div><h1>数据流图的作用及画法</h1><div class=""q""><span class=""blank"">______</span>的作用：用来表达系统（目标系统）的逻辑模型，是<span class=""blank"">______</span>的主要工具。画法：用○表示加工、→表示数据流向、□表示源点和终点、═表示数据文件（<span class=""blank"">______</span>），每个符号都要标名字、加工要加编号。其性质：箭头仅表示在系统中流动的数据；不能表示程序的控制结构；表现范围具有很大的灵活性。</div>"	"<div class=""top""><span class=""chip c1"">章节：结构化软件开发方法</span><span class=""chip c2"">简单应用</span><span class=""chip c3"">软件需求分析</span></div><h1>数据流图的作用及画法</h1><div class=""a""><span class=""hit"">数据流图</span>的作用：用来表达系统（目标系统）的逻辑模型，是<span class=""hit"">需求分析</span>的主要工具。画法：用○表示加工、→表示数据流向、□表示源点和终点、═表示数据文件（<span class=""hit"">数据存储</span>），每个符号都要标名字、加工要加编号。其性质：箭头仅表示在系统中流动的数据；不能表示程序的控制结构；表现范围具有很大的灵活性。</div><div class=""ansbox"">挖空答案：<b>数据流图；需求分析；数据存储</b></div><div class=""pg"">教材页码：P37</div>"	结构化软件开发方法 简单应用 软件需求分析 13005软件工程
"<div class=""top""><span class=""chip c1"">章节：结构化软件开发方法</span><span class=""chip c2"">简单应用</span><span class=""chip c3"">软件需求分析</span></div><h1>数据字典的作用、对不同类型数据的描述方法</h1><div class=""q""><span class=""blank"">______</span>的作用：对<span class=""blank"">______</span>中的每个数据规定一个定义条目，以保持数据在系统中的一致性。对不同类型数据的描述方法：①数据项：描述名称、别名、取值及取值含义、备注；②数据流：描述名称、别名、组成、备注，详细还包括产生数据流的原因和结果、来源、去向、数据量与流通量；③数据文件：描述文件名、别名、组成、<span class=""blank"">______</span>（记录按什么规则组合成文件）、备注，还可包括存放内容、输入输出数据、存储方式、存取频率等。</div>"	"<div class=""top""><span class=""chip c1"">章节：结构化软件开发方法</span><span class=""chip c2"">简单应用</span><span class=""chip c3"">软件需求分析</span></div><h1>数据字典的作用、对不同类型数据的描述方法</h1><div class=""a""><span class=""hit"">数据字典</span>的作用：对<span class=""hit"">数据流图</span>中的每个数据规定一个定义条目，以保持数据在系统中的一致性。对不同类型数据的描述方法：①数据项：描述名称、别名、取值及取值含义、备注；②数据流：描述名称、别名、组成、备注，详细还包括产生数据流的原因和结果、来源、去向、数据量与流通量；③数据文件：描述文件名、别名、组成、<span class=""hit"">组织</span>（记录按什么规则组合成文件）、备注，还可包括存放内容、输入输出数据、存储方式、存取频率等。</div><div class=""ansbox"">挖空答案：<b>数据字典；数据流图；组织</b></div><div class=""pg"">教材页码：P38</div>"	结构化软件开发方法 简单应用 软件需求分析 13005软件工程
"<div class=""top""><span class=""chip c1"">章节：结构化软件开发方法</span><span class=""chip c2"">简单应用</span><span class=""chip c3"">软件需求分析</span></div><h1>结构化语言、判定表、判定树</h1><div class=""q"">三者都是描述加工逻辑的工具：<span class=""blank"">______</span>是自然语言加上结构化的形式，介于自然语言与程序设计语言之间，借用顺序、选择、循环等控制结构描述加工（动词含义明确、名词用字典中定义、分层缩进）；<span class=""blank"">______</span>用表格化形式表达含有复杂判断（多分支）的加工逻辑，由条件、条件项、操作茬、操作项四部分组成；<span class=""blank"">______</span>是判定表的图形表示，运用场合与判定表相同，可按用户习惯选用；结构化语言和判定表还可结合使用。</div>"	"<div class=""top""><span class=""chip c1"">章节：结构化软件开发方法</span><span class=""chip c2"">简单应用</span><span class=""chip c3"">软件需求分析</span></div><h1>结构化语言、判定表、判定树</h1><div class=""a"">三者都是描述加工逻辑的工具：<span class=""hit"">结构化语言</span>是自然语言加上结构化的形式，介于自然语言与程序设计语言之间，借用顺序、选择、循环等控制结构描述加工（动词含义明确、名词用字典中定义、分层缩进）；<span class=""hit"">判定表</span>用表格化形式表达含有复杂判断（多分支）的加工逻辑，由条件、条件项、操作茬、操作项四部分组成；<span class=""hit"">判定树</span>是<span class=""hit"">判定表</span>的图形表示，运用场合与<span class=""hit"">判定表</span>相同，可按用户习惯选用；<span class=""hit"">结构化语言</span>和<span class=""hit"">判定表</span>还可结合使用。</div><div class=""ansbox"">挖空答案：<b>结构化语言；判定表；判定树</b></div><div class=""pg"">教材页码：P40</div>"	结构化软件开发方法 简单应用 软件需求分析 13005软件工程
"<div class=""top""><span class=""chip c1"">章节：结构化软件开发方法</span><span class=""chip c2"">综合应用</span><span class=""chip c3"">软件需求分析</span></div><h1>进行结构化分析</h1><div class=""q"">进行结构化分析（以教材购销系统为例）：先概述系统需求，再画分层数据流图（<span class=""blank"">______</span>→分为销售、采购两个子系统画第二层图→画出各子系统的详细数据流图），然后确定系统中的数据定义与加工策略，完成<span class=""blank"">______</span>和加工说明文档。即<span class=""blank"">______</span>、逐层分解地建立目标系统逻辑模型并将其文档化。</div>"	"<div class=""top""><span class=""chip c1"">章节：结构化软件开发方法</span><span class=""chip c2"">综合应用</span><span class=""chip c3"">软件需求分析</span></div><h1>进行结构化分析</h1><div class=""a"">进行结构化分析（以教材购销系统为例）：先概述系统需求，再画分层数据流图（<span class=""hit"">顶层图</span>→分为销售、采购两个子系统画第二层图→画出各子系统的详细数据流图），然后确定系统中的数据定义与加工策略，完成<span class=""hit"">数据字典</span>和加工说明文档。即<span class=""hit"">自顶向下</span>、逐层分解地建立目标系统逻辑模型并将其文档化。</div><div class=""ansbox"">挖空答案：<b>顶层图；数据字典；自顶向下</b></div><div class=""pg"">教材页码：P44</div>"	结构化软件开发方法 综合应用 软件需求分析 13005软件工程
"<div class=""top""><span class=""chip c1"">章节：结构化软件开发方法</span><span class=""chip c2"">综合应用</span><span class=""chip c3"">软件需求分析</span></div><h1>画数据流图</h1><div class=""q"">画数据流图（分层）：从把整个系统看成一个加工的顶层数据流图开始；将系统分解为若干<span class=""blank"">______</span>画出第二层图；再画出各子系统的详细数据流图，逐次细化。画图应遵循四项原则：<span class=""blank"">______</span>与子图保持平衡（输入、输出数据分别一致）、区分局部文件和局部外部项、<span class=""blank"">______</span>好分解速度、遵守加工编号规则。</div>"	"<div class=""top""><span class=""chip c1"">章节：结构化软件开发方法</span><span class=""chip c2"">综合应用</span><span class=""chip c3"">软件需求分析</span></div><h1>画数据流图</h1><div class=""a"">画数据流图（分层）：从把整个系统看成一个加工的顶层数据流图开始；将系统分解为若干<span class=""hit"">子系统</span>画出第二层图；再画出各<span class=""hit"">子系统</span>的详细数据流图，逐次细化。画图应遵循四项原则：<span class=""hit"">父图</span>与子图保持平衡（输入、输出数据分别一致）、区分局部文件和局部外部项、<span class=""hit"">控制</span>好分解速度、遵守加工编号规则。</div><div class=""ansbox"">挖空答案：<b>子系统；父图；控制</b></div><div class=""pg"">教材页码：P44</div>"	结构化软件开发方法 综合应用 软件需求分析 13005软件工程
"<div class=""top""><span class=""chip c1"">章节：结构化软件开发方法</span><span class=""chip c2"">综合应用</span><span class=""chip c3"">软件需求分析</span></div><h1>对分层数据流图中的数据和加工进行说明</h1><div class=""q"">对分层数据流图中的数据和加工进行说明：确定系统中的数据定义，建立<span class=""blank"">______</span>（对数据项、数据流、数据文件分别给出名称、组成、取值、组织等定义）；确定加工策略，编写加工说明（用<span class=""blank"">______</span>、<span class=""blank"">______</span>或判定树描述每个加工的输入数据、加工逻辑和输出数据），完成数据字典和加工说明文档。</div>"	"<div class=""top""><span class=""chip c1"">章节：结构化软件开发方法</span><span class=""chip c2"">综合应用</span><span class=""chip c3"">软件需求分析</span></div><h1>对分层数据流图中的数据和加工进行说明</h1><div class=""a"">对分层数据流图中的数据和加工进行说明：确定系统中的数据定义，建立<span class=""hit"">数据字典</span>（对数据项、数据流、数据文件分别给出名称、组成、取值、组织等定义）；确定加工策略，编写加工说明（用<span class=""hit"">结构化语言</span>、<span class=""hit"">判定表</span>或判定树描述每个加工的输入数据、加工逻辑和输出数据），完成<span class=""hit"">数据字典</span>和加工说明文档。</div><div class=""ansbox"">挖空答案：<b>数据字典；结构化语言；判定表</b></div><div class=""pg"">教材页码：P44</div>"	结构化软件开发方法 综合应用 软件需求分析 13005软件工程
"<div class=""top""><span class=""chip c1"">章节：结构化软件开发方法</span><span class=""chip c2"">识记</span><span class=""chip c3"">软件设计</span></div><h1>软件设计的基本步骤</h1><div class=""q"">软件设计从工作顺序和管理上分为概要设计和<span class=""blank"">______</span>两个阶段：在概要设计阶段将<span class=""blank"">______</span>转化为数据结构和软件的<span class=""blank"">______</span>；在详细设计阶段通过对结构表示进行细化，得到软件的详细数据结构和算法。</div>"	"<div class=""top""><span class=""chip c1"">章节：结构化软件开发方法</span><span class=""chip c2"">识记</span><span class=""chip c3"">软件设计</span></div><h1>软件设计的基本步骤</h1><div class=""a"">软件设计从工作顺序和管理上分为概要设计和<span class=""hit"">详细设计</span>两个阶段：在概要设计阶段将<span class=""hit"">软件需求</span>转化为数据结构和软件的<span class=""hit"">体系结构</span>；在<span class=""hit"">详细设计</span>阶段通过对结构表示进行细化，得到软件的详细数据结构和算法。</div><div class=""ansbox"">挖空答案：<b>详细设计；软件需求；体系结构</b></div><div class=""pg"">教材页码：P46</div>"	结构化软件开发方法 识记 软件设计 13005软件工程
"<div class=""top""><span class=""chip c1"">章节：结构化软件开发方法</span><span class=""chip c2"">识记</span><span class=""chip c3"">软件设计</span></div><h1>软件设计的任务</h1><div class=""q"">软件设计是一个把软件需求转化成软件表示的过程。从技术内容上划分，软件设计的任务包括<span class=""blank"">______</span>、<span class=""blank"">______</span>和<span class=""blank"">______</span>。</div>"	"<div class=""top""><span class=""chip c1"">章节：结构化软件开发方法</span><span class=""chip c2"">识记</span><span class=""chip c3"">软件设计</span></div><h1>软件设计的任务</h1><div class=""a"">软件设计是一个把软件需求转化成软件表示的过程。从技术内容上划分，软件设计的任务包括<span class=""hit"">数据设计</span>、<span class=""hit"">体系结构设计</span>和<span class=""hit"">过程设计</span>。</div><div class=""ansbox"">挖空答案：<b>数据设计；体系结构设计；过程设计</b></div><div class=""pg"">教材页码：P46</div>"	结构化软件开发方法 识记 软件设计 13005软件工程
"<div class=""top""><span class=""chip c1"">章节：结构化软件开发方法</span><span class=""chip c2"">识记</span><span class=""chip c3"">软件设计</span></div><h1>概要设计阶段的工作内容</h1><div class=""q"">概要设计阶段的工作内容：1）制定规范；2）软件<span class=""blank"">______</span>的<span class=""blank"">______</span>；3）处理方式设计；4）数据结构设计；5）可靠性设计；6）编写概要设计阶段的文档；7）概要设计评审（针对可追溯性、模块接口、实现风险、实用性、技术清晰度、<span class=""blank"">______</span>、质量等方面进行）。</div>"	"<div class=""top""><span class=""chip c1"">章节：结构化软件开发方法</span><span class=""chip c2"">识记</span><span class=""chip c3"">软件设计</span></div><h1>概要设计阶段的工作内容</h1><div class=""a"">概要设计阶段的工作内容：1）制定规范；2）软件<span class=""hit"">体系结构</span>的<span class=""hit"">总体设计</span>；3）处理方式设计；4）数据结构设计；5）可靠性设计；6）编写概要设计阶段的文档；7）概要设计评审（针对可追溯性、模块接口、实现风险、实用性、技术清晰度、<span class=""hit"">可维护性</span>、质量等方面进行）。</div><div class=""ansbox"">挖空答案：<b>体系结构；总体设计；可维护性</b></div><div class=""pg"">教材页码：P46</div>"	结构化软件开发方法 识记 软件设计 13005软件工程
"<div class=""top""><span class=""chip c1"">章节：结构化软件开发方法</span><span class=""chip c2"">识记</span><span class=""chip c3"">软件设计</span></div><h1>设计规范的制定</h1><div class=""q"">制定规范即在进入软件开发之初为设计组制定共同遵守的标准，主要内容：1）阅读和理解<span class=""blank"">______</span>说明书，在给定指标和技术现状下确认<span class=""blank"">______</span>要求能否<span class=""blank"">______</span>，确定设计目标及其优先顺序；2）根据目标确定最合适的设计方法；3）规定设计文档的编制标准（文档体系、用纸及样式、记述详细程度、图形画法等）；4）规定编码的信息形式（代码体系）、与硬件和操作系统的接口规约、命名规则等。</div>"	"<div class=""top""><span class=""chip c1"">章节：结构化软件开发方法</span><span class=""chip c2"">识记</span><span class=""chip c3"">软件设计</span></div><h1>设计规范的制定</h1><div class=""a"">制定规范即在进入软件开发之初为设计组制定共同遵守的标准，主要内容：1）阅读和理解<span class=""hit"">软件需求</span>说明书，在给定指标和技术现状下确认<span class=""hit"">用户</span>要求能否<span class=""hit"">实现</span>，确定设计目标及其优先顺序；2）根据目标确定最合适的设计方法；3）规定设计文档的编制标准（文档体系、用纸及样式、记述详细程度、图形画法等）；4）规定编码的信息形式（代码体系）、与硬件和操作系统的接口规约、命名规则等。</div><div class=""ansbox"">挖空答案：<b>软件需求；用户；实现</b></div><div class=""pg"">教材页码：P46</div>"	结构化软件开发方法 识记 软件设计 13005软件工程
"<div class=""top""><span class=""chip c1"">章节：结构化软件开发方法</span><span class=""chip c2"">领会</span><span class=""chip c3"">软件设计</span></div><h1>软件体系结构的总体设计需要完成的工作内容</h1><div class=""q"">软件<span class=""blank"">______</span>的<span class=""blank"">______</span>需完成：1）采用某种设计方法，将一个复杂系统按功能划分成模块的层次结构；2）确定每个模块的功能，建立与已确定<span class=""blank"">______</span>的对应关系；3）确定模块间的调用关系；4）确定模块间的接口（模块间传递的信息），设计接口的信息结构；5）评估模块划分的质量及导出模块结构的规划。</div>"	"<div class=""top""><span class=""chip c1"">章节：结构化软件开发方法</span><span class=""chip c2"">领会</span><span class=""chip c3"">软件设计</span></div><h1>软件体系结构的总体设计需要完成的工作内容</h1><div class=""a"">软件<span class=""hit"">体系结构</span>的<span class=""hit"">总体设计</span>需完成：1）采用某种设计方法，将一个复杂系统按功能划分成模块的层次结构；2）确定每个模块的功能，建立与已确定<span class=""hit"">软件需求</span>的对应关系；3）确定模块间的调用关系；4）确定模块间的接口（模块间传递的信息），设计接口的信息结构；5）评估模块划分的质量及导出模块结构的规划。</div><div class=""ansbox"">挖空答案：<b>体系结构；总体设计；软件需求</b></div><div class=""pg"">教材页码：P47</div>"	结构化软件开发方法 领会 软件设计 13005软件工程
"<div class=""top""><span class=""chip c1"">章节：结构化软件开发方法</span><span class=""chip c2"">领会</span><span class=""chip c3"">软件设计</span></div><h1>处理方式的设计涉及的内容详</h1><div class=""q"">处理方式<span class=""blank"">______</span>涉及：1）确定为<span class=""blank"">______</span>系统<span class=""blank"">______</span>所必需的算法，评估算法性能；2）确定为满足系统性能需求所必需的算法和模块间的控制方式（性能设计），衡量性能的四个指标是周转时间、响应时间、吞吐量、精度；3）确定外部信号的接收和发送形式。</div>"	"<div class=""top""><span class=""chip c1"">章节：结构化软件开发方法</span><span class=""chip c2"">领会</span><span class=""chip c3"">软件设计</span></div><h1>处理方式的设计涉及的内容详</h1><div class=""a"">处理方式<span class=""hit"">设计</span>涉及：1）确定为<span class=""hit"">实现</span>系统<span class=""hit"">功能</span>所必需的算法，评估算法性能；2）确定为满足系统性能需求所必需的算法和模块间的控制方式（性能<span class=""hit"">设计</span>），衡量性能的四个指标是周转时间、响应时间、吞吐量、精度；3）确定外部信号的接收和发送形式。</div><div class=""ansbox"">挖空答案：<b>设计；实现；功能</b></div><div class=""pg"">教材页码：P47</div>"	结构化软件开发方法 领会 软件设计 13005软件工程
"<div class=""top""><span class=""chip c1"">章节：结构化软件开发方法</span><span class=""chip c2"">领会</span><span class=""chip c3"">软件设计</span></div><h1>细设计过程中需要完成的3个主要任务</h1><div class=""q"">详细设计<span class=""blank"">______</span>中需要完成的3个主要<span class=""blank"">______</span>：1）确定软件各个组成部分内的算法以及各部分的内部数据<span class=""blank"">______</span>；2）选定某种过程的表达形式来描述各种算法；3）进行详细设计的评审。</div>"	"<div class=""top""><span class=""chip c1"">章节：结构化软件开发方法</span><span class=""chip c2"">领会</span><span class=""chip c3"">软件设计</span></div><h1>细设计过程中需要完成的3个主要任务</h1><div class=""a"">详细设计<span class=""hit"">过程</span>中需要完成的3个主要<span class=""hit"">任务</span>：1）确定软件各个组成部分内的算法以及各部分的内部数据<span class=""hit"">组织</span>；2）选定某种<span class=""hit"">过程</span>的表达形式来描述各种算法；3）进行详细设计的评审。</div><div class=""ansbox"">挖空答案：<b>过程；任务；组织</b></div><div class=""pg"">教材页码：P48</div>"	结构化软件开发方法 领会 软件设计 13005软件工程
"<div class=""top""><span class=""chip c1"">章节：结构化软件开发方法</span><span class=""chip c2"">领会</span><span class=""chip c3"">软件设计</span></div><h1>软件设计的基本策略</h1><div class=""q"">分解、<span class=""blank"">______</span>和<span class=""blank"">______</span>，是<span class=""blank"">______</span>模块化设计的重要指导思想，也是软件设计的基本策略。</div>"	"<div class=""top""><span class=""chip c1"">章节：结构化软件开发方法</span><span class=""chip c2"">领会</span><span class=""chip c3"">软件设计</span></div><h1>软件设计的基本策略</h1><div class=""a"">分解、<span class=""hit"">信息隐藏</span>和<span class=""hit"">模块独立性</span>，是<span class=""hit"">实现</span>模块化设计的重要指导思想，也是软件设计的基本策略。</div><div class=""ansbox"">挖空答案：<b>信息隐藏；模块独立性；实现</b></div><div class=""pg"">教材页码：P48</div>"	结构化软件开发方法 领会 软件设计 13005软件工程
"<div class=""top""><span class=""chip c1"">章节：结构化软件开发方法</span><span class=""chip c2"">领会</span><span class=""chip c3"">软件设计</span></div><h1>数据结构设计包括的内容</h1><div class=""q"">数据<span class=""blank"">______</span>设计确定软件涉及的文件系统结构以及数据库的模式、子模式，并进行数据完整性和安全性设计，内容：1）确定输入输出文件的详细数据结构；2）结合算法设计，确定算法所必需的逻辑数据结构及其操作；3）确定逻辑数据结构所需操作的程序模块（软件包），限制和确定各<span class=""blank"">______</span>决策的影响范围；4）确定与操作系统或调度程序接口所必需的控制表等数据的结构和使用规则；5）数据保护性设计，包括防卫性设计（插入自动检错、报错、纠错<span class=""blank"">______</span>）、一致性设计（保持数据类型取值不变、并发处理时封锁）、冗余性设计（两人用不同风格和算法设计、表决纠错以保证容错）。</div>"	"<div class=""top""><span class=""chip c1"">章节：结构化软件开发方法</span><span class=""chip c2"">领会</span><span class=""chip c3"">软件设计</span></div><h1>数据结构设计包括的内容</h1><div class=""a"">数据<span class=""hit"">结构</span>设计确定软件涉及的文件系统<span class=""hit"">结构</span>以及数据库的模式、子模式，并进行数据完整性和安全性设计，内容：1）确定输入输出文件的详细数据<span class=""hit"">结构</span>；2）结合算法设计，确定算法所必需的逻辑数据<span class=""hit"">结构</span>及其操作；3）确定逻辑数据<span class=""hit"">结构</span>所需操作的程序模块（软件包），限制和确定各<span class=""hit"">数据设计</span>决策的影响范围；4）确定与操作系统或调度程序接口所必需的控制表等数据的<span class=""hit"">结构</span>和使用规则；5）数据保护性设计，包括防卫性设计（插入自动检错、报错、纠错<span class=""hit"">功能</span>）、一致性设计（保持数据类型取值不变、并发处理时封锁）、冗余性设计（两人用不同风格和算法设计、表决纠错以保证容错）。</div><div class=""ansbox"">挖空答案：<b>结构；数据设计；功能</b></div><div class=""pg"">教材页码：P47</div>"	结构化软件开发方法 领会 软件设计 13005软件工程
"<div class=""top""><span class=""chip c1"">章节：结构化软件开发方法</span><span class=""chip c2"">领会</span><span class=""chip c3"">软件设计</span></div><h1>可靠性的含义</h1><div class=""q"">软件可靠性是指程序和文档中的<span class=""blank"">______</span>少。可靠性<span class=""blank"">______</span>就是要考虑相应的措施，使软件易于修改和<span class=""blank"">______</span>。</div>"	"<div class=""top""><span class=""chip c1"">章节：结构化软件开发方法</span><span class=""chip c2"">领会</span><span class=""chip c3"">软件设计</span></div><h1>可靠性的含义</h1><div class=""a"">软件可靠性是指程序和文档中的<span class=""hit"">错误</span>少。可靠性<span class=""hit"">设计</span>就是要考虑相应的措施，使软件易于修改和<span class=""hit"">维护</span>。</div><div class=""ansbox"">挖空答案：<b>错误；设计；维护</b></div><div class=""pg"">教材页码：P47</div>"	结构化软件开发方法 领会 软件设计 13005软件工程
"<div class=""top""><span class=""chip c1"">章节：结构化软件开发方法</span><span class=""chip c2"">领会</span><span class=""chip c3"">软件设计</span></div><h1>模块的概念、模块的基本属性、模块化带来的好处、模块的独立性分解、信息隐藏、模块独立性</h1><div class=""q"">模块：一般把用一个名字就可调用的一段程序称为“模块”（类似procedure、function、subroutine等）。模块具有3个基本属性：功能（该模块及其调用子模块所实现的功能）、逻辑（模块内部怎么做）、状态（使用时的环境和条件）。<span class=""blank"">______</span>带来的好处：降低系统复杂性使系统容易修改，并推动各部分并行开发、提高生产效率。分解：把大软件按原则划分为较小的、相对独立又彼此相关的模块。<span class=""blank"">______</span>：每个模块的实现细节对其他模块隐藏，模块所含信息不允许不需要它的模块使用，使将来修改引入错误的影响局限在少数模块内。<span class=""blank"">______</span>：每个模块只涉及软件要求的具体子功能、与其他模块接口简单，用耦合和内聚两个准则度量，应追求高内聚、低耦合。</div>"	"<div class=""top""><span class=""chip c1"">章节：结构化软件开发方法</span><span class=""chip c2"">领会</span><span class=""chip c3"">软件设计</span></div><h1>模块的概念、模块的基本属性、模块化带来的好处、模块的独立性分解、信息隐藏、模块独立性</h1><div class=""a"">模块：一般把用一个名字就可调用的一段程序称为“模块”（类似procedure、function、subroutine等）。模块具有3个基本属性：功能（该模块及其调用子模块所实现的功能）、逻辑（模块内部怎么做）、状态（使用时的环境和条件）。<span class=""hit"">模块化</span>带来的好处：降低系统复杂性使系统容易修改，并推动各部分并行开发、提高生产效率。分解：把大软件按原则划分为较小的、相对独立又彼此相关的模块。<span class=""hit"">信息隐藏</span>：每个模块的实现细节对其他模块隐藏，模块所含信息不允许不需要它的模块使用，使将来修改引入错误的影响局限在少数模块内。<span class=""hit"">模块独立性</span>：每个模块只涉及软件要求的具体子功能、与其他模块接口简单，用耦合和内聚两个准则度量，应追求高内聚、低耦合。</div><div class=""ansbox"">挖空答案：<b>模块化；信息隐藏；模块独立性</b></div><div class=""pg"">教材页码：P50</div>"	结构化软件开发方法 领会 软件设计 13005软件工程
"<div class=""top""><span class=""chip c1"">章节：结构化软件开发方法</span><span class=""chip c2"">领会</span><span class=""chip c3"">软件设计</span></div><h1>模块间的耦合、非直接耦合、数据耦合、标记耦合、控制耦合、外部耦合、公共耦合、内容耦合</h1><div class=""q"">耦合性是程序结构中各模块之间相互关联（连接紧密程度）的度量，取决于接口复杂程度、调用方式以及通过接口的信息。由松到紧分7种：<span class=""blank"">______</span>（两模块无直接关系，仅通过主模块的控制和调用联系，独立性最强）；数据耦合（通过数据参数交换输入输出，界面简单安全可靠，程序中必须有）；标记耦合（一组模块通过参数表传递记录这一数据结构的子结构，应尽量避免）；<span class=""blank"">______</span>（通过传送开关、标志、名字等控制信息控制选择另一模块的功能）；外部耦合（一组模块访问同一全局简单变量且不经参数表传递）；公共耦合（一组模块访问同一公共数据环境，如全局数据结构、共享通信区、内存公共覆盖区）；<span class=""blank"">______</span>（直接访问另一模块内部数据、不经过正常入口转入、部分代码重叠、一个模块多入口），是独立性最弱的耦合。</div>"	"<div class=""top""><span class=""chip c1"">章节：结构化软件开发方法</span><span class=""chip c2"">领会</span><span class=""chip c3"">软件设计</span></div><h1>模块间的耦合、非直接耦合、数据耦合、标记耦合、控制耦合、外部耦合、公共耦合、内容耦合</h1><div class=""a"">耦合性是程序结构中各模块之间相互关联（连接紧密程度）的度量，取决于接口复杂程度、调用方式以及通过接口的信息。由松到紧分7种：<span class=""hit"">非直接耦合</span>（两模块无直接关系，仅通过主模块的控制和调用联系，独立性最强）；数据耦合（通过数据参数交换输入输出，界面简单安全可靠，程序中必须有）；标记耦合（一组模块通过参数表传递记录这一数据结构的子结构，应尽量避免）；<span class=""hit"">控制耦合</span>（通过传送开关、标志、名字等控制信息控制选择另一模块的功能）；外部耦合（一组模块访问同一全局简单变量且不经参数表传递）；公共耦合（一组模块访问同一公共数据环境，如全局数据结构、共享通信区、内存公共覆盖区）；<span class=""hit"">内容耦合</span>（直接访问另一模块内部数据、不经过正常入口转入、部分代码重叠、一个模块多入口），是独立性最弱的耦合。</div><div class=""ansbox"">挖空答案：<b>非直接耦合；控制耦合；内容耦合</b></div><div class=""pg"">教材页码：P51</div>"	结构化软件开发方法 领会 软件设计 13005软件工程
"<div class=""top""><span class=""chip c1"">章节：结构化软件开发方法</span><span class=""chip c2"">领会</span><span class=""chip c3"">软件设计</span></div><h1>巧合内聚、逻辑内聚、时间内聚、过程内聚、通信内聚、信息内聚</h1><div class=""q"">内聚是模块功能强度的度量，模块内部各元素联系越紧密内聚越高。内聚类型：巧合内聚（又称<span class=""blank"">______</span>）指模块内各部分之间没有联系或联系很松散，是内聚最低的模块；逻辑内聚把几种相关功能组合在一起，每次调用由传人的判定参数决定执行哪一种功能；时间内聚（又称经典内聚）的各功能须在同一时间段内执行（如初始化模块）；<span class=""blank"">______</span>的模块内处理相关且必须以特定次序执行；通信内聚的各功能部分都使用了相同的输入数据或产生了相同的输出数据；<span class=""blank"">______</span>完成多个功能、各功能都在同一数据结构上操作且每个功能有唯一入口点（此外还有顺序内聚和最高的功能内聚）。设计时应力求提高模块的内聚。</div>"	"<div class=""top""><span class=""chip c1"">章节：结构化软件开发方法</span><span class=""chip c2"">领会</span><span class=""chip c3"">软件设计</span></div><h1>巧合内聚、逻辑内聚、时间内聚、过程内聚、通信内聚、信息内聚</h1><div class=""a"">内聚是模块功能强度的度量，模块内部各元素联系越紧密内聚越高。内聚类型：巧合内聚（又称<span class=""hit"">偶然内聚</span>）指模块内各部分之间没有联系或联系很松散，是内聚最低的模块；逻辑内聚把几种相关功能组合在一起，每次调用由传人的判定参数决定执行哪一种功能；时间内聚（又称经典内聚）的各功能须在同一时间段内执行（如初始化模块）；<span class=""hit"">过程内聚</span>的模块内处理相关且必须以特定次序执行；通信内聚的各功能部分都使用了相同的输入数据或产生了相同的输出数据；<span class=""hit"">信息内聚</span>完成多个功能、各功能都在同一数据结构上操作且每个功能有唯一入口点（此外还有顺序内聚和最高的功能内聚）。设计时应力求提高模块的内聚。</div><div class=""ansbox"">挖空答案：<b>偶然内聚；过程内聚；信息内聚</b></div><div class=""pg"">教材页码：P54</div>"	结构化软件开发方法 领会 软件设计 13005软件工程
"<div class=""top""><span class=""chip c1"">章节：结构化软件开发方法</span><span class=""chip c2"">领会</span><span class=""chip c3"">软件设计</span></div><h1>概要设计阶段文档的构成</h1><div class=""q"">概要设计阶段文档（设计文档）的构成：1）概要设计说明书：①以图表形式表示的软件总体<span class=""blank"">______</span>；②模块的外部设计（各模块的<span class=""blank"">______</span>、性能与接口的简要描述）；③数据结构设计（数据模式、访问方法和存储要求等）。2）<span class=""blank"">______</span>说明书：①表示软件结构的图表；②对逐个模块程序的描述（标注和逻辑流程、输入/输出项、外部接口等）。</div>"	"<div class=""top""><span class=""chip c1"">章节：结构化软件开发方法</span><span class=""chip c2"">领会</span><span class=""chip c3"">软件设计</span></div><h1>概要设计阶段文档的构成</h1><div class=""a"">概要设计阶段文档（设计文档）的构成：1）概要设计说明书：①以图表形式表示的软件总体<span class=""hit"">结构</span>；②模块的外部设计（各模块的<span class=""hit"">功能</span>、性能与接口的简要描述）；③数据<span class=""hit"">结构</span>设计（数据模式、访问方法和存储要求等）。2）<span class=""hit"">详细设计</span>说明书：①表示软件<span class=""hit"">结构</span>的图表；②对逐个模块程序的描述（标注和逻辑流程、输入/输出项、外部接口等）。</div><div class=""ansbox"">挖空答案：<b>结构；功能；详细设计</b></div><div class=""pg"">教材页码：P57</div>"	结构化软件开发方法 领会 软件设计 13005软件工程
"<div class=""top""><span class=""chip c1"">章节：结构化软件开发方法</span><span class=""chip c2"">识记</span><span class=""chip c3"">结构化系统设计</span></div><h1>软件结构的典型形式</h1><div class=""q"">软件结构的典型形式有两种：<span class=""blank"">______</span>结构和<span class=""blank"">______</span>结构。软件<span class=""blank"">______</span>的主要目标之一就是使程序结构适应问题的结构。</div>"	"<div class=""top""><span class=""chip c1"">章节：结构化软件开发方法</span><span class=""chip c2"">识记</span><span class=""chip c3"">结构化系统设计</span></div><h1>软件结构的典型形式</h1><div class=""a"">软件结构的典型形式有两种：<span class=""hit"">变换型</span>结构和<span class=""hit"">事务型</span>结构。软件<span class=""hit"">设计</span>的主要目标之一就是使程序结构适应问题的结构。</div><div class=""ansbox"">挖空答案：<b>变换型；事务型；设计</b></div><div class=""pg"">教材页码：P58</div>"	结构化软件开发方法 识记 结构化系统设计 13005软件工程
"<div class=""top""><span class=""chip c1"">章节：结构化软件开发方法</span><span class=""chip c2"">识记</span><span class=""chip c3"">结构化系统设计</span></div><h1>变换型系统的组成</h1><div class=""q"">具有变换型<span class=""blank"">______</span>的系统由3部分组成：传入路径、变换中心、传出路径；流经这3部分的<span class=""blank"">______</span>分别为传入流、<span class=""blank"">______</span>和传出流。</div>"	"<div class=""top""><span class=""chip c1"">章节：结构化软件开发方法</span><span class=""chip c2"">识记</span><span class=""chip c3"">结构化系统设计</span></div><h1>变换型系统的组成</h1><div class=""a"">具有变换型<span class=""hit"">结构</span>的系统由3部分组成：传入路径、变换中心、传出路径；流经这3部分的<span class=""hit"">数据流</span>分别为传入流、<span class=""hit"">变换流</span>和传出流。</div><div class=""ansbox"">挖空答案：<b>结构；数据流；变换流</b></div><div class=""pg"">教材页码：P59</div>"	结构化软件开发方法 识记 结构化系统设计 13005软件工程
"<div class=""top""><span class=""chip c1"">章节：结构化软件开发方法</span><span class=""chip c2"">识记</span><span class=""chip c3"">结构化系统设计</span></div><h1>事务型系统的特征与组成</h1><div class=""q"">事务型<span class=""blank"">______</span>的特征是具有在多种事务中选择执行某类事务的能力。它由接收路径（至少一条）、一个事务中心和动作路径（若干条）组成：外部<span class=""blank"">______</span>沿接收路径进入<span class=""blank"">______</span>后，由事务中心计算出一个值，系统据此判断、选择某一条动作路径执行。</div>"	"<div class=""top""><span class=""chip c1"">章节：结构化软件开发方法</span><span class=""chip c2"">识记</span><span class=""chip c3"">结构化系统设计</span></div><h1>事务型系统的特征与组成</h1><div class=""a"">事务型<span class=""hit"">结构</span>的特征是具有在多种事务中选择执行某类事务的能力。它由接收路径（至少一条）、一个事务中心和动作路径（若干条）组成：外部<span class=""hit"">信息</span>沿接收路径进入<span class=""hit"">系统</span>后，由事务中心计算出一个值，<span class=""hit"">系统</span>据此判断、选择某一条动作路径执行。</div><div class=""ansbox"">挖空答案：<b>结构；信息；系统</b></div><div class=""pg"">教材页码：P59</div>"	结构化软件开发方法 识记 结构化系统设计 13005软件工程
"<div class=""top""><span class=""chip c1"">章节：结构化软件开发方法</span><span class=""chip c2"">识记</span><span class=""chip c3"">结构化系统设计</span></div><h1>SC图的表示符号</h1><div class=""q"">SC（<span class=""blank"">______</span>）中用矩形框表示模块，用带箭头的连线表示模块间的调用关系（箭头指向被调用模块），调用线两旁标出传入、传出的<span class=""blank"">______</span>；SC中的模块有传人、传出、变换、协调4种类型。表示符号包括：矩形框（模块）、箭头（简单调用）、菱形（选择调用）、叠加在调用线起始端的环形箭头（循环调用），以及传人、传出、变换、源、漏、<span class=""blank"">______</span>等数据流符号。</div>"	"<div class=""top""><span class=""chip c1"">章节：结构化软件开发方法</span><span class=""chip c2"">识记</span><span class=""chip c3"">结构化系统设计</span></div><h1>SC图的表示符号</h1><div class=""a"">SC（<span class=""hit"">结构图</span>）中用矩形框表示模块，用带箭头的连线表示模块间的调用关系（箭头指向被调用模块），调用线两旁标出传入、传出的<span class=""hit"">数据流</span>；SC中的模块有传人、传出、变换、协调4种类型。表示符号包括：矩形框（模块）、箭头（简单调用）、菱形（选择调用）、叠加在调用线起始端的环形箭头（循环调用），以及传人、传出、变换、源、漏、<span class=""hit"">控制</span>等<span class=""hit"">数据流</span>符号。</div><div class=""ansbox"">挖空答案：<b>结构图；数据流；控制</b></div><div class=""pg"">教材页码：P60</div>"	结构化软件开发方法 识记 结构化系统设计 13005软件工程
"<div class=""top""><span class=""chip c1"">章节：结构化软件开发方法</span><span class=""chip c2"">领会</span><span class=""chip c3"">结构化系统设计</span></div><h1>变换型结构的基本模型</h1><div class=""q"">变换型结构的基本模型：由传人路径、变换中心、传出路径三部分构成。<span class=""blank"">______</span>沿传人路径进入，经变换中心<span class=""blank"">______</span>变换后，再沿传出路径送出，即传人流→变换中心→传出流。</div>"	"<div class=""top""><span class=""chip c1"">章节：结构化软件开发方法</span><span class=""chip c2"">领会</span><span class=""chip c3"">结构化系统设计</span></div><h1>变换型结构的基本模型</h1><div class=""a"">变换型结构的基本模型：由传人路径、变换中心、传出路径三部分构成。<span class=""hit"">数据流</span>沿传人路径进入，经变换中心<span class=""hit"">加工</span>变换后，再沿传出路径送出，即传人流→变换中心→传出流。</div><div class=""ansbox"">挖空答案：<b>数据流；加工</b></div><div class=""pg"">教材页码：P59</div>"	结构化软件开发方法 领会 结构化系统设计 13005软件工程
"<div class=""top""><span class=""chip c1"">章节：结构化软件开发方法</span><span class=""chip c2"">领会</span><span class=""chip c3"">结构化系统设计</span></div><h1>事务型结构的基本模型</h1><div class=""q"">事务型结构的基本模型：由接收路径（至少一条）、事务中心和若干条动作路径组成。外部<span class=""blank"">______</span>沿接收路径进入，由事务中心根据其计算出的值判断、选择某一条动作路径执行。</div>"	"<div class=""top""><span class=""chip c1"">章节：结构化软件开发方法</span><span class=""chip c2"">领会</span><span class=""chip c3"">结构化系统设计</span></div><h1>事务型结构的基本模型</h1><div class=""a"">事务型结构的基本模型：由接收路径（至少一条）、事务中心和若干条动作路径组成。外部<span class=""hit"">信息</span>沿接收路径进入，由事务中心根据其计算出的值判断、选择某一条动作路径执行。</div><div class=""ansbox"">挖空答案：<b>信息</b></div><div class=""pg"">教材页码：P59</div>"	结构化软件开发方法 领会 结构化系统设计 13005软件工程
"<div class=""top""><span class=""chip c1"">章节：结构化软件开发方法</span><span class=""chip c2"">综合应用</span><span class=""chip c3"">结构化系统设计</span></div><h1>用变换分析法画SC图</h1><div class=""q"">用变换分析法画SC图（适用于变换型结构）分三步：1）区分传人、传出和变换中心——先确定中心加工（离中心最近、性质形式已发生重大变化的<span class=""blank"">______</span>为逻辑输人，离最终输出无本质差距的为逻辑输出）；2）完成第一级分解——画出顶层（只含一个控制主模块）和第一层（传人、传出、变换中心三个模块）；3）完成第二级分解——<span class=""blank"">______</span>用映射把<span class=""blank"">______</span>中的加工转化为SC中的模块（离中心加工越近的加工在SC中离主控模块越近），直至画出全部模块。其结果不唯一。</div>"	"<div class=""top""><span class=""chip c1"">章节：结构化软件开发方法</span><span class=""chip c2"">综合应用</span><span class=""chip c3"">结构化系统设计</span></div><h1>用变换分析法画SC图</h1><div class=""a"">用变换分析法画SC图（适用于变换型结构）分三步：1）区分传人、传出和变换中心——先确定中心加工（离中心最近、性质形式已发生重大变化的<span class=""hit"">数据流</span>为逻辑输人，离最终输出无本质差距的为逻辑输出）；2）完成第一级分解——画出顶层（只含一个控制主模块）和第一层（传人、传出、变换中心三个模块）；3）完成第二级分解——<span class=""hit"">自顶向下</span>用映射把<span class=""hit"">数据流图</span>中的加工转化为SC中的模块（离中心加工越近的加工在SC中离主控模块越近），直至画出全部模块。其结果不唯一。</div><div class=""ansbox"">挖空答案：<b>数据流；自顶向下；数据流图</b></div><div class=""pg"">教材页码：P60</div>"	结构化软件开发方法 综合应用 结构化系统设计 13005软件工程
"<div class=""top""><span class=""chip c1"">章节：结构化软件开发方法</span><span class=""chip c2"">综合应用</span><span class=""chip c3"">结构化系统设计</span></div><h1>用事务分析法画SC图</h1><div class=""q"">用事务分析法画SC图（适用于事务型结构）步骤：1）在<span class=""blank"">______</span>上确定事务中心、接收部分（含接收路径）和发送部分（含全部动作路径）；2）画出SC框架，把数据流图的三部分分别映射为事务<span class=""blank"">______</span>、接收模块和发送模块；3）分解和细化接收分支和发送分支，完成初始SC（接收分支一般具有变换特性，可按<span class=""blank"">______</span>对它进行分解）。</div>"	"<div class=""top""><span class=""chip c1"">章节：结构化软件开发方法</span><span class=""chip c2"">综合应用</span><span class=""chip c3"">结构化系统设计</span></div><h1>用事务分析法画SC图</h1><div class=""a"">用事务分析法画SC图（适用于事务型结构）步骤：1）在<span class=""hit"">数据流图</span>上确定事务中心、接收部分（含接收路径）和发送部分（含全部动作路径）；2）画出SC框架，把<span class=""hit"">数据流图</span>的三部分分别映射为事务<span class=""hit"">控制模块</span>、接收模块和发送模块；3）分解和细化接收分支和发送分支，完成初始SC（接收分支一般具有变换特性，可按<span class=""hit"">变换分析</span>对它进行分解）。</div><div class=""ansbox"">挖空答案：<b>数据流图；控制模块；变换分析</b></div><div class=""pg"">教材页码：P61</div>"	结构化软件开发方法 综合应用 结构化系统设计 13005软件工程
"<div class=""top""><span class=""chip c1"">章节：结构化软件开发方法</span><span class=""chip c2"">综合应用</span><span class=""chip c3"">结构化系统设计</span></div><h1>对软件模块结构的改进</h1><div class=""q"">对软件模块结构的改进（试探性规则）：1）模块<span class=""blank"">______</span>的完善化——完整模块包括执行规定功能的部分、出错处理的部分（回送出错标志）、返回模块执行是否正确结束的标志；2）消除重复功能——结构完全相似的模块可完全合并，局部相似的把相同部分独立出来作为下一级模块供两模块共享；3）<span class=""blank"">______</span>功能可预测的模块（黑箱），但要避免过分受限制的模块；4）模块的作用范围应在<span class=""blank"">______</span>范围之内；5）合理扇人扇出——尽量减少高扇出结构、随深度增大扇人；6）模块大小要适中。</div>"	"<div class=""top""><span class=""chip c1"">章节：结构化软件开发方法</span><span class=""chip c2"">综合应用</span><span class=""chip c3"">结构化系统设计</span></div><h1>对软件模块结构的改进</h1><div class=""a"">对软件模块结构的改进（试探性规则）：1）模块<span class=""hit"">功能</span>的完善化——完整模块包括执行规定<span class=""hit"">功能</span>的部分、出错处理的部分（回送出错标志）、返回模块执行是否正确结束的标志；2）消除重复<span class=""hit"">功能</span>——结构完全相似的模块可完全合并，局部相似的把相同部分独立出来作为下一级模块供两模块共享；3）<span class=""hit"">设计</span><span class=""hit"">功能</span>可预测的模块（黑箱），但要避免过分受限制的模块；4）模块的作用范围应在<span class=""hit"">控制</span>范围之内；5）合理扇人扇出——尽量减少高扇出结构、随深度增大扇人；6）模块大小要适中。</div><div class=""ansbox"">挖空答案：<b>功能；设计；控制</b></div><div class=""pg"">教材页码：P62</div>"	结构化软件开发方法 综合应用 结构化系统设计 13005软件工程
"<div class=""top""><span class=""chip c1"">章节：结构化软件开发方法</span><span class=""chip c2"">识记</span><span class=""chip c3"">详细设计</span></div><h1>详细设计的目的与任务</h1><div class=""q""><span class=""blank"">______</span>的目的：为软件结构图（SC或HC）中的每一个模块确定实现模块功能所采用的算法和块内数据结构，用某种选定的表达工具给出清晰的描述。任务：1）为每个模块确定采用的算法，选择适当工具表达算法过程、写出模块的详细过程性描述；2）确定每个模块使用的数据结构；3）确定模块接口的全部细节（对系统外部的接口和<span class=""blank"">______</span>、对内部其他模块的接口，以及输人、输出和局部数据）；4）为每个模块设计一组<span class=""blank"">______</span>。</div>"	"<div class=""top""><span class=""chip c1"">章节：结构化软件开发方法</span><span class=""chip c2"">识记</span><span class=""chip c3"">详细设计</span></div><h1>详细设计的目的与任务</h1><div class=""a""><span class=""hit"">详细设计</span>的目的：为软件结构图（SC或HC）中的每一个模块确定实现模块功能所采用的算法和块内数据结构，用某种选定的表达工具给出清晰的描述。任务：1）为每个模块确定采用的算法，选择适当工具表达算法过程、写出模块的详细过程性描述；2）确定每个模块使用的数据结构；3）确定模块接口的全部细节（对系统外部的接口和<span class=""hit"">用户界面</span>、对内部其他模块的接口，以及输人、输出和局部数据）；4）为每个模块设计一组<span class=""hit"">测试用例</span>。</div><div class=""ansbox"">挖空答案：<b>详细设计；用户界面；测试用例</b></div><div class=""pg"">教材页码：P63</div>"	结构化软件开发方法 识记 详细设计 13005软件工程
"<div class=""top""><span class=""chip c1"">章节：结构化软件开发方法</span><span class=""chip c2"">识记</span><span class=""chip c3"">详细设计</span></div><h1>程序流程图的常用标准符号</h1><div class=""q"">程序流程图的常用标准符号（ISO提出、国家技术监督局批准）：<span class=""blank"">______</span>输人/输出、处理、起止端点、预<span class=""blank"">______</span>处理（既定处理）、条件判断、准备或预处理、内接、外接、文件或文档、循环上界、循环下界、流线、虚线、并行<span class=""blank"">______</span>、省略线、注解或注释。虚线表示两个或多个符号间的选择关系，外接符及内接符表示流线在别处接续或转向外部、从外部转人。</div>"	"<div class=""top""><span class=""chip c1"">章节：结构化软件开发方法</span><span class=""chip c2"">识记</span><span class=""chip c3"">详细设计</span></div><h1>程序流程图的常用标准符号</h1><div class=""a"">程序流程图的常用标准符号（ISO提出、国家技术监督局批准）：<span class=""hit"">数据</span>输人/输出、处理、起止端点、预<span class=""hit"">定义</span>处理（既定处理）、条件判断、准备或预处理、内接、外接、文件或文档、循环上界、循环下界、流线、虚线、并行<span class=""hit"">方式</span>、省略线、注解或注释。虚线表示两个或多个符号间的选择关系，外接符及内接符表示流线在别处接续或转向外部、从外部转人。</div><div class=""ansbox"">挖空答案：<b>数据；定义；方式</b></div><div class=""pg"">教材页码：P65</div>"	结构化软件开发方法 识记 详细设计 13005软件工程
"<div class=""top""><span class=""chip c1"">章节：结构化软件开发方法</span><span class=""chip c2"">领会</span><span class=""chip c3"">详细设计</span></div><h1>详细设计的原则</h1><div class=""q""><span class=""blank"">______</span>（模块逻辑设计）的原则：1）在程序的效率与清晰度之间仔细权衡，限制使用goto语句；2）采用结构化程序设计的思想，程序逻辑用顺序、选择和循环3种控制结构或它们的组合来实现，每个控制结构只有一个人口和一个出口；3）逐步细化——由粗到细对程序逐步细化，在细化程序的同时细化数据描述，每一步均使用相同的<span class=""blank"">______</span>、最后一步一般直接用<span class=""blank"">______</span>描述。</div>"	"<div class=""top""><span class=""chip c1"">章节：结构化软件开发方法</span><span class=""chip c2"">领会</span><span class=""chip c3"">详细设计</span></div><h1>详细设计的原则</h1><div class=""a""><span class=""hit"">详细设计</span>（模块逻辑设计）的原则：1）在程序的效率与清晰度之间仔细权衡，限制使用goto语句；2）采用结构化程序设计的思想，程序逻辑用顺序、选择和循环3种控制结构或它们的组合来实现，每个控制结构只有一个人口和一个出口；3）逐步细化——由粗到细对程序逐步细化，在细化程序的同时细化数据描述，每一步均使用相同的<span class=""hit"">结构化语言</span>、最后一步一般直接用<span class=""hit"">伪代码</span>描述。</div><div class=""ansbox"">挖空答案：<b>详细设计；结构化语言；伪代码</b></div><div class=""pg"">教材页码：P64</div>"	结构化软件开发方法 领会 详细设计 13005软件工程
"<div class=""top""><span class=""chip c1"">章节：结构化软件开发方法</span><span class=""chip c2"">领会</span><span class=""chip c3"">详细设计</span></div><h1>结构复杂性度量</h1><div class=""q"">结构复杂性的研究对象主要是程序的清晰度和非<span class=""blank"">______</span>程度，可以用程序图、<span class=""blank"">______</span>、<span class=""blank"">______</span>来度量程序结构的复杂性。其中程序图是简化了的流程图，把流程图中的框简化为圆圈。</div>"	"<div class=""top""><span class=""chip c1"">章节：结构化软件开发方法</span><span class=""chip c2"">领会</span><span class=""chip c3"">详细设计</span></div><h1>结构复杂性度量</h1><div class=""a"">结构复杂性的研究对象主要是程序的清晰度和非<span class=""hit"">结构化</span>程度，可以用程序图、<span class=""hit"">环域复杂度</span>、<span class=""hit"">交叉点复杂度</span>来度量程序结构的复杂性。其中程序图是简化了的流程图，把流程图中的框简化为圆圈。</div><div class=""ansbox"">挖空答案：<b>结构化；环域复杂度；交叉点复杂度</b></div><div class=""pg"">教材页码：P71</div>"	结构化软件开发方法 领会 详细设计 13005软件工程
"<div class=""top""><span class=""chip c1"">章节：结构化软件开发方法</span><span class=""chip c2"">领会</span><span class=""chip c3"">详细设计</span></div><h1>环域复杂度</h1><div class=""q"">环域复杂度：程序图可看作用G=(N,E)表示的有向图，V(G)=判定结点数+1=边数-结点数+2P。程序图包含的判定结点越多，程序复杂度和环域复杂度就越高。应用：①用来<span class=""blank"">______</span>程序的测试难度，环域数越大测试和<span class=""blank"">______</span>越难、越影响可靠性；②用来限制<span class=""blank"">______</span>的最大行数，McCabe发现V(G)≥10时充分测试非常困难，主张将10作为环域数上限来限制模块最大规模。</div>"	"<div class=""top""><span class=""chip c1"">章节：结构化软件开发方法</span><span class=""chip c2"">领会</span><span class=""chip c3"">详细设计</span></div><h1>环域复杂度</h1><div class=""a"">环域复杂度：程序图可看作用G=(N,E)表示的有向图，V(G)=判定结点数+1=边数-结点数+2P。程序图包含的判定结点越多，程序复杂度和环域复杂度就越高。应用：①用来<span class=""hit"">度量</span>程序的测试难度，环域数越大测试和<span class=""hit"">排错</span>越难、越影响可靠性；②用来限制<span class=""hit"">模块</span>的最大行数，McCabe发现V(G)≥10时充分测试非常困难，主张将10作为环域数上限来限制<span class=""hit"">模块</span>最大规模。</div><div class=""ansbox"">挖空答案：<b>度量；排错；模块</b></div><div class=""pg"">教材页码：P71</div>"	结构化软件开发方法 领会 详细设计 13005软件工程
"<div class=""top""><span class=""chip c1"">章节：结构化软件开发方法</span><span class=""chip c2"">领会</span><span class=""chip c3"">详细设计</span></div><h1>交叉点复杂度</h1><div class=""q"">交叉点复杂度：把程序图中交叉点的个数作为<span class=""blank"">______</span>程序<span class=""blank"">______</span>复杂性的依据。</div>"	"<div class=""top""><span class=""chip c1"">章节：结构化软件开发方法</span><span class=""chip c2"">领会</span><span class=""chip c3"">详细设计</span></div><h1>交叉点复杂度</h1><div class=""a"">交叉点复杂度：把程序图中交叉点的个数作为<span class=""hit"">度量</span>程序<span class=""hit"">结构</span>复杂性的依据。</div><div class=""ansbox"">挖空答案：<b>度量；结构</b></div><div class=""pg"">教材页码：P71</div>"	结构化软件开发方法 领会 详细设计 13005软件工程
"<div class=""top""><span class=""chip c1"">章节：结构化软件开发方法</span><span class=""chip c2"">综合应用</span><span class=""chip c3"">详细设计</span></div><h1>程序流程图</h1><div class=""q"">程序流程图是软件开发者最熟悉的算法表达工具，独立于任何程序设计语言，优点是直观、清晰、易学易掌握；缺点是符号不够规范、使用灵活性大、可不受约束地随意转移控制。为描述结构化程序，只允许使用5种<span class=""blank"">______</span>：顺序型、选择型、先判定型循环、后判定型循环（<span class=""blank"">______</span>）、多情况（<span class=""blank"">______</span>）型选择，并且除规定符号外不允许出现其他符号。</div>"	"<div class=""top""><span class=""chip c1"">章节：结构化软件开发方法</span><span class=""chip c2"">综合应用</span><span class=""chip c3"">详细设计</span></div><h1>程序流程图</h1><div class=""a"">程序流程图是软件开发者最熟悉的算法表达工具，独立于任何程序设计语言，优点是直观、清晰、易学易掌握；缺点是符号不够规范、使用灵活性大、可不受约束地随意转移控制。为描述结构化程序，只允许使用5种<span class=""hit"">基本控制结构</span>：顺序型、选择型、先判定型循环、后判定型循环（<span class=""hit"">until</span>）、多情况（<span class=""hit"">case</span>）型选择，并且除规定符号外不允许出现其他符号。</div><div class=""ansbox"">挖空答案：<b>基本控制结构；until；case</b></div><div class=""pg"">教材页码：P64</div>"	结构化软件开发方法 综合应用 详细设计 13005软件工程
"<div class=""top""><span class=""chip c1"">章节：结构化软件开发方法</span><span class=""chip c2"">综合应用</span><span class=""chip c3"">详细设计</span></div><h1>N-S图</h1><div class=""q"">N-S图（盒图）规定用5种图形构件表示4种<span class=""blank"">______</span>：顺序（先执行A再执行B）、条件分支（条件P真执行A、假执行B）、循环（do-while先判定后执行、do-until先执行后判定）、多条件分支。其特点：1）图中每个矩形框都是明确定义了的功能域；2）控制转移不能任意规定，必须遵守<span class=""blank"">______</span>程序设计的要求；3）很容易确定局部数据和全局数据的<span class=""blank"">______</span>；4）很容易表现嵌套关系，也可以表示模块的层次结构。</div>"	"<div class=""top""><span class=""chip c1"">章节：结构化软件开发方法</span><span class=""chip c2"">综合应用</span><span class=""chip c3"">详细设计</span></div><h1>N-S图</h1><div class=""a"">N-S图（盒图）规定用5种图形构件表示4种<span class=""hit"">基本控制结构</span>：顺序（先执行A再执行B）、条件分支（条件P真执行A、假执行B）、循环（do-while先判定后执行、do-until先执行后判定）、多条件分支。其特点：1）图中每个矩形框都是明确定义了的功能域；2）控制转移不能任意规定，必须遵守<span class=""hit"">结构化</span>程序设计的要求；3）很容易确定局部数据和全局数据的<span class=""hit"">作用域</span>；4）很容易表现嵌套关系，也可以表示模块的层次结构。</div><div class=""ansbox"">挖空答案：<b>基本控制结构；结构化；作用域</b></div><div class=""pg"">教材页码：P66</div>"	结构化软件开发方法 综合应用 详细设计 13005软件工程
"<div class=""top""><span class=""chip c1"">章节：结构化软件开发方法</span><span class=""chip c2"">综合应用</span><span class=""chip c3"">详细设计</span></div><h1>伪代码</h1><div class=""q"">伪代码（以PDL为代表）是一种用于描述功能模块的算法设计和加工细节的语言。其语法分为内语法和外语法：内语法描述实际操作和条件，外语法描述控制结构和数据结构。它包括数据说明、程序块、子程序结构，以及顺序、选择（<span class=""blank"">______</span>）、重复（REPEAT UNTIL/DO LOOP）、多路选择（<span class=""blank"">______</span>）等<span class=""blank"">______</span>和输人输出结构。</div>"	"<div class=""top""><span class=""chip c1"">章节：结构化软件开发方法</span><span class=""chip c2"">综合应用</span><span class=""chip c3"">详细设计</span></div><h1>伪代码</h1><div class=""a"">伪代码（以PDL为代表）是一种用于描述功能模块的算法设计和加工细节的语言。其语法分为内语法和外语法：内语法描述实际操作和条件，外语法描述控制结构和数据结构。它包括数据说明、程序块、子程序结构，以及顺序、选择（<span class=""hit"">IF-THEN-ELSE</span>）、重复（REPEAT UNTIL/DO LOOP）、多路选择（<span class=""hit"">CASE</span>）等<span class=""hit"">基本控制结构</span>和输人输出结构。</div><div class=""ansbox"">挖空答案：<b>IF-THEN-ELSE；CASE；基本控制结构</b></div><div class=""pg"">教材页码：P69</div>"	结构化软件开发方法 综合应用 详细设计 13005软件工程
"<div class=""top""><span class=""chip c1"">章节：结构化软件开发方法</span><span class=""chip c2"">本章重点</span></div><h1>需求分析的任务</h1><div class=""q"">本章重点——需求分析的任务：弄清<span class=""blank"">______</span>对软件系统的确切要求，并以<span class=""blank"">______</span>的形式表达出来，建立目标系统的正确逻辑<span class=""blank"">______</span>。</div>"	"<div class=""top""><span class=""chip c1"">章节：结构化软件开发方法</span><span class=""chip c2"">本章重点</span></div><h1>需求分析的任务</h1><div class=""a"">本章重点——需求分析的任务：弄清<span class=""hit"">用户</span>对软件系统的确切要求，并以<span class=""hit"">需求规格说明书</span>的形式表达出来，建立目标系统的正确逻辑<span class=""hit"">模型</span>。</div><div class=""ansbox"">挖空答案：<b>用户；需求规格说明书；模型</b></div><div class=""pg"">教材页码：P35</div>"	结构化软件开发方法 本章重点 13005软件工程
"<div class=""top""><span class=""chip c1"">章节：结构化软件开发方法</span><span class=""chip c2"">本章重点</span></div><h1>工作步骤</h1><div class=""q"">本章重点——<span class=""blank"">______</span>的工作步骤：获得当前系统的具体<span class=""blank"">______</span>→抽象出当前系统的逻辑模型→建立目标系统的逻辑模型→对目标系统完善补充并写出完整的需求说明→对需求说明进行复审，直到文档齐全、符合<span class=""blank"">______</span>全部需求。</div>"	"<div class=""top""><span class=""chip c1"">章节：结构化软件开发方法</span><span class=""chip c2"">本章重点</span></div><h1>工作步骤</h1><div class=""a"">本章重点——<span class=""hit"">需求分析</span>的工作步骤：获得当前系统的具体<span class=""hit"">模型</span>→抽象出当前系统的逻辑<span class=""hit"">模型</span>→建立目标系统的逻辑<span class=""hit"">模型</span>→对目标系统完善补充并写出完整的需求说明→对需求说明进行复审，直到文档齐全、符合<span class=""hit"">用户</span>全部需求。</div><div class=""ansbox"">挖空答案：<b>需求分析；模型；用户</b></div><div class=""pg"">教材页码：P36</div>"	结构化软件开发方法 本章重点 13005软件工程
"<div class=""top""><span class=""chip c1"">章节：结构化软件开发方法</span><span class=""chip c2"">本章重点</span></div><h1>表达需求的工具</h1><div class=""q"">本章重点——表达需求的工具：<span class=""blank"">______</span>（DFD）、数据字典（DD）、<span class=""blank"">______</span>，以及描述加工的<span class=""blank"">______</span>、判定表、判定树和加工说明卡片等。</div>"	"<div class=""top""><span class=""chip c1"">章节：结构化软件开发方法</span><span class=""chip c2"">本章重点</span></div><h1>表达需求的工具</h1><div class=""a"">本章重点——表达需求的工具：<span class=""hit"">数据流图</span>（DFD）、数据字典（DD）、<span class=""hit"">数据结构图</span>，以及描述加工的<span class=""hit"">结构化语言</span>、判定表、判定树和加工说明卡片等。</div><div class=""ansbox"">挖空答案：<b>数据流图；数据结构图；结构化语言</b></div><div class=""pg"">教材页码：P37</div>"	结构化软件开发方法 本章重点 13005软件工程
"<div class=""top""><span class=""chip c1"">章节：结构化软件开发方法</span><span class=""chip c2"">本章重点</span></div><h1>需求分析文档的内容结</h1><div class=""q"">本章重点——需求分析文档（<span class=""blank"">______</span>SRS）的内容结构：引言、数据描述（<span class=""blank"">______</span>、数据字典）、功能描述、性能描述、<span class=""blank"">______</span>五部分。</div>"	"<div class=""top""><span class=""chip c1"">章节：结构化软件开发方法</span><span class=""chip c2"">本章重点</span></div><h1>需求分析文档的内容结</h1><div class=""a"">本章重点——需求分析文档（<span class=""hit"">需求规格说明书</span>SRS）的内容结构：引言、数据描述（<span class=""hit"">数据流图</span>、数据字典）、功能描述、性能描述、<span class=""hit"">质量保证</span>五部分。</div><div class=""ansbox"">挖空答案：<b>需求规格说明书；数据流图；质量保证</b></div><div class=""pg"">教材页码：P37</div>"	结构化软件开发方法 本章重点 13005软件工程
"<div class=""top""><span class=""chip c1"">章节：结构化软件开发方法</span><span class=""chip c2"">本章重点</span></div><h1>结构化设计的步骤、任务、原则和设计文档的内容</h1><div class=""q"">本章重点——<span class=""blank"">______</span>的步骤、任务、原则和设计文档内容：设计分概要设计与详细设计两步，任务包括数据设计、<span class=""blank"">______</span>、过程设计；概要设计完成制定规范、体系结构总体设计、处理方式设计、数据结构设计、可靠性设计、编写文档与评审；遵循模块化、<span class=""blank"">______</span>等原则；设计文档由概要设计说明书和详细设计说明书构成。</div>"	"<div class=""top""><span class=""chip c1"">章节：结构化软件开发方法</span><span class=""chip c2"">本章重点</span></div><h1>结构化设计的步骤、任务、原则和设计文档的内容</h1><div class=""a"">本章重点——<span class=""hit"">结构化设计</span>的步骤、任务、原则和设计文档内容：设计分概要设计与详细设计两步，任务包括数据设计、<span class=""hit"">体系结构设计</span>、过程设计；概要设计完成制定规范、体系结构总体设计、处理方式设计、数据结构设计、可靠性设计、编写文档与评审；遵循模块化、<span class=""hit"">高内聚低耦合</span>等原则；设计文档由概要设计说明书和详细设计说明书构成。</div><div class=""ansbox"">挖空答案：<b>结构化设计；体系结构设计；高内聚低耦合</b></div><div class=""pg"">教材页码：P46</div>"	结构化软件开发方法 本章重点 13005软件工程
"<div class=""top""><span class=""chip c1"">章节：结构化软件开发方法</span><span class=""chip c2"">本章重点</span></div><h1>结构化设计中模块的独立性</h1><div class=""q"">本章重点——结构化设计中模块的独立性：每个模块只涉及软件要求的具体子<span class=""blank"">______</span>、与其他模块的接口简单；用模块间的<span class=""blank"">______</span>和模块的内聚两个准则度量，应追求高内聚、低耦合，以提高系统的<span class=""blank"">______</span>。</div>"	"<div class=""top""><span class=""chip c1"">章节：结构化软件开发方法</span><span class=""chip c2"">本章重点</span></div><h1>结构化设计中模块的独立性</h1><div class=""a"">本章重点——结构化设计中模块的独立性：每个模块只涉及软件要求的具体子<span class=""hit"">功能</span>、与其他模块的接口简单；用模块间的<span class=""hit"">耦合</span>和模块的内聚两个准则度量，应追求高内聚、低<span class=""hit"">耦合</span>，以提高系统的<span class=""hit"">可维护性</span>。</div><div class=""ansbox"">挖空答案：<b>功能；耦合；可维护性</b></div><div class=""pg"">教材页码：P50</div>"	结构化软件开发方法 本章重点 13005软件工程
"<div class=""top""><span class=""chip c1"">章节：结构化软件开发方法</span><span class=""chip c2"">本章难点</span></div><h1>利用数据流图、数据字典、数据结构图、判定树、判定表等工具描述需求分析的结果</h1><div class=""q"">本章难点——利用<span class=""blank"">______</span>、数据字典、<span class=""blank"">______</span>、判定树、判定表等工具描述需求分析的结果：需要<span class=""blank"">______</span>画分层数据流图并保持父子图平衡，用数据字典严格定义数据项、数据流和数据文件，用数据结构图表示文件之间的联系，并对含多分支的加工逻辑选用判定表或判定树，把需求分析结果准确、无歧义地文档化。</div>"	"<div class=""top""><span class=""chip c1"">章节：结构化软件开发方法</span><span class=""chip c2"">本章难点</span></div><h1>利用数据流图、数据字典、数据结构图、判定树、判定表等工具描述需求分析的结果</h1><div class=""a"">本章难点——利用<span class=""hit"">数据流图</span>、数据字典、<span class=""hit"">数据结构图</span>、判定树、判定表等工具描述需求分析的结果：需要<span class=""hit"">自顶向下</span>画分层<span class=""hit"">数据流图</span>并保持父子图平衡，用数据字典严格定义数据项、数据流和数据文件，用<span class=""hit"">数据结构图</span>表示文件之间的联系，并对含多分支的加工逻辑选用判定表或判定树，把需求分析结果准确、无歧义地文档化。</div><div class=""ansbox"">挖空答案：<b>数据流图；数据结构图；自顶向下</b></div><div class=""pg"">教材页码：P43</div>"	结构化软件开发方法 本章难点 13005软件工程
"<div class=""top""><span class=""chip c1"">章节：结构化软件开发方法</span><span class=""chip c2"">本章难点</span></div><h1>利用SC描绘软件结构</h1><div class=""q"">本章难点——利用SC（结构图）描绘软件结构：掌握SC的组成与符号（<span class=""blank"">______</span>、调用线、菱形选择、环形循环），并能根据<span class=""blank"">______</span>分别用<span class=""blank"">______</span>（区分传人/变换中心/传出、进行两级分解映射）或事务分析（确定事务中心及接收、发送分支后映射）得到初始SC，再按试探性规则改进软件模块结构。</div>"	"<div class=""top""><span class=""chip c1"">章节：结构化软件开发方法</span><span class=""chip c2"">本章难点</span></div><h1>利用SC描绘软件结构</h1><div class=""a"">本章难点——利用SC（结构图）描绘软件结构：掌握SC的组成与符号（<span class=""hit"">矩形模块</span>、调用线、菱形选择、环形循环），并能根据<span class=""hit"">数据流图</span>分别用<span class=""hit"">变换分析</span>（区分传人/变换中心/传出、进行两级分解映射）或事务分析（确定事务中心及接收、发送分支后映射）得到初始SC，再按试探性规则改进软件模块结构。</div><div class=""ansbox"">挖空答案：<b>矩形模块；数据流图；变换分析</b></div><div class=""pg"">教材页码：P58</div>"	结构化软件开发方法 本章难点 13005软件工程
"<div class=""top""><span class=""chip c1"">章节：结构化软件开发方法</span><span class=""chip c2"">本章难点</span></div><h1>利用程序流程图、N-S图、伪代码等工具描绘软件的详细设计</h1><div class=""q"">本章难点——利用<span class=""blank"">______</span>、N-S图、伪代码等工具描绘软件的<span class=""blank"">______</span>：在限定的<span class=""blank"">______</span>下，用程序流程图、N-S图（盒图）或伪代码（PDL）为每个模块的算法和块内数据结构给出清晰、结构化、单人口单出口的过程性描述。</div>"	"<div class=""top""><span class=""chip c1"">章节：结构化软件开发方法</span><span class=""chip c2"">本章难点</span></div><h1>利用程序流程图、N-S图、伪代码等工具描绘软件的详细设计</h1><div class=""a"">本章难点——利用<span class=""hit"">程序流程图</span>、N-S图、伪代码等工具描绘软件的<span class=""hit"">详细设计</span>：在限定的<span class=""hit"">基本控制结构</span>下，用<span class=""hit"">程序流程图</span>、N-S图（盒图）或伪代码（PDL）为每个模块的算法和块内数据结构给出清晰、结构化、单人口单出口的过程性描述。</div><div class=""ansbox"">挖空答案：<b>程序流程图；详细设计；基本控制结构</b></div><div class=""pg"">教材页码：P64</div>"	结构化软件开发方法 本章难点 13005软件工程
"<div class=""top""><span class=""chip c1"">章节：面向对象的软件开发方法</span><span class=""chip c2"">识记</span><span class=""chip c3"">面向对象的基本概念</span></div><h1>对象、类、封装、继承、多态、重载</h1><div class=""q"">对象：面向对象开发模式的基本成分，是由描述该对象属性的数据以及可对这些数据施加的所有操作封装在一起构成的统一体。类：一组具有相同数据结构和相同操作的对象的集合，是具有类似特性与共同行为的对象的模板，每个对象都是类的实例。封装：面向对象方法的重要原则，把对象的属性和服务结合成一个独立系统单元，是一种信息隐藏技术，将外部特征（可用方法）与内部<span class=""blank"">______</span>细节分开。继承：一个类的定义中可派生出另一个类（子类），子类自动拥有父类的全部属性和服务。多态：子类对象可像父类对象那样使用，同样消息可发给父类或子类对象，即“<span class=""blank"">______</span>”，运行时按对象所属类动态选用实现算法。重载：分函数重载（同一<span class=""blank"">______</span>内参数特征不同的函数可使用相同函数名）和运算符重载（同一运算符可对不同类型操作数操作）。</div>"	"<div class=""top""><span class=""chip c1"">章节：面向对象的软件开发方法</span><span class=""chip c2"">识记</span><span class=""chip c3"">面向对象的基本概念</span></div><h1>对象、类、封装、继承、多态、重载</h1><div class=""a"">对象：面向对象开发模式的基本成分，是由描述该对象属性的数据以及可对这些数据施加的所有操作封装在一起构成的统一体。类：一组具有相同数据结构和相同操作的对象的集合，是具有类似特性与共同行为的对象的模板，每个对象都是类的实例。封装：面向对象方法的重要原则，把对象的属性和服务结合成一个独立系统单元，是一种信息隐藏技术，将外部特征（可用方法）与内部<span class=""hit"">实现</span>细节分开。继承：一个类的定义中可派生出另一个类（子类），子类自动拥有父类的全部属性和服务。多态：子类对象可像父类对象那样使用，同样消息可发给父类或子类对象，即“<span class=""hit"">一种方法，多种实现</span>”，运行时按对象所属类动态选用<span class=""hit"">实现</span>算法。重载：分函数重载（同一<span class=""hit"">作用域</span>内参数特征不同的函数可使用相同函数名）和运算符重载（同一运算符可对不同类型操作数操作）。</div><div class=""ansbox"">挖空答案：<b>实现；一种方法，多种实现；作用域</b></div><div class=""pg"">教材页码：P75</div>"	面向对象的软件开发方法 识记 面向对象的基本概念 13005软件工程
"<div class=""top""><span class=""chip c1"">章节：面向对象的软件开发方法</span><span class=""chip c2"">识记</span><span class=""chip c3"">统一建模语言</span></div><h1>UML的定义和用途</h1><div class=""q"">UML（<span class=""blank"">______</span>）是一个通用的可视化建模语言，用于对软件进行描述、可视化处理、构造和建立软件系统的文档。它可用于对系统的<span class=""blank"">______</span>、设计、浏览、配置、维护和信息控制；适用于各种软件开发方法、<span class=""blank"">______</span>各阶段、各种应用领域及各种开发工具，是一种标准建模方法。UML描述系统的静态结构和动态行为，可由可视化建模工具支持，但它不是程序设计语言，也未定义标准开发过程。</div>"	"<div class=""top""><span class=""chip c1"">章节：面向对象的软件开发方法</span><span class=""chip c2"">识记</span><span class=""chip c3"">统一建模语言</span></div><h1>UML的定义和用途</h1><div class=""a"">UML（<span class=""hit"">统一建模语言</span>）是一个通用的可视化建模语言，用于对软件进行描述、可视化处理、构造和建立软件系统的文档。它可用于对系统的<span class=""hit"">需求分析</span>、设计、浏览、配置、维护和信息控制；适用于各种软件开发方法、<span class=""hit"">软件生命周期</span>各阶段、各种应用领域及各种开发工具，是一种标准建模方法。UML描述系统的静态结构和动态行为，可由可视化建模工具支持，但它不是程序设计语言，也未定义标准开发过程。</div><div class=""ansbox"">挖空答案：<b>统一建模语言；需求分析；软件生命周期</b></div><div class=""pg"">教材页码：P79</div>"	面向对象的软件开发方法 识记 统一建模语言 13005软件工程
"<div class=""top""><span class=""chip c1"">章节：面向对象的软件开发方法</span><span class=""chip c2"">领会</span><span class=""chip c3"">统一建模语言</span></div><h1>用例图、时序图、协作图、类图、状态图、组件图、部署图的作用及画法</h1><div class=""q"">用例图：表示系统功能（使用案例）与角色（提供或接收信息的人或系统）间的交互，显示系统总体功能，用椭圆表示用例、棒状小人表示角色。时序图：以时间为纵轴显示对象与角色随时间变化的交互及消息传递流程。<span class=""blank"">______</span>：显示与时序图相同的信息但不参照时间，用直线连接直接通信的对象，用于显示对象间处理过程的分布。类图：显示系统中类与类之间的相互关系，类用方框分类名、属性、操作三部分。<span class=""blank"">______</span>：为对象的各种状态建模，对系统动态功能建模，显示事件导致的状态迁移。组件图：显示模型的物理视图，显示系统软件组件及其相互关系。<span class=""blank"">______</span>：显示网络的物理布局和各种组件（节点）的位置。</div>"	"<div class=""top""><span class=""chip c1"">章节：面向对象的软件开发方法</span><span class=""chip c2"">领会</span><span class=""chip c3"">统一建模语言</span></div><h1>用例图、时序图、协作图、类图、状态图、组件图、部署图的作用及画法</h1><div class=""a"">用例图：表示系统功能（使用案例）与角色（提供或接收信息的人或系统）间的交互，显示系统总体功能，用椭圆表示用例、棒状小人表示角色。时序图：以时间为纵轴显示对象与角色随时间变化的交互及消息传递流程。<span class=""hit"">协作图</span>：显示与时序图相同的信息但不参照时间，用直线连接直接通信的对象，用于显示对象间处理过程的分布。类图：显示系统中类与类之间的相互关系，类用方框分类名、属性、操作三部分。<span class=""hit"">状态图</span>：为对象的各种状态建模，对系统动态功能建模，显示事件导致的状态迁移。组件图：显示模型的物理视图，显示系统软件组件及其相互关系。<span class=""hit"">部署图</span>：显示网络的物理布局和各种组件（节点）的位置。</div><div class=""ansbox"">挖空答案：<b>协作图；状态图；部署图</b></div><div class=""pg"">教材页码：P79</div>"	面向对象的软件开发方法 领会 统一建模语言 13005软件工程
"<div class=""top""><span class=""chip c1"">章节：面向对象的软件开发方法</span><span class=""chip c2"">识记</span><span class=""chip c3"">面向对象的需求分析</span></div><h1>面向对象分析的任务</h1><div class=""q""><span class=""blank"">______</span>的<span class=""blank"">______</span>是抽取和整理用户需求并建立<span class=""blank"">______</span>精确模型的过程，这些模型可以从不同的角度描述系统。在面向对象的分析和设计中通常采用UML作为建模语言。</div>"	"<div class=""top""><span class=""chip c1"">章节：面向对象的软件开发方法</span><span class=""chip c2"">识记</span><span class=""chip c3"">面向对象的需求分析</span></div><h1>面向对象分析的任务</h1><div class=""a""><span class=""hit"">面向对象</span>的<span class=""hit"">需求分析</span>是抽取和整理用户需求并建立<span class=""hit"">问题域</span>精确模型的过程，这些模型可以从不同的角度描述系统。在<span class=""hit"">面向对象</span>的分析和设计中通常采用UML作为建模语言。</div><div class=""ansbox"">挖空答案：<b>面向对象；需求分析；问题域</b></div><div class=""pg"">教材页码：P85</div>"	面向对象的软件开发方法 识记 面向对象的需求分析 13005软件工程
"<div class=""top""><span class=""chip c1"">章节：面向对象的软件开发方法</span><span class=""chip c2"">识记</span><span class=""chip c3"">面向对象的需求分析</span></div><h1>面向对象分析常用的5种图</h1><div class=""q"">在<span class=""blank"">______</span>的分析中主要使用以下5种UML图：①活动图，表示一个过程或数据处理中所涉及的活动；②用例图，表示一个系统和它所处环境之间的交互；③时序图，表示<span class=""blank"">______</span>和系统之间及系统各部分之间的交互；④类图，表示系统中的对象类及这些类之间的联系；⑤<span class=""blank"">______</span>，表示系统是如何响应内部和外部事件的。</div>"	"<div class=""top""><span class=""chip c1"">章节：面向对象的软件开发方法</span><span class=""chip c2"">识记</span><span class=""chip c3"">面向对象的需求分析</span></div><h1>面向对象分析常用的5种图</h1><div class=""a"">在<span class=""hit"">面向对象</span>的分析中主要使用以下5种UML图：①活动图，表示一个过程或数据处理中所涉及的活动；②用例图，表示一个系统和它所处环境之间的交互；③时序图，表示<span class=""hit"">参与者</span>和系统之间及系统各部分之间的交互；④类图，表示系统中的对象类及这些类之间的联系；⑤<span class=""hit"">状态图</span>，表示系统是如何响应内部和外部事件的。</div><div class=""ansbox"">挖空答案：<b>面向对象；参与者；状态图</b></div><div class=""pg"">教材页码：P85</div>"	面向对象的软件开发方法 识记 面向对象的需求分析 13005软件工程
"<div class=""top""><span class=""chip c1"">章节：面向对象的软件开发方法</span><span class=""chip c2"">识记</span><span class=""chip c3"">面向对象的需求分析</span></div><h1>活动图的作用与图标</h1><div class=""q""><span class=""blank"">______</span>本质上是一种流程图，着重表现一个活动到另一个活动的<span class=""blank"">______</span>流，是内部处理驱动的流程，是UML中最适合描述企业业务流程的工具，可让分析师与领域专家就业务规范良好<span class=""blank"">______</span>。图标：起始点（实心圆）、结束点（牛眼图标）、活动（活动框）、对象（对象框）、约束条件（方括号[]）、分叉（分叉棒）、会合（会合棒）。</div>"	"<div class=""top""><span class=""chip c1"">章节：面向对象的软件开发方法</span><span class=""chip c2"">识记</span><span class=""chip c3"">面向对象的需求分析</span></div><h1>活动图的作用与图标</h1><div class=""a""><span class=""hit"">活动图</span>本质上是一种流程图，着重表现一个活动到另一个活动的<span class=""hit"">控制</span>流，是内部处理驱动的流程，是UML中最适合描述企业业务流程的工具，可让分析师与领域专家就业务规范良好<span class=""hit"">沟通</span>。图标：起始点（实心圆）、结束点（牛眼图标）、活动（活动框）、对象（对象框）、约束条件（方括号[]）、分叉（分叉棒）、会合（会合棒）。</div><div class=""ansbox"">挖空答案：<b>活动图；控制；沟通</b></div><div class=""pg"">教材页码：P87</div>"	面向对象的软件开发方法 识记 面向对象的需求分析 13005软件工程
"<div class=""top""><span class=""chip c1"">章节：面向对象的软件开发方法</span><span class=""chip c2"">识记</span><span class=""chip c3"">面向对象的需求分析</span></div><h1>用例图的作用与规范</h1><div class=""q"">用例是在一个系统中所进行的一连串处置活动，能满足系统外部执行者对系统的某种预期，与某一<span class=""blank"">______</span>对应，代表<span class=""blank"">______</span>对系统“<span class=""blank"">______</span>”。规范：①用例——用椭圆形表示，对应一个完整功能；②执行者——棒状小人图形，代表系统外对系统有影响力的用户或外部系统；③关联——执行者与用例间用带箭头的线，表示执行者启动用例；④用例间包含关系——用&lt;&lt;include&gt;&gt;表示，执行基本用例时必须执行被包含用例。</div>"	"<div class=""top""><span class=""chip c1"">章节：面向对象的软件开发方法</span><span class=""chip c2"">识记</span><span class=""chip c3"">面向对象的需求分析</span></div><h1>用例图的作用与规范</h1><div class=""a"">用例是在一个系统中所进行的一连串处置活动，能满足系统外部执行者对系统的某种预期，与某一<span class=""hit"">功能</span>对应，代表<span class=""hit"">用户</span>对系统“<span class=""hit"">某一个完整期望</span>”。规范：①用例——用椭圆形表示，对应一个完整<span class=""hit"">功能</span>；②执行者——棒状小人图形，代表系统外对系统有影响力的<span class=""hit"">用户</span>或外部系统；③关联——执行者与用例间用带箭头的线，表示执行者启动用例；④用例间包含关系——用&lt;&lt;include&gt;&gt;表示，执行基本用例时必须执行被包含用例。</div><div class=""ansbox"">挖空答案：<b>功能；用户；某一个完整期望</b></div><div class=""pg"">教材页码：P88</div>"	面向对象的软件开发方法 识记 面向对象的需求分析 13005软件工程
"<div class=""top""><span class=""chip c1"">章节：面向对象的软件开发方法</span><span class=""chip c2"">识记</span><span class=""chip c3"">面向对象的需求分析</span></div><h1>对象模型中的实体类、边界类、控制类</h1><div class=""q""><span class=""blank"">______</span>中的类包括3种：①<span class=""blank"">______</span>——问题域中的核心类，一般从客观世界实体对象归纳和抽象出来，用于长期保存系统中的信息及提供相关处理行为；②边界类——从系统和外界交互的对象中归纳抽象出来，是系统类对象和系统外执行者的连接媒介，外界消息须经边界类对象实例才能发给系统；③<span class=""blank"">______</span>——用于协调系统边界类和实体类之间的交互。</div>"	"<div class=""top""><span class=""chip c1"">章节：面向对象的软件开发方法</span><span class=""chip c2"">识记</span><span class=""chip c3"">面向对象的需求分析</span></div><h1>对象模型中的实体类、边界类、控制类</h1><div class=""a""><span class=""hit"">对象模型</span>中的类包括3种：①<span class=""hit"">实体类</span>——问题域中的核心类，一般从客观世界实体对象归纳和抽象出来，用于长期保存系统中的信息及提供相关处理行为；②边界类——从系统和外界交互的对象中归纳抽象出来，是系统类对象和系统外执行者的连接媒介，外界消息须经边界类对象实例才能发给系统；③<span class=""hit"">控制类</span>——用于协调系统边界类和<span class=""hit"">实体类</span>之间的交互。</div><div class=""ansbox"">挖空答案：<b>对象模型；实体类；控制类</b></div><div class=""pg"">教材页码：P93</div>"	面向对象的软件开发方法 识记 面向对象的需求分析 13005软件工程
"<div class=""top""><span class=""chip c1"">章节：面向对象的软件开发方法</span><span class=""chip c2"">识记</span><span class=""chip c3"">面向对象的需求分析</span></div><h1>类的组成</h1><div class=""q"">类主要由三部分组成：①类名（<span class=""blank"">______</span>）——访问类的索引，应含义清晰、准确、无歧义；②属性（<span class=""blank"">______</span>）——描述该类对象所具有的特征，有可见性（private/protected/package/public），语法格式为[可见性]属性名:类型[=初值]；③操作（<span class=""blank"">______</span>）——描述对数据的具体处理方法，说明该类能做什么，语法格式为[可见性]操作名[(参数表):返回类型]。</div>"	"<div class=""top""><span class=""chip c1"">章节：面向对象的软件开发方法</span><span class=""chip c2"">识记</span><span class=""chip c3"">面向对象的需求分析</span></div><h1>类的组成</h1><div class=""a"">类主要由三部分组成：①类名（<span class=""hit"">Name</span>）——访问类的索引，应含义清晰、准确、无歧义；②属性（<span class=""hit"">Attribute</span>）——描述该类对象所具有的特征，有可见性（private/protected/package/public），语法格式为[可见性]属性名:类型[=初值]；③操作（<span class=""hit"">Operation</span>）——描述对数据的具体处理方法，说明该类能做什么，语法格式为[可见性]操作名[(参数表):返回类型]。</div><div class=""ansbox"">挖空答案：<b>Name；Attribute；Operation</b></div><div class=""pg"">教材页码：P93</div>"	面向对象的软件开发方法 识记 面向对象的需求分析 13005软件工程
"<div class=""top""><span class=""chip c1"">章节：面向对象的软件开发方法</span><span class=""chip c2"">识记</span><span class=""chip c3"">面向对象的需求分析</span></div><h1>类图的作用与规范</h1><div class=""q""><span class=""blank"">______</span>用于描述系统的静态<span class=""blank"">______</span>，是整个开发过程中最重要的产物，可完整表达并保存设计想法，反映类与类之间的相互关系。规范：每个类用方框表示，分三部分——第一部分类名、第二部分属性、第三部分<span class=""blank"">______</span>；连接类的直线表示类之间的关系；属性和操作前的小锁图标表示专用（私有）属性和操作。</div>"	"<div class=""top""><span class=""chip c1"">章节：面向对象的软件开发方法</span><span class=""chip c2"">识记</span><span class=""chip c3"">面向对象的需求分析</span></div><h1>类图的作用与规范</h1><div class=""a""><span class=""hit"">类图</span>用于描述系统的静态<span class=""hit"">结构</span>，是整个开发过程中最重要的产物，可完整表达并保存设计想法，反映类与类之间的相互关系。规范：每个类用方框表示，分三部分——第一部分类名、第二部分属性、第三部分<span class=""hit"">操作</span>；连接类的直线表示类之间的关系；属性和<span class=""hit"">操作</span>前的小锁图标表示专用（私有）属性和<span class=""hit"">操作</span>。</div><div class=""ansbox"">挖空答案：<b>类图；结构；操作</b></div><div class=""pg"">教材页码：P93</div>"	面向对象的软件开发方法 识记 面向对象的需求分析 13005软件工程
"<div class=""top""><span class=""chip c1"">章节：面向对象的软件开发方法</span><span class=""chip c2"">识记</span><span class=""chip c3"">面向对象的需求分析</span></div><h1>类中的属性和操作</h1><div class=""q"">属性：用来描述该类的对象所具有的特征（如学生类的姓名、学号），建模时只抽象系统需要使用的特征作为属性；属性有<span class=""blank"">______</span>以控制外部对属性的操作方式，语法格式为[可见性]属性名:类型[=初值(约束特性)]。操作：描述对<span class=""blank"">______</span>的具体处理<span class=""blank"">______</span>，存取或改变属性值或执行某个动作都是操作，说明该类能做什么工作；操作可见性与属性相同，语法格式为[可见性]操作名[(参数表):返回类型][约束特性]。</div>"	"<div class=""top""><span class=""chip c1"">章节：面向对象的软件开发方法</span><span class=""chip c2"">识记</span><span class=""chip c3"">面向对象的需求分析</span></div><h1>类中的属性和操作</h1><div class=""a"">属性：用来描述该类的对象所具有的特征（如学生类的姓名、学号），建模时只抽象系统需要使用的特征作为属性；属性有<span class=""hit"">可见性</span>以控制外部对属性的操作方式，语法格式为[<span class=""hit"">可见性</span>]属性名:类型[=初值(约束特性)]。操作：描述对<span class=""hit"">数据</span>的具体处理<span class=""hit"">方法</span>，存取或改变属性值或执行某个动作都是操作，说明该类能做什么工作；操作<span class=""hit"">可见性</span>与属性相同，语法格式为[<span class=""hit"">可见性</span>]操作名[(参数表):返回类型][约束特性]。</div><div class=""ansbox"">挖空答案：<b>可见性；数据；方法</b></div><div class=""pg"">教材页码：P93</div>"	面向对象的软件开发方法 识记 面向对象的需求分析 13005软件工程
"<div class=""top""><span class=""chip c1"">章节：面向对象的软件开发方法</span><span class=""chip c2"">识记</span><span class=""chip c3"">面向对象的需求分析</span></div><h1>类关系的图标</h1><div class=""q"">类关系图标：①关联——类之间的一根直线，表示两类对象间的结构性关系；②泛化——由子类指向父类的空心三角箭头，表示“<span class=""blank"">______</span>”与“特殊”关系；③整体-部分（聚合）——整体一侧关联端点为空心菱形，部分方可独立存在；组合——整体一侧为实心菱形，部分类须与整体类共存亡；④依赖——带箭头的虚线，表示“<span class=""blank"">______</span>”的使用关系；⑤<span class=""blank"">______</span>——在关联/整体-部分关系两端标注对象允许的最少及最多数量（如4..n）。</div>"	"<div class=""top""><span class=""chip c1"">章节：面向对象的软件开发方法</span><span class=""chip c2"">识记</span><span class=""chip c3"">面向对象的需求分析</span></div><h1>类关系的图标</h1><div class=""a"">类关系图标：①关联——类之间的一根直线，表示两类对象间的结构性关系；②泛化——由子类指向父类的空心三角箭头，表示“<span class=""hit"">一般</span>”与“特殊”关系；③整体-部分（聚合）——整体一侧关联端点为空心菱形，部分方可独立存在；组合——整体一侧为实心菱形，部分类须与整体类共存亡；④依赖——带箭头的虚线，表示“<span class=""hit"">弱相关</span>”的使用关系；⑤<span class=""hit"">多重性</span>——在关联/整体-部分关系两端标注对象允许的最少及最多数量（如4..n）。</div><div class=""ansbox"">挖空答案：<b>一般；弱相关；多重性</b></div><div class=""pg"">教材页码：P94</div>"	面向对象的软件开发方法 识记 面向对象的需求分析 13005软件工程
"<div class=""top""><span class=""chip c1"">章节：面向对象的软件开发方法</span><span class=""chip c2"">识记</span><span class=""chip c3"">面向对象的需求分析</span></div><h1>时序图的作用</h1><div class=""q""><span class=""blank"">______</span>最主要的目的是表达对象与对象之间是如何沟通与合作的，是一种<span class=""blank"">______</span>。其主要任务：①表达设计人员心中程序运行时的对象协作模型；②验证软件领域模型（类图）的正确性——时序图中所有元素都必须在类图中存在；③为程序员提供编码的蓝图——以时间为纵轴，符合编码的顺序，但只求精细适度，是“蓝图”而非完整“<span class=""blank"">______</span>”。</div>"	"<div class=""top""><span class=""chip c1"">章节：面向对象的软件开发方法</span><span class=""chip c2"">识记</span><span class=""chip c3"">面向对象的需求分析</span></div><h1>时序图的作用</h1><div class=""a""><span class=""hit"">时序图</span>最主要的目的是表达对象与对象之间是如何沟通与合作的，是一种<span class=""hit"">动态模型</span>。其主要任务：①表达设计人员心中程序运行时的对象协作模型；②验证软件领域模型（类图）的正确性——<span class=""hit"">时序图</span>中所有元素都必须在类图中存在；③为程序员提供编码的蓝图——以时间为纵轴，符合编码的顺序，但只求精细适度，是“蓝图”而非完整“<span class=""hit"">施工计划</span>”。</div><div class=""ansbox"">挖空答案：<b>时序图；动态模型；施工计划</b></div><div class=""pg"">教材页码：P99</div>"	面向对象的软件开发方法 识记 面向对象的需求分析 13005软件工程
"<div class=""top""><span class=""chip c1"">章节：面向对象的软件开发方法</span><span class=""chip c2"">识记</span><span class=""chip c3"">面向对象的需求分析</span></div><h1>状态图的作用与规范</h1><div class=""q""><span class=""blank"">______</span>用来描述一个类对象在不同<span class=""blank"">______</span>间状态的迁移，当用例或事件发生时类对象状态发生迁移，有助于分析人员审核业务逻辑、完善<span class=""blank"">______</span>。规范：①起始状态——实心圆形，一个状态机只能有一个；②结束状态——牛眼图标，可有多个；③状态——圆角矩形，可含该状态执行动作的简述；④迁移——带标签的箭头，表示状态变化及触发事件；⑤事件触发器——在迁移上标记造成状态迁移的事件。方括号中的条件称为保证条件，控制状态转变能否发生。</div>"	"<div class=""top""><span class=""chip c1"">章节：面向对象的软件开发方法</span><span class=""chip c2"">识记</span><span class=""chip c3"">面向对象的需求分析</span></div><h1>状态图的作用与规范</h1><div class=""a""><span class=""hit"">状态图</span>用来描述一个类对象在不同<span class=""hit"">用例</span>间状态的迁移，当<span class=""hit"">用例</span>或事件发生时类对象状态发生迁移，有助于分析人员审核业务逻辑、完善<span class=""hit"">静态模型</span>。规范：①起始状态——实心圆形，一个状态机只能有一个；②结束状态——牛眼图标，可有多个；③状态——圆角矩形，可含该状态执行动作的简述；④迁移——带标签的箭头，表示状态变化及触发事件；⑤事件触发器——在迁移上标记造成状态迁移的事件。方括号中的条件称为保证条件，控制状态转变能否发生。</div><div class=""ansbox"">挖空答案：<b>状态图；用例；静态模型</b></div><div class=""pg"">教材页码：P103</div>"	面向对象的软件开发方法 识记 面向对象的需求分析 13005软件工程
"<div class=""top""><span class=""chip c1"">章节：面向对象的软件开发方法</span><span class=""chip c2"">领会</span><span class=""chip c3"">面向对象的需求分析</span></div><h1>基于用例实现的面向对象的建模步骤</h1><div class=""q"">基于用例实现的<span class=""blank"">______</span>建模步骤：1）通过与用户沟通了解用户基本需求；2）确定系统边界，定义系统做什么和不做什么及与外部系统的交互，建立上下文模型；3）了解系统业务流程，建立<span class=""blank"">______</span>模型；4）从用户与系统交互角度确定目标系统功能，建立用例模型；5）识别问题域内全部实体对象和类（含属性、方法、类间层次关系），建立系统静态结构模型；6）基于用例，通过时序图描述系统内各对象间的交互关系；7）识别对象行为和系统工作过程，利用<span class=""blank"">______</span>从事件驱动角度分析对象状态变化，完善类图；8）迭代执行步骤1）~7）直到完成模型建立。</div>"	"<div class=""top""><span class=""chip c1"">章节：面向对象的软件开发方法</span><span class=""chip c2"">领会</span><span class=""chip c3"">面向对象的需求分析</span></div><h1>基于用例实现的面向对象的建模步骤</h1><div class=""a"">基于用例实现的<span class=""hit"">面向对象</span>建模步骤：1）通过与用户沟通了解用户基本需求；2）确定系统边界，定义系统做什么和不做什么及与外部系统的交互，建立上下文模型；3）了解系统业务流程，建立<span class=""hit"">活动图</span>模型；4）从用户与系统交互角度确定目标系统功能，建立用例模型；5）识别问题域内全部实体对象和类（含属性、方法、类间层次关系），建立系统静态结构模型；6）基于用例，通过时序图描述系统内各对象间的交互关系；7）识别对象行为和系统工作过程，利用<span class=""hit"">状态图</span>从事件驱动角度分析对象状态变化，完善类图；8）迭代执行步骤1）~7）直到完成模型建立。</div><div class=""ansbox"">挖空答案：<b>面向对象；活动图；状态图</b></div><div class=""pg"">教材页码：P85</div>"	面向对象的软件开发方法 领会 面向对象的需求分析 13005软件工程
"<div class=""top""><span class=""chip c1"">章节：面向对象的软件开发方法</span><span class=""chip c2"">领会</span><span class=""chip c3"">面向对象的需求分析</span></div><h1>对用例图的描述</h1><div class=""q"">完成用例图后需对每个用例进行详细描述，一般至少分4个方面：1）用例的简述——用一两句话说明用例目的；2）用例的正常流——说明执行者和系统交互过程，假设流程全部实现，句子都必须是肯定句；3）用例的替代流——用另外的流程说明正常流中的“<span class=""blank"">______</span>”，而非写if-then-else；4）用例的意外处理——系统例外状态（错误）的处理。实际描述还可含参与者、<span class=""blank"">______</span>、<span class=""blank"">______</span>。可采用迭代增量方式：第一次只处理正常流精要，第二次补充细节，第三次处理替代流及意外。</div>"	"<div class=""top""><span class=""chip c1"">章节：面向对象的软件开发方法</span><span class=""chip c2"">领会</span><span class=""chip c3"">面向对象的需求分析</span></div><h1>对用例图的描述</h1><div class=""a"">完成用例图后需对每个用例进行详细描述，一般至少分4个方面：1）用例的简述——用一两句话说明用例目的；2）用例的正常流——说明执行者和系统交互过程，假设流程全部实现，句子都必须是肯定句；3）用例的替代流——用另外的流程说明正常流中的“<span class=""hit"">替代路径</span>”，而非写if-then-else；4）用例的意外处理——系统例外状态（错误）的处理。实际描述还可含参与者、<span class=""hit"">前置条件</span>、<span class=""hit"">后置条件</span>。可采用迭代增量方式：第一次只处理正常流精要，第二次补充细节，第三次处理替代流及意外。</div><div class=""ansbox"">挖空答案：<b>替代路径；前置条件；后置条件</b></div><div class=""pg"">教材页码：P90</div>"	面向对象的软件开发方法 领会 面向对象的需求分析 13005软件工程
"<div class=""top""><span class=""chip c1"">章节：面向对象的软件开发方法</span><span class=""chip c2"">领会</span><span class=""chip c3"">面向对象的需求分析</span></div><h1>类之间的关系:关联关系、泛化关系、整体-部分关系、依赖关系、多重性</h1><div class=""q"">①关联——表达两个类对象彼此间的结构性关系（如Payment对应Order），图标为类间直线；②泛化——表达“<span class=""blank"">______</span>”与“特殊”关系，子类可继承父类，也用于实现接口，图标为子类指向父类的箭头；③整体-部分关系——关联的特例，分聚合（部分方实例可同时参与多个整体、可独立存在，整体端空心菱形）和组合（部分方完全隶属整体、整体消失部分也消失，整体端实心菱形）；④依赖——一种使用关系/“<span class=""blank"">______</span>”，独立模型改变会影响依赖它的元素，图标为虚线箭头；⑤<span class=""blank"">______</span>——在关联或整体-部分关系中使用，表示彼此允许的最少及最多对象数量（如汽车与轮胎4..8）。</div>"	"<div class=""top""><span class=""chip c1"">章节：面向对象的软件开发方法</span><span class=""chip c2"">领会</span><span class=""chip c3"">面向对象的需求分析</span></div><h1>类之间的关系:关联关系、泛化关系、整体-部分关系、依赖关系、多重性</h1><div class=""a"">①关联——表达两个类对象彼此间的结构性关系（如Payment对应Order），图标为类间直线；②泛化——表达“<span class=""hit"">一般</span>”与“特殊”关系，子类可继承父类，也用于实现接口，图标为子类指向父类的箭头；③整体-部分关系——关联的特例，分聚合（部分方实例可同时参与多个整体、可独立存在，整体端空心菱形）和组合（部分方完全隶属整体、整体消失部分也消失，整体端实心菱形）；④依赖——一种使用关系/“<span class=""hit"">弱相关</span>”，独立模型改变会影响依赖它的元素，图标为虚线箭头；⑤<span class=""hit"">多重性</span>——在关联或整体-部分关系中使用，表示彼此允许的最少及最多对象数量（如汽车与轮胎4..8）。</div><div class=""ansbox"">挖空答案：<b>一般；弱相关；多重性</b></div><div class=""pg"">教材页码：P94</div>"	面向对象的软件开发方法 领会 面向对象的需求分析 13005软件工程
"<div class=""top""><span class=""chip c1"">章节：面向对象的软件开发方法</span><span class=""chip c2"">领会</span><span class=""chip c3"">面向对象的需求分析</span></div><h1>类的筛选</h1><div class=""q"">先找出所有候选类与对象，再从候选中筛选掉不正确或不必要的，可从以下几方面筛选：1）冗余——两个类表达同样信息时保留最富描述力的名称（如去掉购物单保留订单）；2）无关——只把与问题密切相关的类与对象纳入系统；3）笼统——去掉笼统、泛指而无需记忆信息或有更具体名字对应的类；4）属性——把实际属于对象属性的名词从候选对象中去掉，但独立性很强的性质应作为类；5）操作——慎判可名可动的词应作类还是操作；6）<span class=""blank"">______</span>——分析阶段去掉与实现有关的候选类（如<span class=""blank"">______</span>、<span class=""blank"">______</span>、Web页）。</div>"	"<div class=""top""><span class=""chip c1"">章节：面向对象的软件开发方法</span><span class=""chip c2"">领会</span><span class=""chip c3"">面向对象的需求分析</span></div><h1>类的筛选</h1><div class=""a"">先找出所有候选类与对象，再从候选中筛选掉不正确或不必要的，可从以下几方面筛选：1）冗余——两个类表达同样信息时保留最富描述力的名称（如去掉购物单保留订单）；2）无关——只把与问题密切相关的类与对象纳入系统；3）笼统——去掉笼统、泛指而无需记忆信息或有更具体名字对应的类；4）属性——把实际属于对象属性的名词从候选对象中去掉，但独立性很强的性质应作为类；5）操作——慎判可名可动的词应作类还是操作；6）<span class=""hit"">实现</span>——分析阶段去掉与<span class=""hit"">实现</span>有关的候选类（如<span class=""hit"">控制类</span>、<span class=""hit"">边界类</span>、Web页）。</div><div class=""ansbox"">挖空答案：<b>实现；控制类；边界类</b></div><div class=""pg"">教材页码：P95</div>"	面向对象的软件开发方法 领会 面向对象的需求分析 13005软件工程
"<div class=""top""><span class=""chip c1"">章节：面向对象的软件开发方法</span><span class=""chip c2"">领会</span><span class=""chip c3"">面向对象的需求分析</span></div><h1>时序图中的对象、消息、生命线、活动棒</h1><div class=""q""><span class=""blank"">______</span>要素：①对象——每个参与部分都是对象，以“<span class=""blank"">______</span>”表达，未命名时只用“<span class=""blank"">______</span>”；②消息——对象间只能通过传递消息联系，消息即对象所属类的操作，分简单消息（只表示控制如何传递）、同步消息（发送方阻塞等待接收完）、异步消息（非阻塞）、返回消息（操作调用完成返回）；③生命线——用虚线表示，对象必须在其生命线中才能彼此交换消息，时间自上而下呈现；④活动棒——生命线上的狭长矩形，棒内所有消息间有清晰时序关系，这些操作要么全做要么全不做，共同完成一个完整任务。</div>"	"<div class=""top""><span class=""chip c1"">章节：面向对象的软件开发方法</span><span class=""chip c2"">领会</span><span class=""chip c3"">面向对象的需求分析</span></div><h1>时序图中的对象、消息、生命线、活动棒</h1><div class=""a""><span class=""hit"">时序图</span>要素：①对象——每个参与部分都是对象，以“<span class=""hit"">对象名称:类名称</span>”表达，未命名时只用“<span class=""hit"">:类名称</span>”；②消息——对象间只能通过传递消息联系，消息即对象所属类的操作，分简单消息（只表示控制如何传递）、同步消息（发送方阻塞等待接收完）、异步消息（非阻塞）、返回消息（操作调用完成返回）；③生命线——用虚线表示，对象必须在其生命线中才能彼此交换消息，时间自上而下呈现；④活动棒——生命线上的狭长矩形，棒内所有消息间有清晰时序关系，这些操作要么全做要么全不做，共同完成一个完整任务。</div><div class=""ansbox"">挖空答案：<b>时序图；对象名称:类名称；:类名称</b></div><div class=""pg"">教材页码：P101</div>"	面向对象的软件开发方法 领会 面向对象的需求分析 13005软件工程
"<div class=""top""><span class=""chip c1"">章节：面向对象的软件开发方法</span><span class=""chip c2"">领会</span><span class=""chip c3"">面向对象的需求分析</span></div><h1>状态图建模</h1><div class=""q"">状态图建模步骤：1）识别对象在<span class=""blank"">______</span>中的<span class=""blank"">______</span>——分直线式（有时间顺序，进入初态经后续状态直至结束）和循环式（可返回已过状态）；2）确定生命周期<span class=""blank"">______</span>的划分策略——按问题域关心的策略（如按付款情况划分为未付款/已付款阶段）；3）按阶段重新描述生命周期，得到候选状态；4）识别对象在每个候选状态下的动作并调整状态空间——无动作的状态值得怀疑，动作太复杂则进一步划分；5）分析每个状态的确定因素（决定该状态的数据属性及其取值）；6）检查对象状态的确定性和状态间互斥性——任意两状态间不存在可同时归入两者的中间状态。再据此绘制状态间迁移。</div>"	"<div class=""top""><span class=""chip c1"">章节：面向对象的软件开发方法</span><span class=""chip c2"">领会</span><span class=""chip c3"">面向对象的需求分析</span></div><h1>状态图建模</h1><div class=""a"">状态图建模步骤：1）识别对象在<span class=""hit"">问题域</span>中的<span class=""hit"">生命周期</span>——分直线式（有时间顺序，进入初态经后续状态直至结束）和循环式（可返回已过状态）；2）确定<span class=""hit"">生命周期</span><span class=""hit"">阶段</span>的划分策略——按<span class=""hit"">问题域</span>关心的策略（如按付款情况划分为未付款/已付款<span class=""hit"">阶段</span>）；3）按<span class=""hit"">阶段</span>重新描述<span class=""hit"">生命周期</span>，得到候选状态；4）识别对象在每个候选状态下的动作并调整状态空间——无动作的状态值得怀疑，动作太复杂则进一步划分；5）分析每个状态的确定因素（决定该状态的数据属性及其取值）；6）检查对象状态的确定性和状态间互斥性——任意两状态间不存在可同时归入两者的中间状态。再据此绘制状态间迁移。</div><div class=""ansbox"">挖空答案：<b>问题域；生命周期；阶段</b></div><div class=""pg"">教材页码：P104</div>"	面向对象的软件开发方法 领会 面向对象的需求分析 13005软件工程
"<div class=""top""><span class=""chip c1"">章节：面向对象的软件开发方法</span><span class=""chip c2"">综合应用</span><span class=""chip c3"">面向对象的需求分析</span></div><h1>确定系统的范围,建立系统的上下文模型</h1><div class=""q"">在系统描述的早期<span class=""blank"">______</span>，首先界定系统的范围与边界，与客户一起明确系统应该做什么：确保系统<span class=""blank"">______</span>对哪些业务过程的自动支持、哪些为手工或其他系统支持，查看现有系统<span class=""blank"">______</span>重合部分并决定新功能在哪里实现。系统边界确定后，定义系统上下文和系统与环境间的依赖关系，建立简单的上下文模型——表示目标系统与其他外部系统（产生/使用系统数据，可直接或经网络连接）的关系，从而明确系统与外部系统的交互。</div>"	"<div class=""top""><span class=""chip c1"">章节：面向对象的软件开发方法</span><span class=""chip c2"">综合应用</span><span class=""chip c3"">面向对象的需求分析</span></div><h1>确定系统的范围,建立系统的上下文模型</h1><div class=""a"">在系统描述的早期<span class=""hit"">阶段</span>，首先界定系统的范围与边界，与客户一起明确系统应该做什么：确保系统<span class=""hit"">实现</span>对哪些业务过程的自动支持、哪些为手工或其他系统支持，查看现有系统<span class=""hit"">功能</span>重合部分并决定新<span class=""hit"">功能</span>在哪里<span class=""hit"">实现</span>。系统边界确定后，定义系统上下文和系统与环境间的依赖关系，建立简单的上下文模型——表示目标系统与其他外部系统（产生/使用系统数据，可直接或经网络连接）的关系，从而明确系统与外部系统的交互。</div><div class=""ansbox"">挖空答案：<b>阶段；实现；功能</b></div><div class=""pg"">教材页码：P86</div>"	面向对象的软件开发方法 综合应用 面向对象的需求分析 13005软件工程
"<div class=""top""><span class=""chip c1"">章节：面向对象的软件开发方法</span><span class=""chip c2"">综合应用</span><span class=""chip c3"">面向对象的需求分析</span></div><h1>进行业务分析得到描述业务的活动图</h1><div class=""q"">项目初期了解系统内部业务流程非常重要，UML中最适合描述企业业务流程的工具就是<span class=""blank"">______</span>。活动图本质是流程图，着重表现一个活动到另一个活动的控制流。据此绘制描述业务的活动图：以<span class=""blank"">______</span>划分客户、销售员、仓库管理员等<span class=""blank"">______</span>，用起始/结束点、活动、对象、约束条件、分叉、会合等图标表示业务流程（如下单、付款、订单处理、发货、收货确认等），使分析师与领域专家就业务规范良好沟通。</div>"	"<div class=""top""><span class=""chip c1"">章节：面向对象的软件开发方法</span><span class=""chip c2"">综合应用</span><span class=""chip c3"">面向对象的需求分析</span></div><h1>进行业务分析得到描述业务的活动图</h1><div class=""a"">项目初期了解系统内部业务流程非常重要，UML中最适合描述企业业务流程的工具就是<span class=""hit"">活动图</span>。<span class=""hit"">活动图</span>本质是流程图，着重表现一个活动到另一个活动的控制流。据此绘制描述业务的<span class=""hit"">活动图</span>：以<span class=""hit"">泳道</span>划分客户、销售员、仓库管理员等<span class=""hit"">参与者</span>，用起始/结束点、活动、对象、约束条件、分叉、会合等图标表示业务流程（如下单、付款、订单处理、发货、收货确认等），使分析师与领域专家就业务规范良好沟通。</div><div class=""ansbox"">挖空答案：<b>活动图；泳道；参与者</b></div><div class=""pg"">教材页码：P87</div>"	面向对象的软件开发方法 综合应用 面向对象的需求分析 13005软件工程
"<div class=""top""><span class=""chip c1"">章节：面向对象的软件开发方法</span><span class=""chip c2"">综合应用</span><span class=""chip c3"">面向对象的需求分析</span></div><h1>根据活动图及与业务人员的沟通得到描述系统功能的用例图</h1><div class=""q"">根据对业务流程的了解和<span class=""blank"">______</span>，按3步完成用例模型：（1）利用与用户对话找出系统用例——把活动图中每个活动当作候选用例，逐一询问谁是主要<span class=""blank"">______</span>、是否需要系统提供服务、提供什么服务、是否需要其他信息系统支持，命名用“<span class=""blank"">______</span>”方式；（2）画用例图——将参与者和用例加入图中，建立参与者与用例的通信关系及用例间关系，可用包机制管理众多用例；（3）完成用例的描述——对每个用例从简述、正常流、替代流、意外处理4方面详细描述，并及早与用户讨论直至满意。</div>"	"<div class=""top""><span class=""chip c1"">章节：面向对象的软件开发方法</span><span class=""chip c2"">综合应用</span><span class=""chip c3"">面向对象的需求分析</span></div><h1>根据活动图及与业务人员的沟通得到描述系统功能的用例图</h1><div class=""a"">根据对业务流程的了解和<span class=""hit"">活动图</span>，按3步完成用例模型：（1）利用与用户对话找出系统用例——把<span class=""hit"">活动图</span>中每个活动当作候选用例，逐一询问谁是主要<span class=""hit"">参与者</span>、是否需要系统提供服务、提供什么服务、是否需要其他信息系统支持，命名用“<span class=""hit"">动词+名词</span>”方式；（2）画用例图——将<span class=""hit"">参与者</span>和用例加入图中，建立<span class=""hit"">参与者</span>与用例的通信关系及用例间关系，可用包机制管理众多用例；（3）完成用例的描述——对每个用例从简述、正常流、替代流、意外处理4方面详细描述，并及早与用户讨论直至满意。</div><div class=""ansbox"">挖空答案：<b>活动图；参与者；动词+名词</b></div><div class=""pg"">教材页码：P89</div>"	面向对象的软件开发方法 综合应用 面向对象的需求分析 13005软件工程
"<div class=""top""><span class=""chip c1"">章节：面向对象的软件开发方法</span><span class=""chip c2"">综合应用</span><span class=""chip c3"">面向对象的需求分析</span></div><h1>通过识别类、对象、属性、操作与关联建立系统的分析类图</h1><div class=""q"">按以下过程建立<span class=""blank"">______</span>图（静态结构模型）：（1）识别类与对象——从可感知物理实体、人或组织的角色、应记忆的事件、对象间相互作用、需说明的概念5类事物找候选类，再按冗余、无关、笼统、属性、操作、实现筛选；（2）识别属性——用名词/名词词组描述类特征，借助领域知识确定，注意把对象当属性、关联类属性、内部状态等问题；（3）确定操作——依据需求陈述、<span class=""blank"">______</span>，把对象收到的“<span class=""blank"">______</span>”映射为类的“操作”；（4）识别关联——识别泛化关系、整体-部分关系、关联关系。经迭代修改完善得到系统分析类图。</div>"	"<div class=""top""><span class=""chip c1"">章节：面向对象的软件开发方法</span><span class=""chip c2"">综合应用</span><span class=""chip c3"">面向对象的需求分析</span></div><h1>通过识别类、对象、属性、操作与关联建立系统的分析类图</h1><div class=""a"">按以下过程建立<span class=""hit"">分析类</span>图（静态结构模型）：（1）识别类与对象——从可感知物理实体、人或组织的角色、应记忆的事件、对象间相互作用、需说明的概念5类事物找候选类，再按冗余、无关、笼统、属性、操作、实现筛选；（2）识别属性——用名词/名词词组描述类特征，借助领域知识确定，注意把对象当属性、关联类属性、内部状态等问题；（3）确定操作——依据需求陈述、<span class=""hit"">用例描述</span>，把对象收到的“<span class=""hit"">消息</span>”映射为类的“操作”；（4）识别关联——识别泛化关系、整体-部分关系、关联关系。经迭代修改完善得到系统<span class=""hit"">分析类</span>图。</div><div class=""ansbox"">挖空答案：<b>分析类；用例描述；消息</b></div><div class=""pg"">教材页码：P95</div>"	面向对象的软件开发方法 综合应用 面向对象的需求分析 13005软件工程
"<div class=""top""><span class=""chip c1"">章节：面向对象的软件开发方法</span><span class=""chip c2"">综合应用</span><span class=""chip c3"">面向对象的需求分析</span></div><h1>通过画时序图描述系统的交互过程和操作的顺序关系</h1><div class=""q"">针对每个特定用例场景，利用类图规范的对象完成用例任务，用<span class=""blank"">______</span>表达对象与对象之间如何沟通与合作。以时间为纵轴，自上而下按顺序画出角色、边界对象、控制对象、实体对象间的消息传递（简单/同步/异步/返回消息）及生命线、活动棒。采用“<span class=""blank"">______</span>”的原则审阅静态类图，检查类图中是否具有所需的类及方法，补充和更新类及方法，并为以后编程<span class=""blank"">______</span>提供蓝图。</div>"	"<div class=""top""><span class=""chip c1"">章节：面向对象的软件开发方法</span><span class=""chip c2"">综合应用</span><span class=""chip c3"">面向对象的需求分析</span></div><h1>通过画时序图描述系统的交互过程和操作的顺序关系</h1><div class=""a"">针对每个特定用例场景，利用类图规范的对象完成用例任务，用<span class=""hit"">时序图</span>表达对象与对象之间如何沟通与合作。以时间为纵轴，自上而下按顺序画出角色、边界对象、控制对象、实体对象间的消息传递（简单/同步/异步/返回消息）及生命线、活动棒。采用“<span class=""hit"">对象映射为类、消息映射为方法</span>”的原则审阅静态类图，检查类图中是否具有所需的类及方法，补充和更新类及方法，并为以后编程<span class=""hit"">实现</span>提供蓝图。</div><div class=""ansbox"">挖空答案：<b>时序图；对象映射为类、消息映射为方法；实现</b></div><div class=""pg"">教材页码：P102</div>"	面向对象的软件开发方法 综合应用 面向对象的需求分析 13005软件工程
"<div class=""top""><span class=""chip c1"">章节：面向对象的软件开发方法</span><span class=""chip c2"">综合应用</span><span class=""chip c3"">面向对象的需求分析</span></div><h1>建立动态模型的状态图,描述事件在不同用例之间的迁移,进一步描述系统的业务逻辑</h1><div class=""q"">事件驱动模型表示系统对外部事件的响应方式，事件引起状态迁移。选择有状态的类（如Order订单类的order_status属性），按识别状态空间的步骤（<span class=""blank"">______</span>、划分阶段、候选状态、状态动作、确定因素、互斥性）确定候选状态，再画出描述各用例（事件）引起订单状态迁移的<span class=""blank"">______</span>（如待付款→待发货→待收货→待评论→交易完成，及取消订单、退货等迁移）。状态图反映购买流程中由不同用例引起的状态变化，用于审核业务逻辑、完善<span class=""blank"">______</span>，未在用例图中出现的触发用例应予以补充。</div>"	"<div class=""top""><span class=""chip c1"">章节：面向对象的软件开发方法</span><span class=""chip c2"">综合应用</span><span class=""chip c3"">面向对象的需求分析</span></div><h1>建立动态模型的状态图,描述事件在不同用例之间的迁移,进一步描述系统的业务逻辑</h1><div class=""a"">事件驱动模型表示系统对外部事件的响应方式，事件引起状态迁移。选择有状态的类（如Order订单类的order_status属性），按识别状态空间的步骤（<span class=""hit"">生命周期</span>、划分阶段、候选状态、状态动作、确定因素、互斥性）确定候选状态，再画出描述各用例（事件）引起订单状态迁移的<span class=""hit"">状态图</span>（如待付款→待发货→待收货→待评论→交易完成，及取消订单、退货等迁移）。<span class=""hit"">状态图</span>反映购买流程中由不同用例引起的状态变化，用于审核业务逻辑、完善<span class=""hit"">静态模型</span>，未在用例图中出现的触发用例应予以补充。</div><div class=""ansbox"">挖空答案：<b>生命周期；状态图；静态模型</b></div><div class=""pg"">教材页码：P103</div>"	面向对象的软件开发方法 综合应用 面向对象的需求分析 13005软件工程
"<div class=""top""><span class=""chip c1"">章节：面向对象的软件开发方法</span><span class=""chip c2"">识记</span><span class=""chip c3"">面向对象的设计</span></div><h1>面向对象设计的任务</h1><div class=""q""><span class=""blank"">______</span>的设计是将<span class=""blank"">______</span>所创建的分析模型转换为设计模型，同时通过进一步细化需求，对分析模型加以修正和补充。与传统方法不同，设计模型采用的符号与分析模型一致；<span class=""blank"">______</span>主要考虑系统“做什么”而不关心“如何做”，设计阶段主要解决系统“如何做”的问题，需在分析模型中为系统实现补充新的类、属性或操作，并遵循信息隐蔽、抽象、功能独立、模块化等设计准则。</div>"	"<div class=""top""><span class=""chip c1"">章节：面向对象的软件开发方法</span><span class=""chip c2"">识记</span><span class=""chip c3"">面向对象的设计</span></div><h1>面向对象设计的任务</h1><div class=""a""><span class=""hit"">面向对象</span>的设计是将<span class=""hit"">需求分析</span>所创建的分析模型转换为设计模型，同时通过进一步细化需求，对分析模型加以修正和补充。与传统方法不同，设计模型采用的符号与分析模型一致；<span class=""hit"">面向对象分析</span>主要考虑系统“做什么”而不关心“如何做”，设计阶段主要解决系统“如何做”的问题，需在分析模型中为系统实现补充新的类、属性或操作，并遵循信息隐蔽、抽象、功能独立、模块化等设计准则。</div><div class=""ansbox"">挖空答案：<b>面向对象；需求分析；面向对象分析</b></div><div class=""pg"">教材页码：P105</div>"	面向对象的软件开发方法 识记 面向对象的设计 13005软件工程
"<div class=""top""><span class=""chip c1"">章节：面向对象的软件开发方法</span><span class=""chip c2"">识记</span><span class=""chip c3"">面向对象的设计</span></div><h1>面向对象软件设计需要完成的工作</h1><div class=""q""><span class=""blank"">______</span>软件设计需要完成4种设计模型的工作：1）数据/类设计——将类模型转化为设计类的实现及软件实现所要求的数据结构；2）<span class=""blank"">______</span>——定义软件主要结构化元素之间的关系、满足系统需求的体系结构风格和模式及约束；3）<span class=""blank"">______</span>——描述软件和协作系统之间、软件和使用人员之间如何通信；4）构件设计——将软件体系结构的结构化元素变换为对软件构件的过程性描述。</div>"	"<div class=""top""><span class=""chip c1"">章节：面向对象的软件开发方法</span><span class=""chip c2"">识记</span><span class=""chip c3"">面向对象的设计</span></div><h1>面向对象软件设计需要完成的工作</h1><div class=""a""><span class=""hit"">面向对象</span>软件设计需要完成4种设计模型的工作：1）数据/类设计——将类模型转化为设计类的实现及软件实现所要求的数据结构；2）<span class=""hit"">体系结构设计</span>——定义软件主要结构化元素之间的关系、满足系统需求的体系结构风格和模式及约束；3）<span class=""hit"">接口设计</span>——描述软件和协作系统之间、软件和使用人员之间如何通信；4）构件设计——将软件体系结构的结构化元素变换为对软件构件的过程性描述。</div><div class=""ansbox"">挖空答案：<b>面向对象；体系结构设计；接口设计</b></div><div class=""pg"">教材页码：P106</div>"	面向对象的软件开发方法 识记 面向对象的设计 13005软件工程
"<div class=""top""><span class=""chip c1"">章节：面向对象的软件开发方法</span><span class=""chip c2"">识记</span><span class=""chip c3"">面向对象的设计</span></div><h1>面向对象软件设计的基本步骤</h1><div class=""q""><span class=""blank"">______</span>软件设计的基本步骤：1）通过建立模型表示系统或产品的<span class=""blank"">______</span>；2）为各类接口建模，这些接口在软件和最终用户、软件和其他系统与设备、软件和自身组成的构件之间起到连接作用；3）<span class=""blank"">______</span>系统的软件构件。</div>"	"<div class=""top""><span class=""chip c1"">章节：面向对象的软件开发方法</span><span class=""chip c2"">识记</span><span class=""chip c3"">面向对象的设计</span></div><h1>面向对象软件设计的基本步骤</h1><div class=""a""><span class=""hit"">面向对象</span>软件设计的基本步骤：1）通过建立模型表示系统或产品的<span class=""hit"">体系结构</span>；2）为各类接口建模，这些接口在软件和最终用户、软件和其他系统与设备、软件和自身组成的构件之间起到连接作用；3）<span class=""hit"">详细设计</span>系统的软件构件。</div><div class=""ansbox"">挖空答案：<b>面向对象；体系结构；详细设计</b></div><div class=""pg"">教材页码：P107</div>"	面向对象的软件开发方法 识记 面向对象的设计 13005软件工程
"<div class=""top""><span class=""chip c1"">章节：面向对象的软件开发方法</span><span class=""chip c2"">识记</span><span class=""chip c3"">面向对象的设计</span></div><h1>包图的作用与规范</h1><div class=""q"">包图由若干个包及包之间的关系组成，包是一种分组机制，将同类的类、对象、模型元素放在一起，形成高内聚、低耦合的类集合，一个包相当于一个<span class=""blank"">______</span>，可从逻辑上体现系统<span class=""blank"">______</span>并方便<span class=""blank"">______</span>编码。规范：①包——包图最基本元素，用文件夹图形表示；②依赖关系——一个包中的类需要引用另一个包中的类或对象才能完成功能时形成，用一条加箭头的虚线表示。</div>"	"<div class=""top""><span class=""chip c1"">章节：面向对象的软件开发方法</span><span class=""chip c2"">识记</span><span class=""chip c3"">面向对象的设计</span></div><h1>包图的作用与规范</h1><div class=""a"">包图由若干个包及包之间的关系组成，包是一种分组机制，将同类的类、对象、模型元素放在一起，形成高内聚、低耦合的类集合，一个包相当于一个<span class=""hit"">子系统</span>，可从逻辑上体现系统<span class=""hit"">体系结构</span>并方便<span class=""hit"">组织</span>编码。规范：①包——包图最基本元素，用文件夹图形表示；②依赖关系——一个包中的类需要引用另一个包中的类或对象才能完成功能时形成，用一条加箭头的虚线表示。</div><div class=""ansbox"">挖空答案：<b>子系统；体系结构；组织</b></div><div class=""pg"">教材页码：P112</div>"	面向对象的软件开发方法 识记 面向对象的设计 13005软件工程
"<div class=""top""><span class=""chip c1"">章节：面向对象的软件开发方法</span><span class=""chip c2"">识记</span><span class=""chip c3"">面向对象的设计</span></div><h1>构件的定义与构件图规范</h1><div class=""q"">构件是具有相对独立功能、可以明显辨识、接口由契约制定、语境有明显依赖关系、可独立部署且多由第三方提供的可组装软件实体；按UML定义，构件是系统的<span class=""blank"">______</span>部分，封装了自己的内容，其声明在环境中可替换，利用提供接口和请求接口定义自身行为。<span class=""blank"">______</span>规范：①构件——系统中可被替换的物理部件，通常<span class=""blank"">______</span>一组特定接口；②提供接口——向其他构件提供服务；③需求接口——构件需要其他构件服务时使用；④依赖关系——构件间主要关系，用带箭头虚线表示。</div>"	"<div class=""top""><span class=""chip c1"">章节：面向对象的软件开发方法</span><span class=""chip c2"">识记</span><span class=""chip c3"">面向对象的设计</span></div><h1>构件的定义与构件图规范</h1><div class=""a"">构件是具有相对独立功能、可以明显辨识、接口由契约制定、语境有明显依赖关系、可独立部署且多由第三方提供的可组装软件实体；按UML定义，构件是系统的<span class=""hit"">模块化</span>部分，封装了自己的内容，其声明在环境中可替换，利用提供接口和请求接口定义自身行为。<span class=""hit"">构件图</span>规范：①构件——系统中可被替换的物理部件，通常<span class=""hit"">实现</span>一组特定接口；②提供接口——向其他构件提供服务；③需求接口——构件需要其他构件服务时使用；④依赖关系——构件间主要关系，用带箭头虚线表示。</div><div class=""ansbox"">挖空答案：<b>模块化；构件图；实现</b></div><div class=""pg"">教材页码：P114</div>"	面向对象的软件开发方法 识记 面向对象的设计 13005软件工程
"<div class=""top""><span class=""chip c1"">章节：面向对象的软件开发方法</span><span class=""chip c2"">识记</span><span class=""chip c3"">面向对象的设计</span></div><h1>部署图的作用与规范</h1><div class=""q""><span class=""blank"">______</span>是面向对象系统物理方面建模使用的图，用于描述系统硬件的物理拓扑<span class=""blank"">______</span>及在此结构上运行的软件，可显示计算机节点的拓扑结构、通信路径、节点上运行的软件及软件包含的逻辑单元。规范：①节点——运行时代表一项计算机<span class=""blank"">______</span>的物理元素，用立方体表示，分处理器（能执行软件、有计算能力）和设备（不能执行软件的外围硬件）；②构件——部署在节点上的可替换物理部件；③关联关系——用直线表示节点间通信路径；④依赖关系——节点和构件间的关系。</div>"	"<div class=""top""><span class=""chip c1"">章节：面向对象的软件开发方法</span><span class=""chip c2"">识记</span><span class=""chip c3"">面向对象的设计</span></div><h1>部署图的作用与规范</h1><div class=""a""><span class=""hit"">部署图</span>是面向对象系统物理方面建模使用的图，用于描述系统硬件的物理拓扑<span class=""hit"">结构</span>及在此<span class=""hit"">结构</span>上运行的软件，可显示计算机节点的拓扑<span class=""hit"">结构</span>、通信路径、节点上运行的软件及软件包含的逻辑单元。规范：①节点——运行时代表一项计算机<span class=""hit"">资源</span>的物理元素，用立方体表示，分处理器（能执行软件、有计算能力）和设备（不能执行软件的外围硬件）；②构件——部署在节点上的可替换物理部件；③关联关系——用直线表示节点间通信路径；④依赖关系——节点和构件间的关系。</div><div class=""ansbox"">挖空答案：<b>部署图；结构；资源</b></div><div class=""pg"">教材页码：P116</div>"	面向对象的软件开发方法 识记 面向对象的设计 13005软件工程
"<div class=""top""><span class=""chip c1"">章节：面向对象的软件开发方法</span><span class=""chip c2"">识记</span><span class=""chip c3"">面向对象的设计</span></div><h1>构件级设计主要关注的问题</h1><div class=""q"">当<span class=""blank"">______</span>第一次迭代完成后开始<span class=""blank"">______</span>，此时全部<span class=""blank"">______</span>和软件程序结构已建立，但尚未在接近代码的抽象级上表示内部数据结构和每个构件的处理细节。构件级设计主要关注的问题是：如何把抽象层次较高的设计模型转换为抽象层次较低、可运行的软件，以可评审设计细节的方式表示软件，并保证与早期设计表示的一致性。</div>"	"<div class=""top""><span class=""chip c1"">章节：面向对象的软件开发方法</span><span class=""chip c2"">识记</span><span class=""chip c3"">面向对象的设计</span></div><h1>构件级设计主要关注的问题</h1><div class=""a"">当<span class=""hit"">体系结构设计</span>第一次迭代完成后开始<span class=""hit"">构件级设计</span>，此时全部<span class=""hit"">数据</span>和软件程序结构已建立，但尚未在接近代码的抽象级上表示内部<span class=""hit"">数据</span>结构和每个构件的处理细节。<span class=""hit"">构件级设计</span>主要关注的问题是：如何把抽象层次较高的设计模型转换为抽象层次较低、可运行的软件，以可评审设计细节的方式表示软件，并保证与早期设计表示的一致性。</div><div class=""ansbox"">挖空答案：<b>体系结构设计；构件级设计；数据</b></div><div class=""pg"">教材页码：P118</div>"	面向对象的软件开发方法 识记 面向对象的设计 13005软件工程
"<div class=""top""><span class=""chip c1"">章节：面向对象的软件开发方法</span><span class=""chip c2"">识记</span><span class=""chip c3"">面向对象的设计</span></div><h1>构件级设计的基础</h1><div class=""q""><span class=""blank"">______</span>、<span class=""blank"">______</span>和接口的设计表示构成了构件级设计的基础。每个构件的类定义或处理说明都转化为一种<span class=""blank"">______</span>，采用图形或基于文本的形式详细说明内部的数据结构、局部接口细节和处理逻辑。</div>"	"<div class=""top""><span class=""chip c1"">章节：面向对象的软件开发方法</span><span class=""chip c2"">识记</span><span class=""chip c3"">面向对象的设计</span></div><h1>构件级设计的基础</h1><div class=""a""><span class=""hit"">数据</span>、<span class=""hit"">体系结构</span>和接口的设计表示构成了构件级设计的基础。每个构件的类定义或处理说明都转化为一种<span class=""hit"">详细设计</span>，采用图形或基于文本的形式详细说明内部的<span class=""hit"">数据</span>结构、局部接口细节和处理逻辑。</div><div class=""ansbox"">挖空答案：<b>数据；体系结构；详细设计</b></div><div class=""pg"">教材页码：P118</div>"	面向对象的软件开发方法 识记 面向对象的设计 13005软件工程
"<div class=""top""><span class=""chip c1"">章节：面向对象的软件开发方法</span><span class=""chip c2"">识记</span><span class=""chip c3"">面向对象的设计</span></div><h1>用户界面设计的黄金规则</h1><div class=""q""><span class=""blank"">______</span>设计有3条黄金规则：1）把控制权交给用户——允许用户掌握控制权（如定义交互模式、提供灵活交互、允许中断和撤销、允许定制、与内部技术细节隔离、直接操纵屏幕对象）；2）减轻用户的记忆负担——系统尽量“<span class=""blank"">______</span>”信息（如减少短期记忆要求、建立有意义默认设置、定义直观快捷方式、基于真实世界象征、渐进揭示信息）；3）保持界面一致——以一致方式展示和获取信息（一致的视觉<span class=""blank"">______</span>、有限且一致的输入机制、一致的导航）。</div>"	"<div class=""top""><span class=""chip c1"">章节：面向对象的软件开发方法</span><span class=""chip c2"">识记</span><span class=""chip c3"">面向对象的设计</span></div><h1>用户界面设计的黄金规则</h1><div class=""a""><span class=""hit"">用户界面</span>设计有3条黄金规则：1）把控制权交给用户——允许用户掌握控制权（如定义交互模式、提供灵活交互、允许中断和撤销、允许定制、与内部技术细节隔离、直接操纵屏幕对象）；2）减轻用户的记忆负担——系统尽量“<span class=""hit"">记住</span>”信息（如减少短期记忆要求、建立有意义默认设置、定义直观快捷方式、基于真实世界象征、渐进揭示信息）；3）保持界面一致——以一致方式展示和获取信息（一致的视觉<span class=""hit"">组织</span>、有限且一致的输入机制、一致的导航）。</div><div class=""ansbox"">挖空答案：<b>用户界面；记住；组织</b></div><div class=""pg"">教材页码：P124</div>"	面向对象的软件开发方法 识记 面向对象的设计 13005软件工程
"<div class=""top""><span class=""chip c1"">章节：面向对象的软件开发方法</span><span class=""chip c2"">领会</span><span class=""chip c3"">面向对象的设计</span></div><h1>面向对象软件设计的准则</h1><div class=""q""><span class=""blank"">______</span>的准则：（1）<span class=""blank"">______</span>——将<span class=""blank"">______</span>成易管理控制、有清晰抽象界面的模块，对象就是把数据结构和操作紧密结合的模块；（2）抽象——支持过程抽象和数据抽象，类是抽象数据类型；（3）信息隐蔽——通过对象封装实现，只公开接口、隐藏实现细节；（4）低耦合——对象间通过类接口耦合，分交互耦合与继承耦合；（5）高内聚——含操作内聚、类内聚、泛化内聚；（6）可复用——尽量使用已有类，设计新类时考虑其可复用性。</div>"	"<div class=""top""><span class=""chip c1"">章节：面向对象的软件开发方法</span><span class=""chip c2"">领会</span><span class=""chip c3"">面向对象的设计</span></div><h1>面向对象软件设计的准则</h1><div class=""a""><span class=""hit"">面向对象设计</span>的准则：（1）<span class=""hit"">模块化</span>——将<span class=""hit"">问题分解</span>成易管理控制、有清晰抽象界面的模块，对象就是把数据结构和操作紧密结合的模块；（2）抽象——支持过程抽象和数据抽象，类是抽象数据类型；（3）信息隐蔽——通过对象封装实现，只公开接口、隐藏实现细节；（4）低耦合——对象间通过类接口耦合，分交互耦合与继承耦合；（5）高内聚——含操作内聚、类内聚、泛化内聚；（6）可复用——尽量使用已有类，设计新类时考虑其可复用性。</div><div class=""ansbox"">挖空答案：<b>面向对象设计；模块化；问题分解</b></div><div class=""pg"">教材页码：P107</div>"	面向对象的软件开发方法 领会 面向对象的设计 13005软件工程
"<div class=""top""><span class=""chip c1"">章节：面向对象的软件开发方法</span><span class=""chip c2"">领会</span><span class=""chip c3"">面向对象的设计</span></div><h1>模块化、抽象、信息隐藏、低耦合、高内聚、可重用</h1><div class=""q""><span class=""blank"">______</span>：自上向下、分而治之控制复杂性，对象即数据结构与操作结合的模块。抽象：支持过程抽象和数据抽象，类是抽象数据类型，还支持参数化抽象（如C++模板）。<span class=""blank"">______</span>：模块的<span class=""blank"">______</span>信息对其他模块不可访问，通过对象封装实现，分离接口与实现。低耦合：降低不同对象间相互关联的紧密程度，交互耦合应松散（减少消息数和参数复杂度），继承耦合应紧密（子类尽量多地继承父类属性操作）。高内聚：操作内聚（一个操作只完成一个功能）、类内聚（一个类只有一个用途）、泛化内聚（泛化结构符合领域知识）。可重用：尽量使用已有类（类库及以往创建的类），新建类时考虑其将来可复用性。</div>"	"<div class=""top""><span class=""chip c1"">章节：面向对象的软件开发方法</span><span class=""chip c2"">领会</span><span class=""chip c3"">面向对象的设计</span></div><h1>模块化、抽象、信息隐藏、低耦合、高内聚、可重用</h1><div class=""a""><span class=""hit"">模块化</span>：自上向下、分而治之控制复杂性，对象即数据结构与操作结合的模块。抽象：支持过程抽象和数据抽象，类是抽象数据类型，还支持参数化抽象（如C++模板）。<span class=""hit"">信息隐藏</span>：模块的<span class=""hit"">实现</span>信息对其他模块不可访问，通过对象封装<span class=""hit"">实现</span>，分离接口与<span class=""hit"">实现</span>。低耦合：降低不同对象间相互关联的紧密程度，交互耦合应松散（减少消息数和参数复杂度），继承耦合应紧密（子类尽量多地继承父类属性操作）。高内聚：操作内聚（一个操作只完成一个功能）、类内聚（一个类只有一个用途）、泛化内聚（泛化结构符合领域知识）。可重用：尽量使用已有类（类库及以往创建的类），新建类时考虑其将来可复用性。</div><div class=""ansbox"">挖空答案：<b>模块化；信息隐藏；实现</b></div><div class=""pg"">教材页码：P107</div>"	面向对象的软件开发方法 领会 面向对象的设计 13005软件工程
"<div class=""top""><span class=""chip c1"">章节：面向对象的软件开发方法</span><span class=""chip c2"">领会</span><span class=""chip c3"">面向对象的设计</span></div><h1>分层体系结构</h1><div class=""q"">分层体系结构是<span class=""blank"">______</span>分离性和独立性的一种方式，将系统<span class=""blank"">______</span>成分层结构，每一层包含一组相关<span class=""blank"">______</span>，每一层提供服务给紧邻的上一层，最底层是被整个系统使用的核心服务，每一层只依赖紧邻下一层。优点：接口不变时可更换整个层、支持增量式开发、可改变和可移植（只相邻层受影响）；缺点：各层间界限清晰分离困难、服务请求逐层处理引起性能下降。层数量不唯一，可按需再分。</div>"	"<div class=""top""><span class=""chip c1"">章节：面向对象的软件开发方法</span><span class=""chip c2"">领会</span><span class=""chip c3"">面向对象的设计</span></div><h1>分层体系结构</h1><div class=""a"">分层体系结构是<span class=""hit"">实现</span>分离性和独立性的一种方式，将系统<span class=""hit"">组织</span>成分层结构，每一层包含一组相关<span class=""hit"">功能</span>，每一层提供服务给紧邻的上一层，最底层是被整个系统使用的核心服务，每一层只依赖紧邻下一层。优点：接口不变时可更换整个层、支持增量式开发、可改变和可移植（只相邻层受影响）；缺点：各层间界限清晰分离困难、服务请求逐层处理引起性能下降。层数量不唯一，可按需再分。</div><div class=""ansbox"">挖空答案：<b>实现；组织；功能</b></div><div class=""pg"">教材页码：P109</div>"	面向对象的软件开发方法 领会 面向对象的设计 13005软件工程
"<div class=""top""><span class=""chip c1"">章节：面向对象的软件开发方法</span><span class=""chip c2"">领会</span><span class=""chip c3"">面向对象的设计</span></div><h1>三层架构</h1><div class=""q"">通常意义的三层架构将整个业务应用划分为界面层、业务逻辑层和数据访问层，区分层次依据“<span class=""blank"">______</span>”思想，是按类和对象分层而非按功能分解，把完成同一职责的类和对象放在同一层。界面层：显示数据和接收用户输入，提供<span class=""blank"">______</span>界面。业务逻辑层：针对具体问题操作、处理业务规则，从界面层接收请求、处理、与数据访问层交互、返回结果。数据访问层：负责数据访问，<span class=""blank"">______</span>对数据表的Select/Insert/Update/Delete及对象持久化。</div>"	"<div class=""top""><span class=""chip c1"">章节：面向对象的软件开发方法</span><span class=""chip c2"">领会</span><span class=""chip c3"">面向对象的设计</span></div><h1>三层架构</h1><div class=""a"">通常意义的三层架构将整个业务应用划分为界面层、业务逻辑层和数据访问层，区分层次依据“<span class=""hit"">高内聚低耦合</span>”思想，是按类和对象分层而非按功能分解，把完成同一职责的类和对象放在同一层。界面层：显示数据和接收用户输入，提供<span class=""hit"">人机交互</span>界面。业务逻辑层：针对具体问题操作、处理业务规则，从界面层接收请求、处理、与数据访问层交互、返回结果。数据访问层：负责数据访问，<span class=""hit"">实现</span>对数据表的Select/Insert/Update/Delete及对象持久化。</div><div class=""ansbox"">挖空答案：<b>高内聚低耦合；人机交互；实现</b></div><div class=""pg"">教材页码：P109</div>"	面向对象的软件开发方法 领会 面向对象的设计 13005软件工程
"<div class=""top""><span class=""chip c1"">章节：面向对象的软件开发方法</span><span class=""chip c2"">领会</span><span class=""chip c3"">面向对象的设计</span></div><h1>MVC模式</h1><div class=""q"">MVC（Model-View-Controller，模型-视图-控制器）模式是一种软件设计典范，用业务逻辑、<span class=""blank"">______</span>、界面显示分离的方法<span class=""blank"">______</span>代码，将业务逻辑聚集到一个部件中，在改进和个性化定制界面及<span class=""blank"">______</span>交互时不需重写业务逻辑。MVC应用程序分成3个核心部件：视图——用户看到并与之交互的界面；控制器——接受用户输入并调用模型和视图去完成需求，本身不输出内容；模型——负责业务逻辑处理及数据库访问，拥有最多处理任务，可被多个视图重用。</div>"	"<div class=""top""><span class=""chip c1"">章节：面向对象的软件开发方法</span><span class=""chip c2"">领会</span><span class=""chip c3"">面向对象的设计</span></div><h1>MVC模式</h1><div class=""a"">MVC（Model-View-Controller，模型-视图-控制器）模式是一种软件设计典范，用业务逻辑、<span class=""hit"">数据</span>、界面显示分离的方法<span class=""hit"">组织</span>代码，将业务逻辑聚集到一个部件中，在改进和个性化定制界面及<span class=""hit"">用户</span>交互时不需重写业务逻辑。MVC应用程序分成3个核心部件：视图——<span class=""hit"">用户</span>看到并与之交互的界面；控制器——接受<span class=""hit"">用户</span>输入并调用模型和视图去完成需求，本身不输出内容；模型——负责业务逻辑处理及<span class=""hit"">数据</span>库访问，拥有最多处理任务，可被多个视图重用。</div><div class=""ansbox"">挖空答案：<b>数据；组织；用户</b></div><div class=""pg"">教材页码：P110</div>"	面向对象的软件开发方法 领会 面向对象的设计 13005软件工程
"<div class=""top""><span class=""chip c1"">章节：面向对象的软件开发方法</span><span class=""chip c2"">领会</span><span class=""chip c3"">面向对象的设计</span></div><h1>MVC模式的优点</h1><div class=""q"">MVC框架模式的优点：（1）耦合性低——视图层与业务层分离，三者相互独立，改一个不影响另两个，易构造松耦合构件；（2）重用性高——多个视图可共享一个<span class=""blank"">______</span>，模型<span class=""blank"">______</span>未格式化，可被不同界面（浏览器、WAP等）重用，最大化重用代码；（3）有利于开发、提高生产效率——程序员集中精力于业务逻辑，界面程序员集中精力于表现形式；（4）<span class=""blank"">______</span>高——分离视图层和业务逻辑层使Web应用更易维护和修改。</div>"	"<div class=""top""><span class=""chip c1"">章节：面向对象的软件开发方法</span><span class=""chip c2"">领会</span><span class=""chip c3"">面向对象的设计</span></div><h1>MVC模式的优点</h1><div class=""a"">MVC框架模式的优点：（1）耦合性低——视图层与业务层分离，三者相互独立，改一个不影响另两个，易构造松耦合构件；（2）重用性高——多个视图可共享一个<span class=""hit"">模型</span>，<span class=""hit"">模型</span><span class=""hit"">数据</span>未格式化，可被不同界面（浏览器、WAP等）重用，最大化重用代码；（3）有利于开发、提高生产效率——程序员集中精力于业务逻辑，界面程序员集中精力于表现形式；（4）<span class=""hit"">可维护性</span>高——分离视图层和业务逻辑层使Web应用更易维护和修改。</div><div class=""ansbox"">挖空答案：<b>模型；数据；可维护性</b></div><div class=""pg"">教材页码：P111</div>"	面向对象的软件开发方法 领会 面向对象的设计 13005软件工程
"<div class=""top""><span class=""chip c1"">章节：面向对象的软件开发方法</span><span class=""chip c2"">领会</span><span class=""chip c3"">面向对象的设计</span></div><h1>MVC模式的Web应用体系</h1><div class=""q"">采用<span class=""blank"">______</span>的Web应用体系：<span class=""blank"">______</span>在浏览器访问页面，请求先传给控制器，控制器进行HTTP请求处理，调用相应视图（登录页面）显示给用户；用户输入信息提交后，事件请求交给控制器，控制器调用模型完成业务逻辑处理和<span class=""blank"">______</span>库访问，模型处理后将结果返回控制器，控制器再调用视图动态生成页面并显示结果。典型应用为JSP+Servlet+JavaBean+DAO：JSP作表现层、Servlet作控制器、JavaBean作数据模型、DAO作业务逻辑模型。</div>"	"<div class=""top""><span class=""chip c1"">章节：面向对象的软件开发方法</span><span class=""chip c2"">领会</span><span class=""chip c3"">面向对象的设计</span></div><h1>MVC模式的Web应用体系</h1><div class=""a"">采用<span class=""hit"">MVC模式</span>的Web应用体系：<span class=""hit"">用户</span>在浏览器访问页面，请求先传给控制器，控制器进行HTTP请求处理，调用相应视图（登录页面）显示给<span class=""hit"">用户</span>；<span class=""hit"">用户</span>输入信息提交后，事件请求交给控制器，控制器调用模型完成业务逻辑处理和<span class=""hit"">数据</span>库访问，模型处理后将结果返回控制器，控制器再调用视图动态生成页面并显示结果。典型应用为JSP+Servlet+JavaBean+DAO：JSP作表现层、Servlet作控制器、JavaBean作<span class=""hit"">数据</span>模型、DAO作业务逻辑模型。</div><div class=""ansbox"">挖空答案：<b>MVC模式；用户；数据</b></div><div class=""pg"">教材页码：P110</div>"	面向对象的软件开发方法 领会 面向对象的设计 13005软件工程
"<div class=""top""><span class=""chip c1"">章节：面向对象的软件开发方法</span><span class=""chip c2"">领会</span><span class=""chip c3"">面向对象的设计</span></div><h1>结构构件级设计的重要性</h1><div class=""q""><span class=""blank"">______</span>的重要性：必须在构造软件之前就确定该软件是否可以工作；为保证设计正确性及与早期设计表示（数据、<span class=""blank"">______</span>和<span class=""blank"">______</span>）的一致性，构件级设计需以一种可以评审设计细节的方式来表示软件，提供一种评估数据结构、接口和算法是否能够工作的方法。由于设计模型抽象层次高而可运行程序抽象层次低，转化具挑战性，构件设计失误可能在软件后期引入难以发现和改正的微小错误。</div>"	"<div class=""top""><span class=""chip c1"">章节：面向对象的软件开发方法</span><span class=""chip c2"">领会</span><span class=""chip c3"">面向对象的设计</span></div><h1>结构构件级设计的重要性</h1><div class=""a""><span class=""hit"">构件级设计</span>的重要性：必须在构造软件之前就确定该软件是否可以工作；为保证设计正确性及与早期设计表示（数据、<span class=""hit"">体系结构</span>和<span class=""hit"">接口设计</span>）的一致性，<span class=""hit"">构件级设计</span>需以一种可以评审设计细节的方式来表示软件，提供一种评估数据结构、接口和算法是否能够工作的方法。由于设计模型抽象层次高而可运行程序抽象层次低，转化具挑战性，构件设计失误可能在软件后期引入难以发现和改正的微小错误。</div><div class=""ansbox"">挖空答案：<b>构件级设计；体系结构；接口设计</b></div><div class=""pg"">教材页码：P118</div>"	面向对象的软件开发方法 领会 面向对象的设计 13005软件工程
"<div class=""top""><span class=""chip c1"">章节：面向对象的软件开发方法</span><span class=""chip c2"">综合应用</span><span class=""chip c3"">面向对象的设计</span></div><h1>用包图描述子系统</h1><div class=""q"">包图中一个包相当于一个子系统。按<span class=""blank"">______</span>把属于同一层次的类放相同的包：如JSP包（与用户交互页面）、Servlet包（<span class=""blank"">______</span>、页面跳转）、VO包（<span class=""blank"">______</span>，存传数据）、DBC包（数据库连接类）、DAO包（业务逻辑与数据访问类）。包间用依赖关系（加箭头虚线）连接。分层设计要求：层间耦合松散；同级同类元素组织到同一层；复杂模块继续细分为更小层或子系统；易变元素封装到一层；每层只调用下一层服务、不跨层；不使用上一层服务、不造成双向依赖。</div>"	"<div class=""top""><span class=""chip c1"">章节：面向对象的软件开发方法</span><span class=""chip c2"">综合应用</span><span class=""chip c3"">面向对象的设计</span></div><h1>用包图描述子系统</h1><div class=""a"">包图中一个包相当于一个子系统。按<span class=""hit"">MVC模式</span>把属于同一层次的类放相同的包：如JSP包（与用户交互页面）、Servlet包（<span class=""hit"">控制类</span>、页面跳转）、VO包（<span class=""hit"">实体类</span>，存传数据）、DBC包（数据库连接类）、DAO包（业务逻辑与数据访问类）。包间用依赖关系（加箭头虚线）连接。分层设计要求：层间耦合松散；同级同类元素组织到同一层；复杂模块继续细分为更小层或子系统；易变元素封装到一层；每层只调用下一层服务、不跨层；不使用上一层服务、不造成双向依赖。</div><div class=""ansbox"">挖空答案：<b>MVC模式；控制类；实体类</b></div><div class=""pg"">教材页码：P113</div>"	面向对象的软件开发方法 综合应用 面向对象的设计 13005软件工程
"<div class=""top""><span class=""chip c1"">章节：面向对象的软件开发方法</span><span class=""chip c2"">综合应用</span><span class=""chip c3"">面向对象的设计</span></div><h1>设计构件</h1><div class=""q"">构件划分最好的方法来自领域，用最能准确反映领域概念的实体类模型来找系统构件：实体类及其属性表现了系统需存储传输的数据，实体类方法反映需实现的功能。结合开发需要，把数据库构件和页面构件作为独立构件单独开发，将前端和后台分离。依据<span class=""blank"">______</span>，每个功能实现需三层类，故每个构件都由<span class=""blank"">______</span>、实体类、数据处理类（<span class=""blank"">______</span>）三层类组成；再根据构件间依赖关系（谁依赖谁）安排并行/串行开发顺序。</div>"	"<div class=""top""><span class=""chip c1"">章节：面向对象的软件开发方法</span><span class=""chip c2"">综合应用</span><span class=""chip c3"">面向对象的设计</span></div><h1>设计构件</h1><div class=""a"">构件划分最好的方法来自领域，用最能准确反映领域概念的实体类模型来找系统构件：实体类及其属性表现了系统需存储传输的数据，实体类方法反映需实现的功能。结合开发需要，把数据库构件和页面构件作为独立构件单独开发，将前端和后台分离。依据<span class=""hit"">MVC模式</span>，每个功能实现需三层类，故每个构件都由<span class=""hit"">控制类</span>、实体类、数据处理类（<span class=""hit"">DAO</span>）三层类组成；再根据构件间依赖关系（谁依赖谁）安排并行/串行开发顺序。</div><div class=""ansbox"">挖空答案：<b>MVC模式；控制类；DAO</b></div><div class=""pg"">教材页码：P115</div>"	面向对象的软件开发方法 综合应用 面向对象的设计 13005软件工程
"<div class=""top""><span class=""chip c1"">章节：面向对象的软件开发方法</span><span class=""chip c2"">综合应用</span><span class=""chip c3"">面向对象的设计</span></div><h1>画出基于实体类的构件图</h1><div class=""q"">依据实体类<span class=""blank"">______</span>设计构件图，将系统划分为若干构件（如服装销售系统的User、Garment、ShopCart、Order、Payment、Invoice构件，每个构件包含相关<span class=""blank"">______</span>的三层类），构件与构件之间用依赖关系连接，并在图上简要描述构件之间接口的设计（构件向其他构件提供的服务）。根据依赖关系确定开发顺序（先<span class=""blank"">______</span>库构件，再被依赖少、可并行的构件，页面构件可与后台构件并行开发调试）。</div>"	"<div class=""top""><span class=""chip c1"">章节：面向对象的软件开发方法</span><span class=""chip c2"">综合应用</span><span class=""chip c3"">面向对象的设计</span></div><h1>画出基于实体类的构件图</h1><div class=""a"">依据实体类<span class=""hit"">模型</span>设计构件图，将系统划分为若干构件（如服装销售系统的User、Garment、ShopCart、Order、Payment、Invoice构件，每个构件包含相关<span class=""hit"">功能</span>的三层类），构件与构件之间用依赖关系连接，并在图上简要描述构件之间接口的设计（构件向其他构件提供的服务）。根据依赖关系确定开发顺序（先<span class=""hit"">数据</span>库构件，再被依赖少、可并行的构件，页面构件可与后台构件并行开发调试）。</div><div class=""ansbox"">挖空答案：<b>模型；功能；数据</b></div><div class=""pg"">教材页码：P115</div>"	面向对象的软件开发方法 综合应用 面向对象的设计 13005软件工程
"<div class=""top""><span class=""chip c1"">章节：面向对象的软件开发方法</span><span class=""chip c2"">综合应用</span><span class=""chip c3"">面向对象的设计</span></div><h1>设计系统的物理体系结构并用部署图对其进行描述</h1><div class=""q"">面向对象系统的物理方面建模，用<span class=""blank"">______</span>描述系统硬件物理拓扑及运行其上的软件。常用Web应用部署为4层节点：带浏览器的客户端、Web服务器、应用程序服务器和<span class=""blank"">______</span>库服务器。用立方体表示节点（&lt;&lt;Processor&gt;&gt;处理器、&lt;&lt;Device&gt;&gt;设备），立方体间连线表示通信路径，把各构件（GUI、业务构件如Order/Garment/User、Database）部署到相应节点上；Web服务、应用服务、数据库服务可分布在不同机器上分布式管理，也可按<span class=""blank"">______</span>规模单机部署或部署到云服务器。</div>"	"<div class=""top""><span class=""chip c1"">章节：面向对象的软件开发方法</span><span class=""chip c2"">综合应用</span><span class=""chip c3"">面向对象的设计</span></div><h1>设计系统的物理体系结构并用部署图对其进行描述</h1><div class=""a"">面向对象系统的物理方面建模，用<span class=""hit"">部署图</span>描述系统硬件物理拓扑及运行其上的软件。常用Web应用部署为4层节点：带浏览器的客户端、Web服务器、应用程序服务器和<span class=""hit"">数据</span>库服务器。用立方体表示节点（&lt;&lt;Processor&gt;&gt;处理器、&lt;&lt;Device&gt;&gt;设备），立方体间连线表示通信路径，把各构件（GUI、业务构件如Order/Garment/User、Database）部署到相应节点上；Web服务、应用服务、<span class=""hit"">数据</span>库服务可分布在不同机器上分布式管理，也可按<span class=""hit"">项目</span>规模单机部署或部署到云服务器。</div><div class=""ansbox"">挖空答案：<b>部署图；数据；项目</b></div><div class=""pg"">教材页码：P116</div>"	面向对象的软件开发方法 综合应用 面向对象的设计 13005软件工程
"<div class=""top""><span class=""chip c1"">章节：面向对象的软件开发方法</span><span class=""chip c2"">综合应用</span><span class=""chip c3"">面向对象的设计</span></div><h1>通过构件级设计,根据分析类图、时序图,经过设计过程确定每个设计类的属性和操作,通过反复迭代得到系统的设计类图</h1><div class=""q""><span class=""blank"">______</span>由<span class=""blank"">______</span>到设计类：①从分析类到设计类——软件设计师从分析模型出发，详细分析实体类属性方法，增加实现所需的更多属性、方法及接口详细设计（分析类+<span class=""blank"">______</span>=设计类）；②从用例场景到设计类——通过用例场景分析对象间通信机制，用时序图描述边界对象、控制对象、实体对象三层类的交互，准确识别实现用例的全部设计类及其属性、方法、接口；③构件详细类图建模——筛选边界类、控制类、模型对象，将对象间消息映射为类的操作，定义构件内部及构件间服务接口，归纳出含分层结构和依赖关系的设计类模型，经反复迭代得到系统的设计类图。</div>"	"<div class=""top""><span class=""chip c1"">章节：面向对象的软件开发方法</span><span class=""chip c2"">综合应用</span><span class=""chip c3"">面向对象的设计</span></div><h1>通过构件级设计,根据分析类图、时序图,经过设计过程确定每个设计类的属性和操作,通过反复迭代得到系统的设计类图</h1><div class=""a""><span class=""hit"">构件级设计</span>由<span class=""hit"">分析类</span>到设计类：①从<span class=""hit"">分析类</span>到设计类——软件设计师从分析模型出发，详细分析实体类属性方法，增加实现所需的更多属性、方法及接口详细设计（<span class=""hit"">分析类</span>+<span class=""hit"">设计模式</span>=设计类）；②从用例场景到设计类——通过用例场景分析对象间通信机制，用时序图描述边界对象、控制对象、实体对象三层类的交互，准确识别实现用例的全部设计类及其属性、方法、接口；③构件详细类图建模——筛选边界类、控制类、模型对象，将对象间消息映射为类的操作，定义构件内部及构件间服务接口，归纳出含分层结构和依赖关系的设计类模型，经反复迭代得到系统的设计类图。</div><div class=""ansbox"">挖空答案：<b>构件级设计；分析类；设计模式</b></div><div class=""pg"">教材页码：P118</div>"	面向对象的软件开发方法 综合应用 面向对象的设计 13005软件工程
"<div class=""top""><span class=""chip c1"">章节：面向对象的软件开发方法</span><span class=""chip c2"">本章重点</span></div><h1>面向对象的基本概念</h1><div class=""q"">本章重点之一是面向对象的基本概念：掌握对象（属性数据与操作封装的统一体）、类（相同数据<span class=""blank"">______</span>和操作的对象集合/模板）、封装（<span class=""blank"">______</span>、内外分离）、继承（子类自动拥有父类属性和服务）、多态（同一消息、多种<span class=""blank"">______</span>）、重载（函数重载与运算符重载）等核心概念。</div>"	"<div class=""top""><span class=""chip c1"">章节：面向对象的软件开发方法</span><span class=""chip c2"">本章重点</span></div><h1>面向对象的基本概念</h1><div class=""a"">本章重点之一是面向对象的基本概念：掌握对象（属性数据与操作封装的统一体）、类（相同数据<span class=""hit"">结构</span>和操作的对象集合/模板）、封装（<span class=""hit"">信息隐藏</span>、内外分离）、继承（子类自动拥有父类属性和服务）、多态（同一消息、多种<span class=""hit"">实现</span>）、重载（函数重载与运算符重载）等核心概念。</div><div class=""ansbox"">挖空答案：<b>结构；信息隐藏；实现</b></div><div class=""pg"">教材页码：P75</div>"	面向对象的软件开发方法 本章重点 13005软件工程
"<div class=""top""><span class=""chip c1"">章节：面向对象的软件开发方法</span><span class=""chip c2"">本章重点</span></div><h1>UML的常用图</h1><div class=""q"">本章重点之二是UML的常用图：掌握UML的定义、用途及用例图、时序图、<span class=""blank"">______</span>、类图、<span class=""blank"">______</span>、组件图（构件图）、<span class=""blank"">______</span>各自的作用及画法。</div>"	"<div class=""top""><span class=""chip c1"">章节：面向对象的软件开发方法</span><span class=""chip c2"">本章重点</span></div><h1>UML的常用图</h1><div class=""a"">本章重点之二是UML的常用图：掌握UML的定义、用途及用例图、时序图、<span class=""hit"">协作图</span>、类图、<span class=""hit"">状态图</span>、组件图（构件图）、<span class=""hit"">部署图</span>各自的作用及画法。</div><div class=""ansbox"">挖空答案：<b>协作图；状态图；部署图</b></div><div class=""pg"">教材页码：P79</div>"	面向对象的软件开发方法 本章重点 13005软件工程
"<div class=""top""><span class=""chip c1"">章节：面向对象的软件开发方法</span><span class=""chip c2"">本章重点</span></div><h1>面向对象需求分析的任务</h1><div class=""q"">本章重点之三是面向对象需求分析的任务：抽取和整理<span class=""blank"">______</span>需求并建立<span class=""blank"">______</span>精确<span class=""blank"">______</span>，模型从不同角度描述系统，采用UML作为建模语言。</div>"	"<div class=""top""><span class=""chip c1"">章节：面向对象的软件开发方法</span><span class=""chip c2"">本章重点</span></div><h1>面向对象需求分析的任务</h1><div class=""a"">本章重点之三是面向对象需求分析的任务：抽取和整理<span class=""hit"">用户</span>需求并建立<span class=""hit"">问题域</span>精确<span class=""hit"">模型</span>，<span class=""hit"">模型</span>从不同角度描述系统，采用UML作为建模语言。</div><div class=""ansbox"">挖空答案：<b>用户；问题域；模型</b></div><div class=""pg"">教材页码：P85</div>"	面向对象的软件开发方法 本章重点 13005软件工程
"<div class=""top""><span class=""chip c1"">章节：面向对象的软件开发方法</span><span class=""chip c2"">本章重点</span></div><h1>工作步骤</h1><div class=""q"">本章重点之四是面向对象<span class=""blank"">______</span>的工作步骤：基于用例实现的8步建模——与用户沟通了解需求、确定系统边界建立上下文模型、建立<span class=""blank"">______</span>、建立用例模型、识别类建立静态结构模型、用时序图描述交互、用<span class=""blank"">______</span>分析状态变化完善类图、迭代直至完成模型。</div>"	"<div class=""top""><span class=""chip c1"">章节：面向对象的软件开发方法</span><span class=""chip c2"">本章重点</span></div><h1>工作步骤</h1><div class=""a"">本章重点之四是面向对象<span class=""hit"">需求分析</span>的工作步骤：基于用例实现的8步建模——与用户沟通了解需求、确定系统边界建立上下文模型、建立<span class=""hit"">活动图</span>、建立用例模型、识别类建立静态结构模型、用时序图描述交互、用<span class=""hit"">状态图</span>分析状态变化完善类图、迭代直至完成模型。</div><div class=""ansbox"">挖空答案：<b>需求分析；活动图；状态图</b></div><div class=""pg"">教材页码：P85</div>"	面向对象的软件开发方法 本章重点 13005软件工程
"<div class=""top""><span class=""chip c1"">章节：面向对象的软件开发方法</span><span class=""chip c2"">本章重点</span></div><h1>表达需求的工具</h1><div class=""q"">本章重点之五是表达需求的工具：<span class=""blank"">______</span>常用的5种UML图——<span class=""blank"">______</span>（业务活动）、用例图（系统与环境交互）、时序图（对象间交互）、类图（对象类及类间联系）、<span class=""blank"">______</span>（系统响应事件）。</div>"	"<div class=""top""><span class=""chip c1"">章节：面向对象的软件开发方法</span><span class=""chip c2"">本章重点</span></div><h1>表达需求的工具</h1><div class=""a"">本章重点之五是表达需求的工具：<span class=""hit"">面向对象分析</span>常用的5种UML图——<span class=""hit"">活动图</span>（业务活动）、用例图（系统与环境交互）、时序图（对象间交互）、类图（对象类及类间联系）、<span class=""hit"">状态图</span>（系统响应事件）。</div><div class=""ansbox"">挖空答案：<b>面向对象分析；活动图；状态图</b></div><div class=""pg"">教材页码：P85</div>"	面向对象的软件开发方法 本章重点 13005软件工程
"<div class=""top""><span class=""chip c1"">章节：面向对象的软件开发方法</span><span class=""chip c2"">本章重点</span></div><h1>需求分析模型的建立(用例图、分析类图、时序图、状态图</h1><div class=""q"">本章重点之六是需求分析模型的建立：根据业务了解建立活动图，再建立描述系统功能的用例图并做文字描述；通过识别类、对象、属性、操作与关联建立<span class=""blank"">______</span>图（<span class=""blank"">______</span>）；通过画时序图描述系统交互过程和操作顺序关系；建立<span class=""blank"">______</span>描述事件在用例间的迁移、描述业务逻辑，并以这些模型互相验证、迭代完善。</div>"	"<div class=""top""><span class=""chip c1"">章节：面向对象的软件开发方法</span><span class=""chip c2"">本章重点</span></div><h1>需求分析模型的建立(用例图、分析类图、时序图、状态图</h1><div class=""a"">本章重点之六是需求分析模型的建立：根据业务了解建立活动图，再建立描述系统功能的用例图并做文字描述；通过识别类、对象、属性、操作与关联建立<span class=""hit"">分析类</span>图（<span class=""hit"">静态模型</span>）；通过画时序图描述系统交互过程和操作顺序关系；建立<span class=""hit"">状态图</span>描述事件在用例间的迁移、描述业务逻辑，并以这些模型互相验证、迭代完善。</div><div class=""ansbox"">挖空答案：<b>分析类；静态模型；状态图</b></div><div class=""pg"">教材页码：P85</div>"	面向对象的软件开发方法 本章重点 13005软件工程
"<div class=""top""><span class=""chip c1"">章节：面向对象的软件开发方法</span><span class=""chip c2"">本章重点</span></div><h1>面向对象设计的任务、方法和系统的设计模型</h1><div class=""q"">本章重点之七是<span class=""blank"">______</span>、方法和系统设计模型：任务是把分析模型转换为设计模型、解决“<span class=""blank"">______</span>”；方法包括设计基本步骤（体系结构建模、接口建模、构件详细设计）、设计准则（模块化/抽象/信息隐蔽/低耦合/高内聚/可复用）和体系结构（分层、三层、MVC）；设计模型包括体系结构图、包图、构件图、<span class=""blank"">______</span>、时序图、设计类图。</div>"	"<div class=""top""><span class=""chip c1"">章节：面向对象的软件开发方法</span><span class=""chip c2"">本章重点</span></div><h1>面向对象设计的任务、方法和系统的设计模型</h1><div class=""a"">本章重点之七是<span class=""hit"">面向对象设计的任务</span>、方法和系统设计模型：任务是把分析模型转换为设计模型、解决“<span class=""hit"">如何做</span>”；方法包括设计基本步骤（体系结构建模、接口建模、构件详细设计）、设计准则（模块化/抽象/信息隐蔽/低耦合/高内聚/可复用）和体系结构（分层、三层、MVC）；设计模型包括体系结构图、包图、构件图、<span class=""hit"">部署图</span>、时序图、设计类图。</div><div class=""ansbox"">挖空答案：<b>面向对象设计的任务；如何做；部署图</b></div><div class=""pg"">教材页码：P105</div>"	面向对象的软件开发方法 本章重点 13005软件工程
"<div class=""top""><span class=""chip c1"">章节：面向对象的软件开发方法</span><span class=""chip c2"">本章难点</span></div><h1>根据业务逻辑建立面向对象的需求模型,根据需求模型建立软件的设计模型(包图、构件图、部署图、设计类图</h1><div class=""q"">本章难点：根据业务逻辑建立<span class=""blank"">______</span>的需求模型，再根据需求模型建立软件的设计模型。即把业务描述逐步抽象为活动图→用例图→分析类图→时序图→状态图的需求模型，并把该模型转化为包图（子系统）、构件图（基于实体类划分构件）、部署图（物理<span class=""blank"">______</span>）、设计类图（构件级<span class=""blank"">______</span>）等设计模型，需要结合UML工具与领域知识在迭代中反复识别、筛选、细化类、对象、属性、操作、关联及接口。</div>"	"<div class=""top""><span class=""chip c1"">章节：面向对象的软件开发方法</span><span class=""chip c2"">本章难点</span></div><h1>根据业务逻辑建立面向对象的需求模型,根据需求模型建立软件的设计模型(包图、构件图、部署图、设计类图</h1><div class=""a"">本章难点：根据业务逻辑建立<span class=""hit"">面向对象</span>的需求模型，再根据需求模型建立软件的设计模型。即把业务描述逐步抽象为活动图→用例图→分析类图→时序图→状态图的需求模型，并把该模型转化为包图（子系统）、构件图（基于实体类划分构件）、部署图（物理<span class=""hit"">体系结构</span>）、设计类图（构件级<span class=""hit"">详细设计</span>）等设计模型，需要结合UML工具与领域知识在迭代中反复识别、筛选、细化类、对象、属性、操作、关联及接口。</div><div class=""ansbox"">挖空答案：<b>面向对象；体系结构；详细设计</b></div><div class=""pg"">教材页码：P85</div>"	面向对象的软件开发方法 本章难点 13005软件工程
"<div class=""top""><span class=""chip c1"">章节：移动应用的设计与测试</span><span class=""chip c2"">识记</span><span class=""chip c3"">移动应用的特点</span></div><h1>移动应用具有的3个特点</h1><div class=""q""><span class=""blank"">______</span>具有3个<span class=""blank"">______</span>：①强调<span class=""blank"">______</span>；②需求及环境的复杂性；③技术难度更高。</div>"	"<div class=""top""><span class=""chip c1"">章节：移动应用的设计与测试</span><span class=""chip c2"">识记</span><span class=""chip c3"">移动应用的特点</span></div><h1>移动应用具有的3个特点</h1><div class=""a""><span class=""hit"">移动应用</span>具有3个<span class=""hit"">特点</span>：①强调<span class=""hit"">用户体验</span>；②需求及环境的复杂性；③技术难度更高。</div><div class=""ansbox"">挖空答案：<b>移动应用；特点；用户体验</b></div><div class=""pg"">教材页码：P128</div>"	移动应用的设计与测试 识记 移动应用的特点 13005软件工程
"<div class=""top""><span class=""chip c1"">章节：移动应用的设计与测试</span><span class=""chip c2"">领会</span><span class=""chip c3"">移动应用的特点</span></div><h1>移动应用强调用户体验</h1><div class=""q"">虽然不同移动设备有许多相同的产品功能，但<span class=""blank"">______</span>更关心自己移动产品所附带的功能体验：有的用户希望计算机能有移动设备的功能，有的用户关注移动设备带来的自由而宁愿接受其功能和性能局限，还有用户期待移动App带来在传统计算机或娱乐设备上不可能<span class=""blank"">______</span>的独特体验。良好的<span class=""blank"">______</span>可能比任何移动产品本身所含有的技术质量更为重要。</div>"	"<div class=""top""><span class=""chip c1"">章节：移动应用的设计与测试</span><span class=""chip c2"">领会</span><span class=""chip c3"">移动应用的特点</span></div><h1>移动应用强调用户体验</h1><div class=""a"">虽然不同移动设备有许多相同的产品功能，但<span class=""hit"">用户</span>更关心自己移动产品所附带的功能体验：有的<span class=""hit"">用户</span>希望计算机能有移动设备的功能，有的<span class=""hit"">用户</span>关注移动设备带来的自由而宁愿接受其功能和性能局限，还有<span class=""hit"">用户</span>期待移动App带来在传统计算机或娱乐设备上不可能<span class=""hit"">实现</span>的独特体验。良好的<span class=""hit"">用户体验</span>可能比任何移动产品本身所含有的技术质量更为重要。</div><div class=""ansbox"">挖空答案：<b>用户；实现；用户体验</b></div><div class=""pg"">教材页码：P128</div>"	移动应用的设计与测试 领会 移动应用的特点 13005软件工程
"<div class=""top""><span class=""chip c1"">章节：移动应用的设计与测试</span><span class=""chip c2"">领会</span><span class=""chip c3"">移动应用的特点</span></div><h1>需求及环境复杂</h1><div class=""q"">移动平台因所交付软件不同而不同，操作系统（安卓或苹果）与成百上千移动App相结合；移动平台复杂，安卓和苹果操作系统代码都超过1200万行；设备多有迷你浏览器不能展示网页全部内容；屏幕尺寸更趋多元，须重视<span class=""blank"">______</span>设计；设计必须考虑间歇性网络连接中断、电池寿命限制及其他设备约束；运行时系统构件位置会变化，须开发发现设备、交换信息、维护安全与通信完整性及同步动作的协调机制；非功能性需求（安全保密性、性能、可用性）与WebApp或桌面应用不同；须权衡表现力与安全性，移动<span class=""blank"">______</span>难度更大，且App需具有更好的<span class=""blank"">______</span>。</div>"	"<div class=""top""><span class=""chip c1"">章节：移动应用的设计与测试</span><span class=""chip c2"">领会</span><span class=""chip c3"">移动应用的特点</span></div><h1>需求及环境复杂</h1><div class=""a"">移动平台因所交付软件不同而不同，操作系统（安卓或苹果）与成百上千移动App相结合；移动平台复杂，安卓和苹果操作系统代码都超过1200万行；设备多有迷你浏览器不能展示网页全部内容；屏幕尺寸更趋多元，须重视<span class=""hit"">用户界面</span>设计；设计必须考虑间歇性网络连接中断、电池寿命限制及其他设备约束；运行时系统构件位置会变化，须开发发现设备、交换信息、维护安全与通信完整性及同步动作的协调机制；非功能性需求（安全保密性、性能、可用性）与WebApp或桌面应用不同；须权衡表现力与安全性，移动<span class=""hit"">软件测试</span>难度更大，且App需具有更好的<span class=""hit"">可移植性</span>。</div><div class=""ansbox"">挖空答案：<b>用户界面；软件测试；可移植性</b></div><div class=""pg"">教材页码：P129</div>"	移动应用的设计与测试 领会 移动应用的特点 13005软件工程
"<div class=""top""><span class=""chip c1"">章节：移动应用的设计与测试</span><span class=""chip c2"">领会</span><span class=""chip c3"">移动应用的特点</span></div><h1>技术难度高</h1><div class=""q"">日常设备中Web<span class=""blank"">______</span>的低成本改变了人们获取信息和使用网络服务的途径，<span class=""blank"">______</span>更喜欢在移动设备上通过网络获得各种功能的应用程序，而针对各种不同硬件平台开发基于网络的应用需要解决各种复杂的技术问题，因此<span class=""blank"">______</span>技术难度更高。</div>"	"<div class=""top""><span class=""chip c1"">章节：移动应用的设计与测试</span><span class=""chip c2"">领会</span><span class=""chip c3"">移动应用的特点</span></div><h1>技术难度高</h1><div class=""a"">日常设备中Web<span class=""hit"">功能</span>的低成本改变了人们获取信息和使用网络服务的途径，<span class=""hit"">用户</span>更喜欢在移动设备上通过网络获得各种<span class=""hit"">功能</span>的应用程序，而针对各种不同硬件平台开发基于网络的应用需要解决各种复杂的技术问题，因此<span class=""hit"">移动应用</span>技术难度更高。</div><div class=""ansbox"">挖空答案：<b>功能；用户；移动应用</b></div><div class=""pg"">教材页码：P129</div>"	移动应用的设计与测试 领会 移动应用的特点 13005软件工程
"<div class=""top""><span class=""chip c1"">章节：移动应用的设计与测试</span><span class=""chip c2"">领会</span><span class=""chip c3"">移动应用的特点</span></div><h1>移动应用开发需要解决的技术难题</h1><div class=""q"">移动App开发需要解决11个技术难题：①多元化的硬件和软件平台；②多种开发框架和程序<span class=""blank"">______</span>语言；③多种具有不同规则和工具的应用商店；④开发周期短；⑤<span class=""blank"">______</span>的限制以及<span class=""blank"">______</span>与设备之间交互的复杂性；⑥环境的有效利用；⑦电源管理；⑧安全保密性、隐私模式和策略；⑨计算和存储限制；⑩依赖外部服务的应用；⑪测试的复杂性。</div>"	"<div class=""top""><span class=""chip c1"">章节：移动应用的设计与测试</span><span class=""chip c2"">领会</span><span class=""chip c3"">移动应用的特点</span></div><h1>移动应用开发需要解决的技术难题</h1><div class=""a"">移动App开发需要解决11个技术难题：①多元化的硬件和软件平台；②多种开发框架和程序<span class=""hit"">设计</span>语言；③多种具有不同规则和工具的应用商店；④开发周期短；⑤<span class=""hit"">用户界面</span>的限制以及<span class=""hit"">传感器</span>与设备之间交互的复杂性；⑥环境的有效利用；⑦电源管理；⑧安全保密性、隐私模式和策略；⑨计算和存储限制；⑩依赖外部服务的应用；⑪测试的复杂性。</div><div class=""ansbox"">挖空答案：<b>设计；用户界面；传感器</b></div><div class=""pg"">教材页码：P129</div>"	移动应用的设计与测试 领会 移动应用的特点 13005软件工程
"<div class=""top""><span class=""chip c1"">章节：移动应用的设计与测试</span><span class=""chip c2"">识记</span><span class=""chip c3"">移动应用开发的软件过程</span></div><h1>移动应用采用敏捷开发模型</h1><div class=""q""><span class=""blank"">______</span>软件的工程化开发过程与传统主机软件不同，移动应用采用敏捷开发模型（利用敏捷的螺旋工程<span class=""blank"">______</span>）；其开发过程包括的5个阶段并不需要像<span class=""blank"">______</span>那样按顺序完成，随着开发人员和利益相关者对用户需求和业务目标理解的深入，将不断重复这5个阶段。</div>"	"<div class=""top""><span class=""chip c1"">章节：移动应用的设计与测试</span><span class=""chip c2"">识记</span><span class=""chip c3"">移动应用开发的软件过程</span></div><h1>移动应用采用敏捷开发模型</h1><div class=""a""><span class=""hit"">移动应用</span>软件的工程化开发过程与传统主机软件不同，<span class=""hit"">移动应用</span>采用敏捷开发模型（利用敏捷的螺旋工程<span class=""hit"">过程模型</span>）；其开发过程包括的5个阶段并不需要像<span class=""hit"">瀑布模型</span>那样按顺序完成，随着开发人员和利益相关者对用户需求和业务目标理解的深入，将不断重复这5个阶段。</div><div class=""ansbox"">挖空答案：<b>移动应用；过程模型；瀑布模型</b></div><div class=""pg"">教材页码：P131</div>"	移动应用的设计与测试 识记 移动应用开发的软件过程 13005软件工程
"<div class=""top""><span class=""chip c1"">章节：移动应用的设计与测试</span><span class=""chip c2"">识记</span><span class=""chip c3"">移动应用开发的软件过程</span></div><h1>移动应用开发的5个迭代阶段</h1><div class=""q"">移动应用开发包括5个主要迭代阶段：①需求分析阶段——确定产品目标、特征和功能，确定第一个增量或可行性原型的范围和规模；②设计阶段——<span class=""blank"">______</span>、导航设计、<span class=""blank"">______</span>、内容设计；③开发阶段——编码实现功能性与非功能性部分，创建并执行<span class=""blank"">______</span>，进行可用性和可访问性评估；④稳定阶段——经历可行性原型、alpha原型、beta原型，最终获得候选发布版；⑤部署阶段——产品经应用商店审查后出售和下载，内部使用的应用须完成全部审查以保证质量。</div>"	"<div class=""top""><span class=""chip c1"">章节：移动应用的设计与测试</span><span class=""chip c2"">识记</span><span class=""chip c3"">移动应用开发的软件过程</span></div><h1>移动应用开发的5个迭代阶段</h1><div class=""a"">移动应用开发包括5个主要迭代阶段：①需求分析阶段——确定产品目标、特征和功能，确定第一个增量或可行性原型的范围和规模；②设计阶段——<span class=""hit"">体系结构设计</span>、导航设计、<span class=""hit"">界面设计</span>、内容设计；③开发阶段——编码实现功能性与非功能性部分，创建并执行<span class=""hit"">测试用例</span>，进行可用性和可访问性评估；④稳定阶段——经历可行性原型、alpha原型、beta原型，最终获得候选发布版；⑤部署阶段——产品经应用商店审查后出售和下载，内部使用的应用须完成全部审查以保证质量。</div><div class=""ansbox"">挖空答案：<b>体系结构设计；界面设计；测试用例</b></div><div class=""pg"">教材页码：P131</div>"	移动应用的设计与测试 识记 移动应用开发的软件过程 13005软件工程
"<div class=""top""><span class=""chip c1"">章节：移动应用的设计与测试</span><span class=""chip c2"">领会</span><span class=""chip c3"">移动应用开发的软件过程</span></div><h1>移动应用界面设计需要考虑的问题</h1><div class=""q"">移动设备<span class=""blank"">______</span>希望用最短时间学会掌握App，设计者应在不同平台上使用统一的图标和布局；对在屏幕上显示个人信息必须对用户隐私保持敏感；触摸、手势界面及<span class=""blank"">______</span>、人脸识别已成熟；界面还须考虑品牌差异、文化差异、计算体验差异以及老年用户和残疾人用户。开发者应了解：①<span class=""blank"">______</span>在多个应用中是否一致；②设备是否能与不同的网络服务相互协作；③在目标市场中就利益相关者价值观而言设备是否能被大众认可。</div>"	"<div class=""top""><span class=""chip c1"">章节：移动应用的设计与测试</span><span class=""chip c2"">领会</span><span class=""chip c3"">移动应用开发的软件过程</span></div><h1>移动应用界面设计需要考虑的问题</h1><div class=""a"">移动设备<span class=""hit"">用户</span>希望用最短时间学会掌握App，设计者应在不同平台上使用统一的图标和布局；对在屏幕上显示个人信息必须对<span class=""hit"">用户</span>隐私保持敏感；触摸、手势界面及<span class=""hit"">语音输入</span>、人脸识别已成熟；界面还须考虑品牌差异、文化差异、计算体验差异以及老年<span class=""hit"">用户</span>和残疾人<span class=""hit"">用户</span>。开发者应了解：①<span class=""hit"">用户界面</span>在多个应用中是否一致；②设备是否能与不同的网络服务相互协作；③在目标市场中就利益相关者价值观而言设备是否能被大众认可。</div><div class=""ansbox"">挖空答案：<b>用户；语音输入；用户界面</b></div><div class=""pg"">教材页码：P131</div>"	移动应用的设计与测试 领会 移动应用开发的软件过程 13005软件工程
"<div class=""top""><span class=""chip c1"">章节：移动应用的设计与测试</span><span class=""chip c2"">领会</span><span class=""chip c3"">移动应用开发的软件过程</span></div><h1>用于移动应用的界面设计的3种模型</h1><div class=""q"">可用于<span class=""blank"">______</span>界面设计的3种模型：①平台模型——描述支持平台的约束条件；②表示模型——描述<span class=""blank"">______</span>的外观；③任务模型——用户满足其任务目标所需要执行的任务的结构化表示。用抽象的、与平台无关的模型描述用户界面有利于多平台界面的一致性和<span class=""blank"">______</span>。</div>"	"<div class=""top""><span class=""chip c1"">章节：移动应用的设计与测试</span><span class=""chip c2"">领会</span><span class=""chip c3"">移动应用开发的软件过程</span></div><h1>用于移动应用的界面设计的3种模型</h1><div class=""a"">可用于<span class=""hit"">移动应用</span>界面设计的3种模型：①平台模型——描述支持平台的约束条件；②表示模型——描述<span class=""hit"">用户界面</span>的外观；③任务模型——用户满足其任务目标所需要执行的任务的结构化表示。用抽象的、与平台无关的模型描述<span class=""hit"">用户界面</span>有利于多平台界面的一致性和<span class=""hit"">可用性</span>。</div><div class=""ansbox"">挖空答案：<b>移动应用；用户界面；可用性</b></div><div class=""pg"">教材页码：P132</div>"	移动应用的设计与测试 领会 移动应用开发的软件过程 13005软件工程
"<div class=""top""><span class=""chip c1"">章节：移动应用的设计与测试</span><span class=""chip c2"">领会</span><span class=""chip c3"">移动应用开发的软件过程</span></div><h1>3种设计移动应用程序的方法</h1><div class=""q"">由经验丰富技术人员提出的3种设计移动应用程序的方法：①使用场景——考虑相关环境因素（位置、<span class=""blank"">______</span>和设备）及场景间转换，用户场景开发应考虑位置、设置、运动和姿势、设备和用法、负载和干扰以及用户喜好；②观察不同应用者——收集具有代表性的用户信息，随场景变化观察同一用户完成不同任务并记录其反应；③低保真度的纸质原型（如卡片或便条）——<span class=""blank"">______</span>效益高的<span class=""blank"">______</span>评估方法，可在编程之前使用，并模拟交互类型以检查放置位置和易用性。</div>"	"<div class=""top""><span class=""chip c1"">章节：移动应用的设计与测试</span><span class=""chip c2"">领会</span><span class=""chip c3"">移动应用开发的软件过程</span></div><h1>3种设计移动应用程序的方法</h1><div class=""a"">由经验丰富技术人员提出的3种设计移动应用程序的方法：①使用场景——考虑相关环境因素（位置、<span class=""hit"">用户</span>和设备）及场景间转换，<span class=""hit"">用户</span>场景开发应考虑位置、设置、运动和姿势、设备和用法、负载和干扰以及<span class=""hit"">用户</span>喜好；②观察不同应用者——收集具有代表性的<span class=""hit"">用户</span>信息，随场景变化观察同一<span class=""hit"">用户</span>完成不同任务并记录其反应；③低保真度的纸质原型（如卡片或便条）——<span class=""hit"">成本</span>效益高的<span class=""hit"">可用性</span>评估方法，可在编程之前使用，并模拟交互类型以检查放置位置和易用性。</div><div class=""ansbox"">挖空答案：<b>用户；成本；可用性</b></div><div class=""pg"">教材页码：P132</div>"	移动应用的设计与测试 领会 移动应用开发的软件过程 13005软件工程
"<div class=""top""><span class=""chip c1"">章节：移动应用的设计与测试</span><span class=""chip c2"">领会</span><span class=""chip c3"">移动应用开发的软件过程</span></div><h1>在移动应用的设计中应该尽量避免的问题</h1><div class=""q"">在移动App的<span class=""blank"">______</span>中应该尽量避免：<span class=""blank"">______</span>复杂、前后矛盾、设计过度、加载过慢、废话连篇、非<span class=""blank"">______</span>的交互、对常见问题的回答和帮助。</div>"	"<div class=""top""><span class=""chip c1"">章节：移动应用的设计与测试</span><span class=""chip c2"">领会</span><span class=""chip c3"">移动应用开发的软件过程</span></div><h1>在移动应用的设计中应该尽量避免的问题</h1><div class=""a"">在移动App的<span class=""hit"">设计</span>中应该尽量避免：<span class=""hit"">功能</span>复杂、前后矛盾、<span class=""hit"">设计</span>过度、加载过慢、废话连篇、非<span class=""hit"">标准</span>的交互、对常见问题的回答和帮助。</div><div class=""ansbox"">挖空答案：<b>设计；功能；标准</b></div><div class=""pg"">教材页码：P132</div>"	移动应用的设计与测试 领会 移动应用开发的软件过程 13005软件工程
"<div class=""top""><span class=""chip c1"">章节：移动应用的设计与测试</span><span class=""chip c2"">识记</span><span class=""chip c3"">移动计算环境和环境感知App</span></div><h1>云计算的3层体系结构</h1><div class=""q"">云计算体系结构有三层，每一层都可称为一个服务：①软件即服务（<span class=""blank"">______</span>）层——包括由第三方服务提供商提供的软件构件和应用；②平台即服务（<span class=""blank"">______</span>）层——提供协同开发平台，协助地理上分散的团队成员进行设计、实施和测试；③基础设施即服务（<span class=""blank"">______</span>）层——为云计算提供虚拟计算资源（存储、处理能力、网络连接）。</div>"	"<div class=""top""><span class=""chip c1"">章节：移动应用的设计与测试</span><span class=""chip c2"">识记</span><span class=""chip c3"">移动计算环境和环境感知App</span></div><h1>云计算的3层体系结构</h1><div class=""a"">云计算体系结构有三层，每一层都可称为一个服务：①软件即服务（<span class=""hit"">SaaS</span>）层——包括由第三方服务提供商提供的软件构件和应用；②平台即服务（<span class=""hit"">PaaS</span>）层——提供协同开发平台，协助地理上分散的团队成员进行设计、实施和测试；③基础设施即服务（<span class=""hit"">IaaS</span>）层——为云计算提供虚拟计算资源（存储、处理能力、网络连接）。</div><div class=""ansbox"">挖空答案：<b>SaaS；PaaS；IaaS</b></div><div class=""pg"">教材页码：P133</div>"	移动应用的设计与测试 识记 移动计算环境和环境感知App 13005软件工程
"<div class=""top""><span class=""chip c1"">章节：移动应用的设计与测试</span><span class=""chip c2"">识记</span><span class=""chip c3"">WebApp 设计</span></div><h1>保证WebApp质量的必要步骤</h1><div class=""q"">对于比较大的<span class=""blank"">______</span>，先借鉴专家的专业知识和技术对WebApp进行<span class=""blank"">______</span>、评估之后，再准备内容、编写代码和进行测试，是保证WebApp质量的必要<span class=""blank"">______</span>。</div>"	"<div class=""top""><span class=""chip c1"">章节：移动应用的设计与测试</span><span class=""chip c2"">识记</span><span class=""chip c3"">WebApp 设计</span></div><h1>保证WebApp质量的必要步骤</h1><div class=""a"">对于比较大的<span class=""hit"">项目</span>，先借鉴专家的专业知识和技术对WebApp进行<span class=""hit"">设计</span>、评估之后，再准备内容、编写代码和进行测试，是保证WebApp质量的必要<span class=""hit"">步骤</span>。</div><div class=""ansbox"">挖空答案：<b>项目；设计；步骤</b></div><div class=""pg"">教材页码：P134</div>"	移动应用的设计与测试 识记 WebApp设计 13005软件工程
"<div class=""top""><span class=""chip c1"">章节：移动应用的设计与测试</span><span class=""chip c2"">识记</span><span class=""chip c3"">WebApp 设计</span></div><h1>WebApp设计的内容</h1><div class=""q"">WebApp设计的内容包括：<span class=""blank"">______</span>、美学设计、<span class=""blank"">______</span>、导航设计、<span class=""blank"">______</span>、构件设计；其内容由技术性最强的构件设计到接近用户的界面设计，构成设计金字塔。</div>"	"<div class=""top""><span class=""chip c1"">章节：移动应用的设计与测试</span><span class=""chip c2"">识记</span><span class=""chip c3"">WebApp 设计</span></div><h1>WebApp设计的内容</h1><div class=""a"">WebApp设计的内容包括：<span class=""hit"">界面设计</span>、美学设计、<span class=""hit"">内容设计</span>、导航设计、<span class=""hit"">体系结构设计</span>、构件设计；其内容由技术性最强的构件设计到接近用户的<span class=""hit"">界面设计</span>，构成设计金字塔。</div><div class=""ansbox"">挖空答案：<b>界面设计；内容设计；体系结构设计</b></div><div class=""pg"">教材页码：P134</div>"	移动应用的设计与测试 识记 WebApp设计 13005软件工程
"<div class=""top""><span class=""chip c1"">章节：移动应用的设计与测试</span><span class=""chip c2"">识记</span><span class=""chip c3"">WebApp 设计</span></div><h1>WebApp界面的目标</h1><div class=""q"">WebApp界面的目标：①建立一致性的窗口，<span class=""blank"">______</span>由此进入界面提供的内容和<span class=""blank"">______</span>；②通过一系列与WebApp的交互以指导用户；③<span class=""blank"">______</span>用户可用的导航选项和内容。</div>"	"<div class=""top""><span class=""chip c1"">章节：移动应用的设计与测试</span><span class=""chip c2"">识记</span><span class=""chip c3"">WebApp 设计</span></div><h1>WebApp界面的目标</h1><div class=""a"">WebApp界面的目标：①建立一致性的窗口，<span class=""hit"">用户</span>由此进入界面提供的内容和<span class=""hit"">功能</span>；②通过一系列与WebApp的交互以指导<span class=""hit"">用户</span>；③<span class=""hit"">组织</span><span class=""hit"">用户</span>可用的导航选项和内容。</div><div class=""ansbox"">挖空答案：<b>用户；功能；组织</b></div><div class=""pg"">教材页码：P135</div>"	移动应用的设计与测试 识记 WebApp设计 13005软件工程
"<div class=""top""><span class=""chip c1"">章节：移动应用的设计与测试</span><span class=""chip c2"">识记</span><span class=""chip c3"">WebApp 设计</span></div><h1>导航语义单元</h1><div class=""q"">导航语义单元（Navigation Semantic Unit，NSU）描述了每个用例的导航需求；本质上，NSU显示了每个角色如何在内容对象或WebApp功能之间移动。NSU由一组<span class=""blank"">______</span>组成，WebApp的总体导航<span class=""blank"">______</span>可<span class=""blank"">______</span>为NSU的层次结构。</div>"	"<div class=""top""><span class=""chip c1"">章节：移动应用的设计与测试</span><span class=""chip c2"">识记</span><span class=""chip c3"">WebApp 设计</span></div><h1>导航语义单元</h1><div class=""a"">导航语义单元（Navigation Semantic Unit，NSU）描述了每个用例的导航需求；本质上，NSU显示了每个角色如何在内容对象或WebApp功能之间移动。NSU由一组<span class=""hit"">导航元素</span>组成，WebApp的总体导航<span class=""hit"">结构</span>可<span class=""hit"">组织</span>为NSU的层次<span class=""hit"">结构</span>。</div><div class=""ansbox"">挖空答案：<b>导航元素；结构；组织</b></div><div class=""pg"">教材页码：P137</div>"	移动应用的设计与测试 识记 WebApp设计 13005软件工程
"<div class=""top""><span class=""chip c1"">章节：移动应用的设计与测试</span><span class=""chip c2"">识记</span><span class=""chip c3"">WebApp 设计</span></div><h1>导航元素</h1><div class=""q"">导航元素也称作导航通路（Way of Navigation，WoN）：对于特定类型的<span class=""blank"">______</span>，为了达到导航目的，WoN展示了最佳的导航路径。每个WoN由一组相关的导航节点（Navigational Node，NN）组成，这些导航节点通过导航链接连接起来，在某些情况下导航链接可能就是另一个NSU。</div>"	"<div class=""top""><span class=""chip c1"">章节：移动应用的设计与测试</span><span class=""chip c2"">识记</span><span class=""chip c3"">WebApp 设计</span></div><h1>导航元素</h1><div class=""a"">导航元素也称作导航通路（Way of Navigation，WoN）：对于特定类型的<span class=""hit"">用户</span>，为了达到导航目的，WoN展示了最佳的导航路径。每个WoN由一组相关的导航节点（Navigational Node，NN）组成，这些导航节点通过导航链接连接起来，在某些情况下导航链接可能就是另一个NSU。</div><div class=""ansbox"">挖空答案：<b>用户</b></div><div class=""pg"">教材页码：P137</div>"	移动应用的设计与测试 识记 WebApp设计 13005软件工程
"<div class=""top""><span class=""chip c1"">章节：移动应用的设计与测试</span><span class=""chip c2"">识记</span><span class=""chip c3"">WebApp 设计</span></div><h1>WebApp构件</h1><div class=""q"">WebApp构件：首先是定义良好的聚合功能，为最终<span class=""blank"">______</span>处理内容，或提供计算及数据处理功能；其次，WebApp构件是内容和功能的聚合包，提供最终用户所需的功能。因此WebApp的<span class=""blank"">______</span>通常包括<span class=""blank"">______</span>元素和功能设计元素（如购物车构件）。</div>"	"<div class=""top""><span class=""chip c1"">章节：移动应用的设计与测试</span><span class=""chip c2"">识记</span><span class=""chip c3"">WebApp 设计</span></div><h1>WebApp构件</h1><div class=""a"">WebApp构件：首先是定义良好的聚合功能，为最终<span class=""hit"">用户</span>处理内容，或提供计算及数据处理功能；其次，WebApp构件是内容和功能的聚合包，提供最终<span class=""hit"">用户</span>所需的功能。因此WebApp的<span class=""hit"">构件级设计</span>通常包括<span class=""hit"">内容设计</span>元素和功能设计元素（如购物车构件）。</div><div class=""ansbox"">挖空答案：<b>用户；构件级设计；内容设计</b></div><div class=""pg"">教材页码：P138</div>"	移动应用的设计与测试 识记 WebApp设计 13005软件工程
"<div class=""top""><span class=""chip c1"">章节：移动应用的设计与测试</span><span class=""chip c2"">领会</span><span class=""chip c3"">WebApp 设计</span></div><h1>美学设计的参考原则</h1><div class=""q"">美学设计（又称可视化设计或平面设计）的页面布局参考原则：①适当留下空白空间；②页面大部分留给内容，剩余<span class=""blank"">______</span>为导航和其他要素；③按照从左上到右下的顺序<span class=""blank"">______</span>布局元素，高优先级元素放在左上部分；④按导航、内容和功能安排页面布局；⑤不要通过滚动条扩展空间；⑥设计页面布局时要考虑<span class=""blank"">______</span>和浏览器窗口尺寸，按可用空间百分比而非固定尺寸设计。</div>"	"<div class=""top""><span class=""chip c1"">章节：移动应用的设计与测试</span><span class=""chip c2"">领会</span><span class=""chip c3"">WebApp 设计</span></div><h1>美学设计的参考原则</h1><div class=""a"">美学设计（又称可视化设计或平面设计）的页面布局参考原则：①适当留下空白空间；②页面大部分留给内容，剩余<span class=""hit"">资源</span>为导航和其他要素；③按照从左上到右下的顺序<span class=""hit"">组织</span>布局元素，高优先级元素放在左上部分；④按导航、内容和功能安排页面布局；⑤不要通过滚动条扩展空间；⑥设计页面布局时要考虑<span class=""hit"">分辨率</span>和浏览器窗口尺寸，按可用空间百分比而非固定尺寸设计。</div><div class=""ansbox"">挖空答案：<b>资源；组织；分辨率</b></div><div class=""pg"">教材页码：P135</div>"	移动应用的设计与测试 领会 WebApp设计 13005软件工程
"<div class=""top""><span class=""chip c1"">章节：移动应用的设计与测试</span><span class=""chip c2"">领会</span><span class=""chip c3"">WebApp 设计</span></div><h1>内容设计的任务</h1><div class=""q""><span class=""blank"">______</span>中，内容对象与传统软件中的<span class=""blank"">______</span>对象关系更加紧密；内容对象具有的属性包括特定内容信息的属性（通常在WebApp建模期间定义）和指定为设计成分的<span class=""blank"">______</span>属性。设计时用UML表示内容对象及其关系，例如CompDescription类由MarketingDescription、Photograph、TechDescription、Schematic、Videos五个内容对象组成，并标明哪些必需、哪些可选、哪些可多个。</div>"	"<div class=""top""><span class=""chip c1"">章节：移动应用的设计与测试</span><span class=""chip c2"">领会</span><span class=""chip c3"">WebApp 设计</span></div><h1>内容设计的任务</h1><div class=""a""><span class=""hit"">内容设计</span>中，内容对象与传统软件中的<span class=""hit"">数据</span>对象关系更加紧密；内容对象具有的属性包括特定内容信息的属性（通常在WebApp建模期间定义）和指定为设计成分的<span class=""hit"">实现</span>属性。设计时用UML表示内容对象及其关系，例如CompDescription类由MarketingDescription、Photograph、TechDescription、Schematic、Videos五个内容对象组成，并标明哪些必需、哪些可选、哪些可多个。</div><div class=""ansbox"">挖空答案：<b>内容设计；数据；实现</b></div><div class=""pg"">教材页码：P135</div>"	移动应用的设计与测试 领会 WebApp设计 13005软件工程
"<div class=""top""><span class=""chip c1"">章节：移动应用的设计与测试</span><span class=""chip c2"">领会</span><span class=""chip c3"">WebApp 设计</span></div><h1>内容体系结构</h1><div class=""q"">内容体系结构着重于内容<span class=""blank"">______</span>（如网页的组成对象）的表现和<span class=""blank"">______</span>的<span class=""blank"">______</span>方式。</div>"	"<div class=""top""><span class=""chip c1"">章节：移动应用的设计与测试</span><span class=""chip c2"">领会</span><span class=""chip c3"">WebApp 设计</span></div><h1>内容体系结构</h1><div class=""a"">内容体系结构着重于内容<span class=""hit"">对象</span>（如网页的组成<span class=""hit"">对象</span>）的表现和<span class=""hit"">导航</span>的<span class=""hit"">组织</span>方式。</div><div class=""ansbox"">挖空答案：<b>对象；导航；组织</b></div><div class=""pg"">教材页码：P136</div>"	移动应用的设计与测试 领会 WebApp设计 13005软件工程
"<div class=""top""><span class=""chip c1"">章节：移动应用的设计与测试</span><span class=""chip c2"">领会</span><span class=""chip c3"">WebApp 设计</span></div><h1>WebApp体系结构</h1><div class=""q"">WebApp体系结构描述应用将以什么<span class=""blank"">______</span>方式来管理<span class=""blank"">______</span>交互、操纵内部处理任务、<span class=""blank"">______</span>导航及展示内容；它描述了使基于Web的系统或应用达到其业务目标的基础结构。其基本特性是：应用程序数据应与网页内容（导航节点）分开，而内容又应与界面外观（页面）清楚地分开；建议采用三层设计体系结构，使界面与导航及应用程序行为相分离，以简化实现并增加复用性。</div>"	"<div class=""top""><span class=""chip c1"">章节：移动应用的设计与测试</span><span class=""chip c2"">领会</span><span class=""chip c3"">WebApp 设计</span></div><h1>WebApp体系结构</h1><div class=""a"">WebApp体系结构描述应用将以什么<span class=""hit"">组织</span>方式来管理<span class=""hit"">用户</span>交互、操纵内部处理任务、<span class=""hit"">实现</span>导航及展示内容；它描述了使基于Web的系统或应用达到其业务目标的基础结构。其基本特性是：应用程序数据应与网页内容（导航节点）分开，而内容又应与界面外观（页面）清楚地分开；建议采用三层设计体系结构，使界面与导航及应用程序行为相分离，以简化<span class=""hit"">实现</span>并增加复用性。</div><div class=""ansbox"">挖空答案：<b>组织；用户；实现</b></div><div class=""pg"">教材页码：P136</div>"	移动应用的设计与测试 领会 WebApp设计 13005软件工程
"<div class=""top""><span class=""chip c1"">章节：移动应用的设计与测试</span><span class=""chip c2"">领会</span><span class=""chip c3"">WebApp 设计</span></div><h1>MVC体系结构的视图、控制器、模型部分的功能导航设计的内容和方法</h1><div class=""q"">MVC中：模型包括应用所有详细内容和处理逻辑、所有内容对象、对外部数据/信息源的访问以及应用特定处理功能；视图包括所有界面特定功能，能表示内容和处理逻辑；控制器管理对模型和视图的访问并协调两者间<span class=""blank"">______</span>，视图由控制器根据来自模型的<span class=""blank"">______</span>输入更新。导航设计的内容和方法：建立<span class=""blank"">______</span>并确定构件后，为不同用户确定导航语义并定义导航机制（语法）；先考虑用户层次和每类角色的用例，确定NSU、WoN和导航节点NN，再定义导航机制（单独导航链接、水平或垂直导航条、标签、站点地图等），并建立导航习惯和帮助。</div>"	"<div class=""top""><span class=""chip c1"">章节：移动应用的设计与测试</span><span class=""chip c2"">领会</span><span class=""chip c3"">WebApp 设计</span></div><h1>MVC体系结构的视图、控制器、模型部分的功能导航设计的内容和方法</h1><div class=""a"">MVC中：模型包括应用所有详细内容和处理逻辑、所有内容对象、对外部数据/信息源的访问以及应用特定处理功能；视图包括所有界面特定功能，能表示内容和处理逻辑；控制器管理对模型和视图的访问并协调两者间<span class=""hit"">数据流</span>，视图由控制器根据来自模型的<span class=""hit"">用户</span>输入更新。导航设计的内容和方法：建立<span class=""hit"">体系结构</span>并确定构件后，为不同<span class=""hit"">用户</span>确定导航语义并定义导航机制（语法）；先考虑<span class=""hit"">用户</span>层次和每类角色的用例，确定NSU、WoN和导航节点NN，再定义导航机制（单独导航链接、水平或垂直导航条、标签、站点地图等），并建立导航习惯和帮助。</div><div class=""ansbox"">挖空答案：<b>数据流；用户；体系结构</b></div><div class=""pg"">教材页码：P137</div>"	移动应用的设计与测试 领会 WebApp设计 13005软件工程
"<div class=""top""><span class=""chip c1"">章节：移动应用的设计与测试</span><span class=""chip c2"">领会</span><span class=""chip c3"">WebApp 设计</span></div><h1>WebApp构件设计</h1><div class=""q"">构件设计：<span class=""blank"">______</span>提供更成熟的处理功能——①执行本地化处理以动态产生内容和导航能力；②提供适于应用业务领域的计算或数据处理能力；③提供高级数据库查询和访问；④建立与外部协作系统的数据接口。为此须设计和创建程序构件（形式同传统软件构件），<span class=""blank"">______</span>移动级构件使软件可重用，避免为不同平台相同功能重新编程，节约成本提高效率；在<span class=""blank"">______</span>中将内容和功能结合创建功能体系结构，描述关键功能构件及其交互。</div>"	"<div class=""top""><span class=""chip c1"">章节：移动应用的设计与测试</span><span class=""chip c2"">领会</span><span class=""chip c3"">WebApp 设计</span></div><h1>WebApp构件设计</h1><div class=""a"">构件设计：<span class=""hit"">移动应用</span>提供更成熟的处理功能——①执行本地化处理以动态产生内容和导航能力；②提供适于应用业务领域的计算或数据处理能力；③提供高级数据库查询和访问；④建立与外部协作系统的数据接口。为此须设计和创建程序构件（形式同传统软件构件），<span class=""hit"">实现</span>移动级构件使软件可重用，避免为不同平台相同功能重新编程，节约成本提高效率；在<span class=""hit"">体系结构设计</span>中将内容和功能结合创建功能体系结构，描述关键功能构件及其交互。</div><div class=""ansbox"">挖空答案：<b>移动应用；实现；体系结构设计</b></div><div class=""pg"">教材页码：P138</div>"	移动应用的设计与测试 领会 WebApp设计 13005软件工程
"<div class=""top""><span class=""chip c1"">章节：移动应用的设计与测试</span><span class=""chip c2"">领会</span><span class=""chip c3"">WebApp 设计</span></div><h1>影响移动App质量的6个重要因素</h1><div class=""q"">最终用户对移动App的满意度取决于6个重要质量因素：易用性、功能性、可靠性、时效性、<span class=""blank"">______</span>及<span class=""blank"">______</span>。此外安全性、<span class=""blank"">______</span>、可扩展性、投放市场时间、内容质量作为扩展质量属性用于评价。</div>"	"<div class=""top""><span class=""chip c1"">章节：移动应用的设计与测试</span><span class=""chip c2"">领会</span><span class=""chip c3"">WebApp 设计</span></div><h1>影响移动App质量的6个重要因素</h1><div class=""a"">最终用户对移动App的满意度取决于6个重要质量因素：易用性、功能性、可靠性、时效性、<span class=""hit"">可维护性</span>及<span class=""hit"">可移植性</span>。此外安全性、<span class=""hit"">可用性</span>、可扩展性、投放市场时间、内容质量作为扩展质量属性用于评价。</div><div class=""ansbox"">挖空答案：<b>可维护性；可移植性；可用性</b></div><div class=""pg"">教材页码：P139</div>"	移动应用的设计与测试 领会 WebApp设计 13005软件工程
"<div class=""top""><span class=""chip c1"">章节：移动应用的设计与测试</span><span class=""chip c2"">识记</span><span class=""chip c3"">移动软件的测试</span></div><h1>移动软件测试的目标</h1><div class=""q"">移动软件测试的目标是发现移动App在内容、<span class=""blank"">______</span>、易用性、导航性、<span class=""blank"">______</span>、容量和安全性等方面的错误；测试要从关注<span class=""blank"">______</span>可见性方面开始，一直进行到所用技术和基础设施的测试。</div>"	"<div class=""top""><span class=""chip c1"">章节：移动应用的设计与测试</span><span class=""chip c2"">识记</span><span class=""chip c3"">移动软件的测试</span></div><h1>移动软件测试的目标</h1><div class=""a"">移动软件测试的目标是发现移动App在内容、<span class=""hit"">功能</span>、易用性、导航性、<span class=""hit"">性能</span>、容量和安全性等方面的错误；测试要从关注<span class=""hit"">用户</span>可见性方面开始，一直进行到所用技术和基础设施的测试。</div><div class=""ansbox"">挖空答案：<b>功能；性能；用户</b></div><div class=""pg"">教材页码：P139</div>"	移动应用的设计与测试 识记 移动软件的测试 13005软件工程
"<div class=""top""><span class=""chip c1"">章节：移动应用的设计与测试</span><span class=""chip c2"">识记</span><span class=""chip c3"">移动软件的测试</span></div><h1>与用户体验相关的测试内容</h1><div class=""q"">与用户体验相关的测试包括4项：手势测试、<span class=""blank"">______</span>、<span class=""blank"">______</span>、<span class=""blank"">______</span>。</div>"	"<div class=""top""><span class=""chip c1"">章节：移动应用的设计与测试</span><span class=""chip c2"">识记</span><span class=""chip c3"">移动软件的测试</span></div><h1>与用户体验相关的测试内容</h1><div class=""a"">与用户体验相关的测试包括4项：手势测试、<span class=""hit"">虚拟键盘输入</span>、<span class=""hit"">语音输入和识别</span>、<span class=""hit"">警报和异常条件</span>。</div><div class=""ansbox"">挖空答案：<b>虚拟键盘输入；语音输入和识别；警报和异常条件</b></div><div class=""pg"">教材页码：P141</div>"	移动应用的设计与测试 识记 移动软件的测试 13005软件工程
"<div class=""top""><span class=""chip c1"">章节：移动应用的设计与测试</span><span class=""chip c2"">识记</span><span class=""chip c3"">移动软件的测试</span></div><h1>WebApp内容测试的3个目标</h1><div class=""q"">WebApp内容测试具有3个重要目标：①发现基于文本的文档、图形表示和其他媒体中的语法错误（如拼写错误、语法错误）；②发现当导航发生时所展现的任何内容对象中的语义错误（即信息的准确性和完备性方面的错误）；③发现展示给最终<span class=""blank"">______</span>的内容在<span class=""blank"">______</span>或<span class=""blank"">______</span>方面的错误。</div>"	"<div class=""top""><span class=""chip c1"">章节：移动应用的设计与测试</span><span class=""chip c2"">识记</span><span class=""chip c3"">移动软件的测试</span></div><h1>WebApp内容测试的3个目标</h1><div class=""a"">WebApp内容测试具有3个重要目标：①发现基于文本的文档、图形表示和其他媒体中的语法错误（如拼写错误、语法错误）；②发现当导航发生时所展现的任何内容对象中的语义错误（即信息的准确性和完备性方面的错误）；③发现展示给最终<span class=""hit"">用户</span>的内容在<span class=""hit"">组织</span>或<span class=""hit"">结构</span>方面的错误。</div><div class=""ansbox"">挖空答案：<b>用户；组织；结构</b></div><div class=""pg"">教材页码：P143</div>"	移动应用的设计与测试 识记 移动软件的测试 13005软件工程
"<div class=""top""><span class=""chip c1"">章节：移动应用的设计与测试</span><span class=""chip c2"">识记</span><span class=""chip c3"">移动软件的测试</span></div><h1>导航测试的内容</h1><div class=""q"">导航测试的内容：①确保允许WebApp<span class=""blank"">______</span>经由WebApp游历的机制都是<span class=""blank"">______</span>性的；②确认每个<span class=""blank"">______</span>都能够被合适的用户类获得。具体应对导航机制的链接及所有类型的锚、重定向、书签、框架和框架集、站点地图以及内部搜索工具的准确性进行测试，确保每个机制都能执行其预期功能。</div>"	"<div class=""top""><span class=""chip c1"">章节：移动应用的设计与测试</span><span class=""chip c2"">识记</span><span class=""chip c3"">移动软件的测试</span></div><h1>导航测试的内容</h1><div class=""a"">导航测试的内容：①确保允许WebApp<span class=""hit"">用户</span>经由WebApp游历的机制都是<span class=""hit"">功能</span>性的；②确认每个<span class=""hit"">导航语义单元</span>都能够被合适的<span class=""hit"">用户</span>类获得。具体应对导航机制的链接及所有类型的锚、重定向、书签、框架和框架集、站点地图以及内部搜索工具的准确性进行测试，确保每个机制都能执行其预期<span class=""hit"">功能</span>。</div><div class=""ansbox"">挖空答案：<b>用户；功能；导航语义单元</b></div><div class=""pg"">教材页码：P145</div>"	移动应用的设计与测试 识记 移动软件的测试 13005软件工程
"<div class=""top""><span class=""chip c1"">章节：移动应用的设计与测试</span><span class=""chip c2"">识记</span><span class=""chip c3"">移动软件的测试</span></div><h1>压力测试的内容</h1><div class=""q""><span class=""blank"">______</span>是将负载增加到强度极限，以此来确定App环境能够处理的容量；对移动App进行压力测试是要在极限运行条件下力图查找<span class=""blank"">______</span>，并在不损害安全性的情况下观察移动App的运行水平是否会降低。</div>"	"<div class=""top""><span class=""chip c1"">章节：移动应用的设计与测试</span><span class=""chip c2"">识记</span><span class=""chip c3"">移动软件的测试</span></div><h1>压力测试的内容</h1><div class=""a""><span class=""hit"">压力测试</span>是将负载增加到强度极限，以此来确定App环境能够处理的容量；对移动App进行<span class=""hit"">压力测试</span>是要在极限运行条件下力图查找<span class=""hit"">错误</span>，并在不损害安全性的情况下观察移动App的运行水平是否会降低。</div><div class=""ansbox"">挖空答案：<b>压力测试；错误</b></div><div class=""pg"">教材页码：P147</div>"	移动应用的设计与测试 识记 移动软件的测试 13005软件工程
"<div class=""top""><span class=""chip c1"">章节：移动应用的设计与测试</span><span class=""chip c2"">识记</span><span class=""chip c3"">移动软件的测试</span></div><h1>负载测试的内容</h1><div class=""q""><span class=""blank"">______</span>是在多种负载级别和多种<span class=""blank"">______</span>下，对真实世界的负载进行测试；负载测试的目的是确定WebApp和其服务器环境如何响应不同的负载条件。</div>"	"<div class=""top""><span class=""chip c1"">章节：移动应用的设计与测试</span><span class=""chip c2"">识记</span><span class=""chip c3"">移动软件的测试</span></div><h1>负载测试的内容</h1><div class=""a""><span class=""hit"">负载测试</span>是在多种负载级别和多种<span class=""hit"">组合</span>下，对真实世界的负载进行测试；<span class=""hit"">负载测试</span>的目的是确定WebApp和其服务器环境如何响应不同的负载条件。</div><div class=""ansbox"">挖空答案：<b>负载测试；组合</b></div><div class=""pg"">教材页码：P147</div>"	移动应用的设计与测试 识记 移动软件的测试 13005软件工程
"<div class=""top""><span class=""chip c1"">章节：移动应用的设计与测试</span><span class=""chip c2"">领会</span><span class=""chip c3"">移动软件的测试</span></div><h1>移动App测试应遵循的准则及策略</h1><div class=""q"">测试准则：①在确定瓶颈之前先了解网络和设备环境；②在不受控制的实际测试条件下进行测试；③选择适当的自动化测试工具；④利用加载设备平台矩阵法确定最关键的硬件平台测试组合；⑤至少检查一次在所有可能平台上的端到端功能流；⑥使用实际设备进行性能、GUI和<span class=""blank"">______</span>；⑦只在无线通信和用户负载的实际条件下测量性能。测试策略：①<span class=""blank"">______</span>测试；②设备兼容性测试；③性能测试；④连接性测试；⑤<span class=""blank"">______</span>；⑥自然环境测试；⑦认证测试。</div>"	"<div class=""top""><span class=""chip c1"">章节：移动应用的设计与测试</span><span class=""chip c2"">领会</span><span class=""chip c3"">移动软件的测试</span></div><h1>移动App测试应遵循的准则及策略</h1><div class=""a"">测试准则：①在确定瓶颈之前先了解网络和设备环境；②在不受控制的实际测试条件下进行测试；③选择适当的自动化测试工具；④利用加载设备平台矩阵法确定最关键的硬件平台测试组合；⑤至少检查一次在所有可能平台上的端到端功能流；⑥使用实际设备进行性能、GUI和<span class=""hit"">兼容性测试</span>；⑦只在无线通信和用户负载的实际条件下测量性能。测试策略：①<span class=""hit"">用户体验</span>测试；②设备<span class=""hit"">兼容性测试</span>；③性能测试；④连接性测试；⑤<span class=""hit"">安全性测试</span>；⑥自然环境测试；⑦认证测试。</div><div class=""ansbox"">挖空答案：<b>兼容性测试；用户体验；安全性测试</b></div><div class=""pg"">教材页码：P140</div>"	移动应用的设计与测试 领会 移动软件的测试 13005软件工程
"<div class=""top""><span class=""chip c1"">章节：移动应用的设计与测试</span><span class=""chip c2"">领会</span><span class=""chip c3"">移动软件的测试</span></div><h1>手势测试</h1><div class=""q"">由于触摸屏普遍存在，开发人员添加了轻扫、缩放、滚动、选择等多种触摸手势以扩展交互。手势密集界面带来大量评审和测试挑战：用自动化工具测试触摸/手势操作很难，屏幕大小、<span class=""blank"">______</span>及先前操作会影响对象位置，手势也难准确记录重现，须开发昂贵费时的测试框架；手势界面通常无触觉和听觉反馈，使视障<span class=""blank"">______</span>可访问性测试更困难。理想情况下以详细<span class=""blank"">______</span>或用例作为测试脚本基础，对所有目标设备补充有代表性用户，并考虑屏幕差异，确保手势符合设备或平台设定的标准和环境。</div>"	"<div class=""top""><span class=""chip c1"">章节：移动应用的设计与测试</span><span class=""chip c2"">领会</span><span class=""chip c3"">移动软件的测试</span></div><h1>手势测试</h1><div class=""a"">由于触摸屏普遍存在，开发人员添加了轻扫、缩放、滚动、选择等多种触摸手势以扩展交互。手势密集界面带来大量评审和测试挑战：用自动化工具测试触摸/手势操作很难，屏幕大小、<span class=""hit"">分辨率</span>及先前操作会影响对象位置，手势也难准确记录重现，须开发昂贵费时的测试框架；手势界面通常无触觉和听觉反馈，使视障<span class=""hit"">用户</span>可访问性测试更困难。理想情况下以详细<span class=""hit"">用户故事</span>或用例作为测试脚本基础，对所有目标设备补充有代表性<span class=""hit"">用户</span>，并考虑屏幕差异，确保手势符合设备或平台设定的标准和环境。</div><div class=""ansbox"">挖空答案：<b>分辨率；用户；用户故事</b></div><div class=""pg"">教材页码：P141</div>"	移动应用的设计与测试 领会 移动软件的测试 13005软件工程
"<div class=""top""><span class=""chip c1"">章节：移动应用的设计与测试</span><span class=""chip c2"">领会</span><span class=""chip c3"">移动软件的测试</span></div><h1>虚拟键盘输入</h1><div class=""q"">激活<span class=""blank"">______</span>可能遮挡部分显示屏，应测试确保<span class=""blank"">______</span>输入时重要屏幕信息不被隐藏，若必须隐藏则让用户轻触页面而不丢失已输入信息；虚拟键盘比PC键盘小、难准确敲击、无触觉反馈，须测试其易于纠错且输入错误词语时不致系统崩溃；预测技术（自动完成部分词语输入）帮助加快输入，面向全球市场时须测试各自然语言词语输入的正确性；通常在<span class=""blank"">______</span>实验室测试，部分应在自然环境下进行。</div>"	"<div class=""top""><span class=""chip c1"">章节：移动应用的设计与测试</span><span class=""chip c2"">领会</span><span class=""chip c3"">移动软件的测试</span></div><h1>虚拟键盘输入</h1><div class=""a"">激活<span class=""hit"">虚拟键盘</span>可能遮挡部分显示屏，应测试确保<span class=""hit"">用户</span>输入时重要屏幕信息不被隐藏，若必须隐藏则让<span class=""hit"">用户</span>轻触页面而不丢失已输入信息；<span class=""hit"">虚拟键盘</span>比PC键盘小、难准确敲击、无触觉反馈，须测试其易于纠错且输入错误词语时不致系统崩溃；预测技术（自动完成部分词语输入）帮助加快输入，面向全球市场时须测试各自然语言词语输入的正确性；通常在<span class=""hit"">可用性</span>实验室测试，部分应在自然环境下进行。</div><div class=""ansbox"">挖空答案：<b>虚拟键盘；用户；可用性</b></div><div class=""pg"">教材页码：P141</div>"	移动应用的设计与测试 领会 移动软件的测试 13005软件工程
"<div class=""top""><span class=""chip c1"">章节：移动应用的设计与测试</span><span class=""chip c2"">领会</span><span class=""chip c3"">移动软件的测试</span></div><h1>语音输入和识别</h1><div class=""q"">在手忙和眼忙情况下<span class=""blank"">______</span>成为常用输入<span class=""blank"">______</span>，每种语音输入都对测试构成挑战：噪声环境干扰语音输入和处理；用语音命令控制设备比指向屏幕对象带来更大认知负担。测试语音输入和识别的质量与可靠性时应考虑环境条件和个体语音变化；须测试错误输入不会造成App或设备崩溃；应考虑大量<span class=""blank"">______</span>人群和环境，把差错率限制在可接受范围；记录App中与语音相关的错误，帮助开发人员提高处理语音输入的能力。</div>"	"<div class=""top""><span class=""chip c1"">章节：移动应用的设计与测试</span><span class=""chip c2"">领会</span><span class=""chip c3"">移动软件的测试</span></div><h1>语音输入和识别</h1><div class=""a"">在手忙和眼忙情况下<span class=""hit"">语音输入</span>成为常用输入<span class=""hit"">方法</span>，每种<span class=""hit"">语音输入</span>都对测试构成挑战：噪声环境干扰<span class=""hit"">语音输入</span>和处理；用语音命令控制设备比指向屏幕对象带来更大认知负担。测试<span class=""hit"">语音输入</span>和识别的质量与可靠性时应考虑环境条件和个体语音变化；须测试错误输入不会造成App或设备崩溃；应考虑大量<span class=""hit"">用户</span>人群和环境，把差错率限制在可接受范围；记录App中与语音相关的错误，帮助开发人员提高处理<span class=""hit"">语音输入</span>的能力。</div><div class=""ansbox"">挖空答案：<b>语音输入；方法；用户</b></div><div class=""pg"">教材页码：P142</div>"	移动应用的设计与测试 领会 移动软件的测试 13005软件工程
"<div class=""top""><span class=""chip c1"">章节：移动应用的设计与测试</span><span class=""chip c2"">领会</span><span class=""chip c3"">移动软件的测试</span></div><h1>警报和异常条件</h1><div class=""q"">实时环境中许多因素影响App行为，如使用时丢失无线网络信号、传入文本消息、电话呼叫、收到日历警报等，可能破坏<span class=""blank"">______</span>工作流。测试环境必须能模拟这些警报和异常，并在实际设备工作环境中测试处理能力；应注重与警报和弹出消息相关的<span class=""blank"">______</span>，检查警报清晰度和环境、事件在屏幕上出现位置是否恰当，并验证多语言翻译正确性；不能仅依靠模拟测试，须用实际设备在自然条件下测试。此外还包括<span class=""blank"">______</span>：强制软件以各种方式失效，验证重新初始化、检查点机制、数据恢复和重新启动的正确性，或评估平均修复时间。</div>"	"<div class=""top""><span class=""chip c1"">章节：移动应用的设计与测试</span><span class=""chip c2"">领会</span><span class=""chip c3"">移动软件的测试</span></div><h1>警报和异常条件</h1><div class=""a"">实时环境中许多因素影响App行为，如使用时丢失无线网络信号、传入文本消息、电话呼叫、收到日历警报等，可能破坏<span class=""hit"">用户</span>工作流。测试环境必须能模拟这些警报和异常，并在实际设备工作环境中测试处理能力；应注重与警报和弹出消息相关的<span class=""hit"">可用性</span>，检查警报清晰度和环境、事件在屏幕上出现位置是否恰当，并验证多语言翻译正确性；不能仅依靠模拟测试，须用实际设备在自然条件下测试。此外还包括<span class=""hit"">恢复测试</span>：强制软件以各种方式失效，验证重新初始化、检查点机制、数据恢复和重新启动的正确性，或评估平均修复时间。</div><div class=""ansbox"">挖空答案：<b>用户；可用性；恢复测试</b></div><div class=""pg"">教材页码：P142</div>"	移动应用的设计与测试 领会 移动软件的测试 13005软件工程
"<div class=""top""><span class=""chip c1"">章节：移动应用的设计与测试</span><span class=""chip c2"">领会</span><span class=""chip c3"">移动软件的测试</span></div><h1>Web测试的内容和策略</h1><div class=""q"">WebApp测试策略采用所有软件测试的基本原理，并建议使用面向对象系统的策略和战术，需进行的测试：①评审内容模型发现错误；②评审接口模型保证适合所有用例；③评审设计模型发现导航错误；④测试用户界面发现显示和导航机制错误；⑤对每个功能构件进行单元测试；⑥对贯穿体系结构的导航进行测试；⑦在各种环境配置下实现并测试兼容性；⑧进行<span class=""blank"">______</span>（试图攻击弱点）；⑨进行<span class=""blank"">______</span>；⑩通过可监控终端用户群测试评估交互结果。因WebApp不断演化，测试是持续活动并使用<span class=""blank"">______</span>。</div>"	"<div class=""top""><span class=""chip c1"">章节：移动应用的设计与测试</span><span class=""chip c2"">领会</span><span class=""chip c3"">移动软件的测试</span></div><h1>Web测试的内容和策略</h1><div class=""a"">WebApp测试策略采用所有软件测试的基本原理，并建议使用面向对象系统的策略和战术，需进行的测试：①评审内容模型发现错误；②评审接口模型保证适合所有用例；③评审设计模型发现导航错误；④测试用户界面发现显示和导航机制错误；⑤对每个功能构件进行单元测试；⑥对贯穿体系结构的导航进行测试；⑦在各种环境配置下实现并测试兼容性；⑧进行<span class=""hit"">安全性测试</span>（试图攻击弱点）；⑨进行<span class=""hit"">性能测试</span>；⑩通过可监控终端用户群测试评估交互结果。因WebApp不断演化，测试是持续活动并使用<span class=""hit"">回归测试</span>。</div><div class=""ansbox"">挖空答案：<b>安全性测试；性能测试；回归测试</b></div><div class=""pg"">教材页码：P142</div>"	移动应用的设计与测试 领会 移动软件的测试 13005软件工程
"<div class=""top""><span class=""chip c1"">章节：移动应用的设计与测试</span><span class=""chip c2"">领会</span><span class=""chip c3"">移动软件的测试</span></div><h1>内容测试方法</h1><div class=""q"">内容测试结合了评审和可运行<span class=""blank"">______</span>的生成：应执行内容评审以确保内容质量并发现语义<span class=""blank"">______</span>；可运行测试用于发现可跟踪到动态导出内容（由<span class=""blank"">______</span>库数据驱动）的错误。达到语法目标可用自动拼写和语法检查，但许多语法错误须审查人员人为发现，大型网站借助专业文本编辑器。语义测试关注每个内容对象所显示信息：信息是否准确简洁、布局是否易理解、嵌入信息是否易发现、外部导出信息是否引用恰当、信息是否内部一致、内容是否具攻击性或易误解、是否侵犯版权商标、内部链接是否正确、美学风格是否与界面矛盾等。</div>"	"<div class=""top""><span class=""chip c1"">章节：移动应用的设计与测试</span><span class=""chip c2"">领会</span><span class=""chip c3"">移动软件的测试</span></div><h1>内容测试方法</h1><div class=""a"">内容测试结合了评审和可运行<span class=""hit"">测试用例</span>的生成：应执行内容评审以确保内容质量并发现语义<span class=""hit"">错误</span>；可运行测试用于发现可跟踪到动态导出内容（由<span class=""hit"">数据</span>库<span class=""hit"">数据</span>驱动）的<span class=""hit"">错误</span>。达到语法目标可用自动拼写和语法检查，但许多语法<span class=""hit"">错误</span>须审查人员人为发现，大型网站借助专业文本编辑器。语义测试关注每个内容对象所显示信息：信息是否准确简洁、布局是否易理解、嵌入信息是否易发现、外部导出信息是否引用恰当、信息是否内部一致、内容是否具攻击性或易误解、是否侵犯版权商标、内部链接是否正确、美学风格是否与界面矛盾等。</div><div class=""ansbox"">挖空答案：<b>测试用例；错误；数据</b></div><div class=""pg"">教材页码：P144</div>"	移动应用的设计与测试 领会 移动软件的测试 13005软件工程
"<div class=""top""><span class=""chip c1"">章节：移动应用的设计与测试</span><span class=""chip c2"">领会</span><span class=""chip c3"">移动软件的测试</span></div><h1>界面测试的策略和界面测试工作的内容</h1><div class=""q"">界面测试的总体策略：①发现与特定界面机制相关的错误（如未能正确执行菜单命令）；②发现界面<span class=""blank"">______</span>导航语义方式的错误、WebApp功能性错误或内容显示错误。为实现策略须进行的测试工作：①对界面要素进行测试，确保设计规则、美学和可视化内容对用户有效且无错误；②以类似<span class=""blank"">______</span>方式测试单个界面机制（表单、客户端脚本、动态HTML、流内容及特定界面机制如购物车）；③对特殊用户类在用例或NSU环境中测试每种界面机制；④对所有界面进行测试发现语义错误及<span class=""blank"">______</span>问题；⑤在多种环境（浏览器）中测试确保兼容性。</div>"	"<div class=""top""><span class=""chip c1"">章节：移动应用的设计与测试</span><span class=""chip c2"">领会</span><span class=""chip c3"">移动软件的测试</span></div><h1>界面测试的策略和界面测试工作的内容</h1><div class=""a"">界面测试的总体策略：①发现与特定界面机制相关的错误（如未能正确执行菜单命令）；②发现界面<span class=""hit"">实现</span>导航语义方式的错误、WebApp功能性错误或内容显示错误。为<span class=""hit"">实现</span>策略须进行的测试工作：①对界面要素进行测试，确保设计规则、美学和可视化内容对用户有效且无错误；②以类似<span class=""hit"">单元测试</span>方式测试单个界面机制（表单、客户端脚本、动态HTML、流内容及特定界面机制如购物车）；③对特殊用户类在用例或NSU环境中测试每种界面机制；④对所有界面进行测试发现语义错误及<span class=""hit"">可用性</span>问题；⑤在多种环境（浏览器）中测试确保兼容性。</div><div class=""ansbox"">挖空答案：<b>实现；单元测试；可用性</b></div><div class=""pg"">教材页码：P144</div>"	移动应用的设计与测试 领会 移动软件的测试 13005软件工程
"<div class=""top""><span class=""chip c1"">章节：移动应用的设计与测试</span><span class=""chip c2"">领会</span><span class=""chip c3"">移动软件的测试</span></div><h1>导航测试的方法</h1><div class=""q"">导航测试第一个<span class=""blank"">______</span>在界面测试期间就开始：先对导航机制的链接、锚、重定向、书签、框架和框架集、站点地图及内部搜索工具的准确性进行测试（链接检查可由自动工具执行，另一些须手工设计执行）。对每个NSU或用例须回答12个问题：NSU是否无错误全部完成；每个导航节点是否可达；多条路径是否都已测试；界面指导方向是否正确可理解；是否有返回上一节点及起点的机制；长网页中导航机制是否正常；<span class=""blank"">______</span>不输入或处理出错时NSU能否完成；能否中途终止并继续；站点地图能否到达每个节点且节点名有意义；从外部源到达节点后能否前后推移；运行时用户是否知道自己在<span class=""blank"">______</span>中的位置。测试应由尽可能多不同支持者进行（Web工程师→项目利益相关者和独立测试团队→非技术用户）。</div>"	"<div class=""top""><span class=""chip c1"">章节：移动应用的设计与测试</span><span class=""chip c2"">领会</span><span class=""chip c3"">移动软件的测试</span></div><h1>导航测试的方法</h1><div class=""a"">导航测试第一个<span class=""hit"">阶段</span>在界面测试期间就开始：先对导航机制的链接、锚、重定向、书签、框架和框架集、站点地图及内部搜索工具的准确性进行测试（链接检查可由自动工具执行，另一些须手工设计执行）。对每个NSU或用例须回答12个问题：NSU是否无错误全部完成；每个导航节点是否可达；多条路径是否都已测试；界面指导方向是否正确可理解；是否有返回上一节点及起点的机制；长网页中导航机制是否正常；<span class=""hit"">用户</span>不输入或处理出错时NSU能否完成；能否中途终止并继续；站点地图能否到达每个节点且节点名有意义；从外部源到达节点后能否前后推移；运行时<span class=""hit"">用户</span>是否知道自己在<span class=""hit"">内容体系结构</span>中的位置。测试应由尽可能多不同支持者进行（Web工程师→项目利益相关者和独立测试团队→非技术<span class=""hit"">用户</span>）。</div><div class=""ansbox"">挖空答案：<b>阶段；用户；内容体系结构</b></div><div class=""pg"">教材页码：P145</div>"	移动应用的设计与测试 领会 移动软件的测试 13005软件工程
"<div class=""top""><span class=""chip c1"">章节：移动应用的设计与测试</span><span class=""chip c2"">领会</span><span class=""chip c3"">移动软件的测试</span></div><h1>安全性测试的目的</h1><div class=""q""><span class=""blank"">______</span>用于探查软件在安全性方面所存在的弱点，包括客户端环境、<span class=""blank"">______</span>在客户端与服务器间网络通信时以及服务器端环境，这些环节每一个都可能受到攻击；安全性测试的<span class=""blank"">______</span>是发现可能会被怀有恶意的人利用的弱点（如外部黑客、不满员工、不诚实竞争者等）。</div>"	"<div class=""top""><span class=""chip c1"">章节：移动应用的设计与测试</span><span class=""chip c2"">领会</span><span class=""chip c3"">移动软件的测试</span></div><h1>安全性测试的目的</h1><div class=""a""><span class=""hit"">安全性测试</span>用于探查软件在安全性方面所存在的弱点，包括客户端环境、<span class=""hit"">数据</span>在客户端与服务器间网络通信时以及服务器端环境，这些环节每一个都可能受到攻击；<span class=""hit"">安全性测试</span>的<span class=""hit"">任务</span>是发现可能会被怀有恶意的人利用的弱点（如外部黑客、不满员工、不诚实竞争者等）。</div><div class=""ansbox"">挖空答案：<b>安全性测试；数据；任务</b></div><div class=""pg"">教材页码：P146</div>"	移动应用的设计与测试 领会 移动软件的测试 13005软件工程
"<div class=""top""><span class=""chip c1"">章节：移动应用的设计与测试</span><span class=""chip c2"">领会</span><span class=""chip c3"">移动软件的测试</span></div><h1>解决安全性问题的技术</h1><div class=""q"">为防止各种攻击、解决安全性问题，可以使用防火墙、鉴定、加密和授权<span class=""blank"">______</span>。应<span class=""blank"">______</span>安全性测试探查每种安全技术来发现安全漏洞，并深入了解每种安全机制的内部工作情况及所有网络技术。</div>"	"<div class=""top""><span class=""chip c1"">章节：移动应用的设计与测试</span><span class=""chip c2"">领会</span><span class=""chip c3"">移动软件的测试</span></div><h1>解决安全性问题的技术</h1><div class=""a"">为防止各种攻击、解决安全性问题，可以使用防火墙、鉴定、加密和授权<span class=""hit"">技术</span>。应<span class=""hit"">设计</span>安全性测试探查每种安全<span class=""hit"">技术</span>来发现安全漏洞，并深入了解每种安全机制的内部工作情况及所有网络<span class=""hit"">技术</span>。</div><div class=""ansbox"">挖空答案：<b>技术；设计</b></div><div class=""pg"">教材页码：P146</div>"	移动应用的设计与测试 领会 移动软件的测试 13005软件工程
"<div class=""top""><span class=""chip c1"">章节：移动应用的设计与测试</span><span class=""chip c2"">领会</span><span class=""chip c3"">移动软件的测试</span></div><h1>性能测试的目的</h1><div class=""q"">性能测试的目的是在集成系统环境中测试软件运行时的性能，贯穿整个测试过程。其目的一是了解系统如何对负载（即<span class=""blank"">______</span>数量、事务数量或总<span class=""blank"">______</span>量）做出反应；二是收集度量数据用以促成<span class=""blank"">______</span>的改善，从而使性能得到提高。</div>"	"<div class=""top""><span class=""chip c1"">章节：移动应用的设计与测试</span><span class=""chip c2"">领会</span><span class=""chip c3"">移动软件的测试</span></div><h1>性能测试的目的</h1><div class=""a"">性能测试的目的是在集成系统环境中测试软件运行时的性能，贯穿整个测试过程。其目的一是了解系统如何对负载（即<span class=""hit"">用户</span>数量、事务数量或总<span class=""hit"">数据</span>量）做出反应；二是收集度量<span class=""hit"">数据</span>用以促成<span class=""hit"">设计</span>的改善，从而使性能得到提高。</div><div class=""ansbox"">挖空答案：<b>用户；数据；设计</b></div><div class=""pg"">教材页码：P146</div>"	移动应用的设计与测试 领会 移动软件的测试 13005软件工程
"<div class=""top""><span class=""chip c1"">章节：移动应用的设计与测试</span><span class=""chip c2"">领会</span><span class=""chip c3"">移动软件的测试</span></div><h1>影响性能的因素</h1><div class=""q"">导致性能问题的因素可能是：服务器端<span class=""blank"">______</span>缺乏、不合适的网络带宽、不适当的<span class=""blank"">______</span>库容量、操作系统不够强大、设计不良的WebApp<span class=""blank"">______</span>，以及可能导致客户端和服务器性能下降的其他硬件或软件问题；此外网络负载、网络接口硬件变化等也难在客户端级别测试。</div>"	"<div class=""top""><span class=""chip c1"">章节：移动应用的设计与测试</span><span class=""chip c2"">领会</span><span class=""chip c3"">移动软件的测试</span></div><h1>影响性能的因素</h1><div class=""a"">导致性能问题的因素可能是：服务器端<span class=""hit"">资源</span>缺乏、不合适的网络带宽、不适当的<span class=""hit"">数据</span>库容量、操作系统不够强大、设计不良的WebApp<span class=""hit"">功能</span>，以及可能导致客户端和服务器性能下降的其他硬件或软件问题；此外网络负载、网络接口硬件变化等也难在客户端级别测试。</div><div class=""ansbox"">挖空答案：<b>资源；数据；功能</b></div><div class=""pg"">教材页码：P146</div>"	移动应用的设计与测试 领会 移动软件的测试 13005软件工程
"<div class=""top""><span class=""chip c1"">章节：移动应用的设计与测试</span><span class=""chip c2"">领会</span><span class=""chip c3"">移动软件的测试</span></div><h1>压力测试方法</h1><div class=""q"">压力测试方法：将负载增加到强度极限以确定App环境能够处理的容量，在极限运行条件下力图查找<span class=""blank"">______</span>，并在不损害安全性的情况下观察移动App运行水平是否降低。<span class=""blank"">______</span>须针对：服务器响应速度是否降到不可接受程度、在何种负载条件下性能变得不可接受及哪些<span class=""blank"">______</span>导致、多种负载下平均响应时间、负载增加时可靠性准确性是否受影响、超过服务器最大容量时会怎样、性能下降是否影响公司收益。</div>"	"<div class=""top""><span class=""chip c1"">章节：移动应用的设计与测试</span><span class=""chip c2"">领会</span><span class=""chip c3"">移动软件的测试</span></div><h1>压力测试方法</h1><div class=""a"">压力测试方法：将负载增加到强度极限以确定App环境能够处理的容量，在极限运行条件下力图查找<span class=""hit"">错误</span>，并在不损害安全性的情况下观察移动App运行水平是否降低。<span class=""hit"">性能测试</span>须针对：服务器响应速度是否降到不可接受程度、在何种负载条件下性能变得不可接受及哪些<span class=""hit"">构件</span>导致、多种负载下平均响应时间、负载增加时可靠性准确性是否受影响、超过服务器最大容量时会怎样、性能下降是否影响公司收益。</div><div class=""ansbox"">挖空答案：<b>错误；性能测试；构件</b></div><div class=""pg"">教材页码：P147</div>"	移动应用的设计与测试 领会 移动软件的测试 13005软件工程
"<div class=""top""><span class=""chip c1"">章节：移动应用的设计与测试</span><span class=""chip c2"">领会</span><span class=""chip c3"">移动软件的测试</span></div><h1>负载测试方法</h1><div class=""q"">负载测试方法：在多种负载级别和多种<span class=""blank"">______</span>下，对真实世界的负载进行测试；负载测试的目的是确定WebApp和其服务器环境如何响应不同的负载条件。</div>"	"<div class=""top""><span class=""chip c1"">章节：移动应用的设计与测试</span><span class=""chip c2"">领会</span><span class=""chip c3"">移动软件的测试</span></div><h1>负载测试方法</h1><div class=""a"">负载测试方法：在多种负载级别和多种<span class=""hit"">组合</span>下，对真实世界的负载进行测试；负载测试的目的是确定WebApp和其服务器环境如何响应不同的负载条件。</div><div class=""ansbox"">挖空答案：<b>组合</b></div><div class=""pg"">教材页码：P147</div>"	移动应用的设计与测试 领会 移动软件的测试 13005软件工程
"<div class=""top""><span class=""chip c1"">章节：移动应用的设计与测试</span><span class=""chip c2"">领会</span><span class=""chip c3"">移动软件的测试</span></div><h1>实时测试的必要性和进行实时测试的方法</h1><div class=""q"">必要性：许多移动和实时应用程序具有时间依赖性和异步性，测试用例设计人员不仅要考虑传统测试用例，还要考虑事件处理（中断处理）、<span class=""blank"">______</span>处理时间及处理数据任务（进程）的<span class=""blank"">______</span>；同一测试数据在某种系统状态下可被正确处理，在其他状态下可能导致错误；实时软件与硬件环境密切相关，须考虑硬件故障对软件处理的影响，而硬件故障难以真实模拟。方法：许多开发商主张进行自然环境测试——在<span class=""blank"">______</span>本地环境中使用生产发布版本测试，其特征包括不利和不可预测的环境、过时浏览器和插件、独特硬件以及不完善的连通性。</div>"	"<div class=""top""><span class=""chip c1"">章节：移动应用的设计与测试</span><span class=""chip c2"">领会</span><span class=""chip c3"">移动软件的测试</span></div><h1>实时测试的必要性和进行实时测试的方法</h1><div class=""a"">必要性：许多移动和实时应用程序具有时间依赖性和异步性，测试用例设计人员不仅要考虑传统测试用例，还要考虑事件处理（中断处理）、<span class=""hit"">数据</span>处理时间及处理<span class=""hit"">数据</span>任务（进程）的<span class=""hit"">并行性</span>；同一测试<span class=""hit"">数据</span>在某种系统状态下可被正确处理，在其他状态下可能导致错误；实时软件与硬件环境密切相关，须考虑硬件故障对软件处理的影响，而硬件故障难以真实模拟。方法：许多开发商主张进行自然环境测试——在<span class=""hit"">用户</span>本地环境中使用生产发布版本测试，其特征包括不利和不可预测的环境、过时浏览器和插件、独特硬件以及不完善的连通性。</div><div class=""ansbox"">挖空答案：<b>数据；并行性；用户</b></div><div class=""pg"">教材页码：P147</div>"	移动应用的设计与测试 领会 移动软件的测试 13005软件工程
"<div class=""top""><span class=""chip c1"">章节：移动应用的设计与测试</span><span class=""chip c2"">领会</span><span class=""chip c3"">移动软件的测试</span></div><h1>人工智能测试中的静态测试、动态测试、基于模型的测试</h1><div class=""q"">人工智能子系统的测试依靠仿真和基于模型的技术，可通过静态测试、动态测试和基于模型的测试完成：①静态测试是一种软件验证技术，关注评审而非可执行测试，确保专家同意开发人员在AI子系统中表示及使用信息的方式，确保程序代码能表示AI规范；②动态测试是一种确认技术，通过<span class=""blank"">______</span>运行源代码，目的是证明AI系统符合专家指定的行为，并须对新发现关系进行验证；③基于模型的测试（MBT）是一种<span class=""blank"">______</span>技术，使用需求模型（特别是<span class=""blank"">______</span>）中的信息作为生成测试用例的基础，常使用UML状态图等形式化表示方法。</div>"	"<div class=""top""><span class=""chip c1"">章节：移动应用的设计与测试</span><span class=""chip c2"">领会</span><span class=""chip c3"">移动软件的测试</span></div><h1>人工智能测试中的静态测试、动态测试、基于模型的测试</h1><div class=""a"">人工智能子系统的测试依靠仿真和基于模型的技术，可通过静态测试、动态测试和基于模型的测试完成：①静态测试是一种软件验证技术，关注评审而非可执行测试，确保专家同意开发人员在AI子系统中表示及使用信息的方式，确保程序代码能表示AI规范；②动态测试是一种确认技术，通过<span class=""hit"">测试用例</span>运行源代码，目的是证明AI系统符合专家指定的行为，并须对新发现关系进行验证；③基于模型的测试（MBT）是一种<span class=""hit"">黑盒测试</span>技术，使用需求模型（特别是<span class=""hit"">用户故事</span>）中的信息作为生成<span class=""hit"">测试用例</span>的基础，常使用UML状态图等形式化表示方法。</div><div class=""ansbox"">挖空答案：<b>测试用例；黑盒测试；用户故事</b></div><div class=""pg"">教材页码：P148</div>"	移动应用的设计与测试 领会 移动软件的测试 13005软件工程
"<div class=""top""><span class=""chip c1"">章节：移动应用的设计与测试</span><span class=""chip c2"">领会</span><span class=""chip c3"">移动软件的测试</span></div><h1>基于模型的测试步骤</h1><div class=""q"">基于模型的测试（<span class=""blank"">______</span>）需要以下5个步骤：①分析软件的已有行为模型或创建一个行为模型；②遍历行为模型并标明促使软件在状态之间进行<span class=""blank"">______</span>的输入；③评估行为模型并标注当软件在状态之间转换时期望的输出；④运行<span class=""blank"">______</span>；⑤比较实际结果和期望结果，并根据需要进行调整。</div>"	"<div class=""top""><span class=""chip c1"">章节：移动应用的设计与测试</span><span class=""chip c2"">领会</span><span class=""chip c3"">移动软件的测试</span></div><h1>基于模型的测试步骤</h1><div class=""a"">基于模型的测试（<span class=""hit"">MBT</span>）需要以下5个步骤：①分析软件的已有行为模型或创建一个行为模型；②遍历行为模型并标明促使软件在状态之间进行<span class=""hit"">转换</span>的输入；③评估行为模型并标注当软件在状态之间<span class=""hit"">转换</span>时期望的输出；④运行<span class=""hit"">测试用例</span>；⑤比较实际结果和期望结果，并根据需要进行调整。</div><div class=""ansbox"">挖空答案：<b>MBT；转换；测试用例</b></div><div class=""pg"">教材页码：P148</div>"	移动应用的设计与测试 领会 移动软件的测试 13005软件工程
"<div class=""top""><span class=""chip c1"">章节：移动应用的设计与测试</span><span class=""chip c2"">领会</span><span class=""chip c3"">移动软件的测试</span></div><h1>虚拟环境测试的内容及方法</h1><div class=""q"">虚拟环境的测试包括<span class=""blank"">______</span>测试、可访问性测试和可玩性测试：①可用性测试评价<span class=""blank"">______</span>在多大程度上能与App有效交互，以及App在多大程度上指导用户行为、提供有意义反馈并坚持一致的交互<span class=""blank"">______</span>；②可访问性测试验证所有人均可使用计算机系统而不考虑任何用户特殊需求，通常需考虑视觉、听觉、运动和认知障碍；③可玩性测试确认用户/玩家进行游戏或模拟的有趣程度，游戏可玩性受可用性、故事情节、策略、机制、真实性、图形和声音等质量影响。</div>"	"<div class=""top""><span class=""chip c1"">章节：移动应用的设计与测试</span><span class=""chip c2"">领会</span><span class=""chip c3"">移动软件的测试</span></div><h1>虚拟环境测试的内容及方法</h1><div class=""a"">虚拟环境的测试包括<span class=""hit"">可用性</span>测试、可访问性测试和可玩性测试：①<span class=""hit"">可用性</span>测试评价<span class=""hit"">用户</span>在多大程度上能与App有效交互，以及App在多大程度上指导<span class=""hit"">用户</span>行为、提供有意义反馈并坚持一致的交互<span class=""hit"">方法</span>；②可访问性测试验证所有人均可使用计算机系统而不考虑任何<span class=""hit"">用户</span>特殊需求，通常需考虑视觉、听觉、运动和认知障碍；③可玩性测试确认<span class=""hit"">用户</span>/玩家进行游戏或模拟的有趣程度，游戏可玩性受<span class=""hit"">可用性</span>、故事情节、策略、机制、真实性、图形和声音等质量影响。</div><div class=""ansbox"">挖空答案：<b>可用性；用户；方法</b></div><div class=""pg"">教材页码：P148</div>"	移动应用的设计与测试 领会 移动软件的测试 13005软件工程
"<div class=""top""><span class=""chip c1"">章节：移动应用的设计与测试</span><span class=""chip c2"">领会</span><span class=""chip c3"">移动软件的测试</span></div><h1>α测试与β测试</h1><div class=""q"">α测试是由有代表性的最终<span class=""blank"">______</span>在开发者的场所进行的，软件在自然设置下使用，开发者站在用户后面观看并记录错误和使用问题，在受控环境下进行。β测试是在一个或多个最终用户场所进行的，与α测试不同，开发者通常不在场，是在不为开发者<span class=""blank"">______</span>的环境下“<span class=""blank"">______</span>”应用软件；最终用户记录测试中遇到的所有问题并定期报告给开发者，开发人员据此修改软件后再准备发布。</div>"	"<div class=""top""><span class=""chip c1"">章节：移动应用的设计与测试</span><span class=""chip c2"">领会</span><span class=""chip c3"">移动软件的测试</span></div><h1>α测试与β测试</h1><div class=""a"">α测试是由有代表性的最终<span class=""hit"">用户</span>在开发者的场所进行的，软件在自然设置下使用，开发者站在<span class=""hit"">用户</span>后面观看并记录错误和使用问题，在受控环境下进行。β测试是在一个或多个最终<span class=""hit"">用户</span>场所进行的，与α测试不同，开发者通常不在场，是在不为开发者<span class=""hit"">控制</span>的环境下“<span class=""hit"">现场</span>”应用软件；最终<span class=""hit"">用户</span>记录测试中遇到的所有问题并定期报告给开发者，开发人员据此修改软件后再准备发布。</div><div class=""ansbox"">挖空答案：<b>用户；控制；现场</b></div><div class=""pg"">教材页码：P148</div>"	移动应用的设计与测试 领会 移动软件的测试 13005软件工程
"<div class=""top""><span class=""chip c1"">章节：移动应用的设计与测试</span><span class=""chip c2"">领会</span><span class=""chip c3"">移动软件的测试</span></div><h1>文档测试的两个阶段</h1><div class=""q"">文档测试可分为两个<span class=""blank"">______</span>：第一个阶段为<span class=""blank"">______</span>评审，检查文档编辑的清晰性；第二个阶段是现场测试，结合实际程序使用文档。</div>"	"<div class=""top""><span class=""chip c1"">章节：移动应用的设计与测试</span><span class=""chip c2"">领会</span><span class=""chip c3"">移动软件的测试</span></div><h1>文档测试的两个阶段</h1><div class=""a"">文档测试可分为两个<span class=""hit"">阶段</span>：第一个<span class=""hit"">阶段</span>为<span class=""hit"">技术</span>评审，检查文档编辑的清晰性；第二个<span class=""hit"">阶段</span>是现场测试，结合实际程序使用文档。</div><div class=""ansbox"">挖空答案：<b>阶段；技术</b></div><div class=""pg"">教材页码：P149</div>"	移动应用的设计与测试 领会 移动软件的测试 13005软件工程
"<div class=""top""><span class=""chip c1"">章节：移动应用的设计与测试</span><span class=""chip c2"">领会</span><span class=""chip c3"">移动软件的测试</span></div><h1>文档测试可使用的测试技术</h1><div class=""q"">对文档的现场测试可采用与许多<span class=""blank"">______</span>方法相似的技术，包括：基于图的交互<span class=""blank"">______</span>；基于<span class=""blank"">______</span>的测试（可用于确保文档规定的行为和实际行为的吻合，因而程序的用法可以贯穿全部文档而得到追踪）。</div>"	"<div class=""top""><span class=""chip c1"">章节：移动应用的设计与测试</span><span class=""chip c2"">领会</span><span class=""chip c3"">移动软件的测试</span></div><h1>文档测试可使用的测试技术</h1><div class=""a"">对文档的现场测试可采用与许多<span class=""hit"">黑盒测试</span>方法相似的技术，包括：基于图的交互<span class=""hit"">操作</span>；基于<span class=""hit"">模型</span>的测试（可用于确保文档规定的行为和实际行为的吻合，因而程序的用法可以贯穿全部文档而得到追踪）。</div><div class=""ansbox"">挖空答案：<b>黑盒测试；操作；模型</b></div><div class=""pg"">教材页码：P149</div>"	移动应用的设计与测试 领会 移动软件的测试 13005软件工程
"<div class=""top""><span class=""chip c1"">章节：移动应用的设计与测试</span><span class=""chip c2"">本章重点</span></div><h1>移动应用(包括WebApp)的特点</h1><div class=""q"">本章重点之一：移动应用（包括WebApp）的特点——<span class=""blank"">______</span>、具有更复杂的需求及运行和开发平台更多样、技术难度更高，以及移动App开发需要解决的技术难题；<span class=""blank"">______</span>包括界面设计、美学设计、内容设计、导航设计、<span class=""blank"">______</span>、构件设计。</div>"	"<div class=""top""><span class=""chip c1"">章节：移动应用的设计与测试</span><span class=""chip c2"">本章重点</span></div><h1>移动应用(包括WebApp)的特点</h1><div class=""a"">本章重点之一：移动应用（包括WebApp）的特点——<span class=""hit"">移动应用强调用户体验</span>、具有更复杂的需求及运行和开发平台更多样、技术难度更高，以及移动App开发需要解决的技术难题；<span class=""hit"">WebApp设计的内容</span>包括界面设计、美学设计、内容设计、导航设计、<span class=""hit"">体系结构设计</span>、构件设计。</div><div class=""ansbox"">挖空答案：<b>移动应用强调用户体验；WebApp设计的内容；体系结构设计</b></div><div class=""pg"">教材页码：P149</div>"	移动应用的设计与测试 本章重点 13005软件工程
"<div class=""top""><span class=""chip c1"">章节：移动应用的设计与测试</span><span class=""chip c2"">本章重点</span></div><h1>移动应用设计的内容及方法</h1><div class=""q"">本章重点之二：移动应用设计的内容及方法——移动应用开发软件过程的5个主要迭代阶段、用户界面设计的特殊要求和3种界面设计模型、3种设计移动应用程序的方法；WebApp界面设计目标与经验、美学设计参考原则、内容设计、<span class=""blank"">______</span>与MVC模型、导航设计的内容和方法及<span class=""blank"">______</span>、构件设计与<span class=""blank"">______</span>。</div>"	"<div class=""top""><span class=""chip c1"">章节：移动应用的设计与测试</span><span class=""chip c2"">本章重点</span></div><h1>移动应用设计的内容及方法</h1><div class=""a"">本章重点之二：移动应用设计的内容及方法——移动应用开发软件过程的5个主要迭代阶段、用户界面设计的特殊要求和3种界面设计模型、3种设计移动应用程序的方法；WebApp界面设计目标与经验、美学设计参考原则、内容设计、<span class=""hit"">体系结构设计</span>与MVC模型、导航设计的内容和方法及<span class=""hit"">导航语义单元</span>、构件设计与<span class=""hit"">可移植性</span>。</div><div class=""ansbox"">挖空答案：<b>体系结构设计；导航语义单元；可移植性</b></div><div class=""pg"">教材页码：P149</div>"	移动应用的设计与测试 本章重点 13005软件工程
"<div class=""top""><span class=""chip c1"">章节：移动应用的设计与测试</span><span class=""chip c2"">本章重点</span></div><h1>移动应用的测试内容及技术</h1><div class=""q"">本章重点之三：移动应用的测试内容及技术——移动应用测试的准则和策略；<span class=""blank"">______</span>测试内容（手势、虚拟键盘、语音输入识别、警报异常）；WebApp测试的内容和策略；内容测试目标与方法、界面测试策略与工作内容、导航测试目的与问题；<span class=""blank"">______</span>目的与技术；性能测试目的、影响因素及压力测试、<span class=""blank"">______</span>；实时测试的必要性与方法；人工智能测试（静态、动态、基于模型的测试及步骤）；虚拟环境测试、α与β测试、文档测试的阶段与技术。</div>"	"<div class=""top""><span class=""chip c1"">章节：移动应用的设计与测试</span><span class=""chip c2"">本章重点</span></div><h1>移动应用的测试内容及技术</h1><div class=""a"">本章重点之三：移动应用的测试内容及技术——移动应用测试的准则和策略；<span class=""hit"">用户体验</span>测试内容（手势、虚拟键盘、语音输入识别、警报异常）；WebApp测试的内容和策略；内容测试目标与方法、界面测试策略与工作内容、导航测试目的与问题；<span class=""hit"">安全性测试</span>目的与技术；性能测试目的、影响因素及压力测试、<span class=""hit"">负载测试</span>；实时测试的必要性与方法；人工智能测试（静态、动态、基于模型的测试及步骤）；虚拟环境测试、α与β测试、文档测试的阶段与技术。</div><div class=""ansbox"">挖空答案：<b>用户体验；安全性测试；负载测试</b></div><div class=""pg"">教材页码：P149</div>"	移动应用的设计与测试 本章重点 13005软件工程
"<div class=""top""><span class=""chip c1"">章节：移动应用的设计与测试</span><span class=""chip c2"">本章难点</span></div><h1>基于构件的移动应用的建模</h1><div class=""q"">本章难点：基于构件的移动应用的建模。即把<span class=""blank"">______</span>理解为定义良好的聚合功能与内容和功能的聚合包，在<span class=""blank"">______</span>中同时包含内容设计元素和功能设计元素，并将内容和功能结合起来创建应用系统的功能<span class=""blank"">______</span>，描述WebApp中的关键功能构件以及这些构件如何交互，同时保证构件可在不同平台复用、提高开发效率。</div>"	"<div class=""top""><span class=""chip c1"">章节：移动应用的设计与测试</span><span class=""chip c2"">本章难点</span></div><h1>基于构件的移动应用的建模</h1><div class=""a"">本章难点：基于构件的移动应用的建模。即把<span class=""hit"">WebApp构件</span>理解为定义良好的聚合功能与内容和功能的聚合包，在<span class=""hit"">构件级设计</span>中同时包含内容设计元素和功能设计元素，并将内容和功能结合起来创建应用系统的功能<span class=""hit"">体系结构</span>，描述WebApp中的关键功能构件以及这些构件如何交互，同时保证构件可在不同平台复用、提高开发效率。</div><div class=""ansbox"">挖空答案：<b>WebApp构件；构件级设计；体系结构</b></div><div class=""pg"">教材页码：P138</div>"	移动应用的设计与测试 本章难点 13005软件工程
"<div class=""top""><span class=""chip c1"">章节：软件测试</span><span class=""chip c2"">识记</span><span class=""chip c3"">软件测试概述</span></div><h1>软件测试的定义</h1><div class=""q""><span class=""blank"">______</span>是根据软件开发各<span class=""blank"">______</span>的规格说明和程序的内部<span class=""blank"">______</span>而精心设计测试用例，利用这些测试用例运行程序，以发现程序中潜在错误的过程。简而言之，软件测试就是为了发现程序中的错误而执行程序的过程。</div>"	"<div class=""top""><span class=""chip c1"">章节：软件测试</span><span class=""chip c2"">识记</span><span class=""chip c3"">软件测试概述</span></div><h1>软件测试的定义</h1><div class=""a""><span class=""hit"">软件测试</span>是根据软件开发各<span class=""hit"">阶段</span>的规格说明和程序的内部<span class=""hit"">结构</span>而精心设计测试用例，利用这些测试用例运行程序，以发现程序中潜在错误的过程。简而言之，<span class=""hit"">软件测试</span>就是为了发现程序中的错误而执行程序的过程。</div><div class=""ansbox"">挖空答案：<b>软件测试；阶段；结构</b></div><div class=""pg"">教材页码：P152</div>"	软件测试 识记 软件测试概述 13005软件工程
"<div class=""top""><span class=""chip c1"">章节：软件测试</span><span class=""chip c2"">识记</span><span class=""chip c3"">软件测试概述</span></div><h1>软件测试的步骤</h1><div class=""q""><span class=""blank"">______</span>的基本步骤依次为单元测试、组装测试、<span class=""blank"">______</span>、<span class=""blank"">______</span>。其中单元测试可在编码阶段开始，边写程序边测试，也可在编码告一段落时由专门测试人员完成；组装测试、确认测试、系统测试是在软件开发过程的软件测试阶段进行的。</div>"	"<div class=""top""><span class=""chip c1"">章节：软件测试</span><span class=""chip c2"">识记</span><span class=""chip c3"">软件测试概述</span></div><h1>软件测试的步骤</h1><div class=""a""><span class=""hit"">软件测试</span>的基本步骤依次为单元测试、组装测试、<span class=""hit"">确认测试</span>、<span class=""hit"">系统测试</span>。其中单元测试可在编码阶段开始，边写程序边测试，也可在编码告一段落时由专门测试人员完成；组装测试、<span class=""hit"">确认测试</span>、<span class=""hit"">系统测试</span>是在软件开发过程的<span class=""hit"">软件测试</span>阶段进行的。</div><div class=""ansbox"">挖空答案：<b>软件测试；确认测试；系统测试</b></div><div class=""pg"">教材页码：P153</div>"	软件测试 识记 软件测试概述 13005软件工程
"<div class=""top""><span class=""chip c1"">章节：软件测试</span><span class=""chip c2"">识记</span><span class=""chip c3"">软件测试概述</span></div><h1>软件测试的对象</h1><div class=""q"">软件测试的对象包括<span class=""blank"">______</span>说明、<span class=""blank"">______</span>和<span class=""blank"">______</span>的规格说明、源程序。很多软件的错误是在需求分析和设计阶段产生的，不只是在编程阶段才会产生错误。</div>"	"<div class=""top""><span class=""chip c1"">章节：软件测试</span><span class=""chip c2"">识记</span><span class=""chip c3"">软件测试概述</span></div><h1>软件测试的对象</h1><div class=""a"">软件测试的对象包括<span class=""hit"">需求分析</span>说明、<span class=""hit"">概要设计</span>和<span class=""hit"">详细设计</span>的规格说明、源程序。很多软件的错误是在<span class=""hit"">需求分析</span>和设计阶段产生的，不只是在编程阶段才会产生错误。</div><div class=""ansbox"">挖空答案：<b>需求分析；概要设计；详细设计</b></div><div class=""pg"">教材页码：P154</div>"	软件测试 识记 软件测试概述 13005软件工程
"<div class=""top""><span class=""chip c1"">章节：软件测试</span><span class=""chip c2"">领会</span><span class=""chip c3"">软件测试概述</span></div><h1>软件测试的目标</h1><div class=""q""><span class=""blank"">______</span>的目的在于发现<span class=""blank"">______</span>。一个好的、成功的测试是能发现至今未被发现的错误。软件测试追求的目标是以最少的时间和人力找出软件中潜在的尽可能多的各种错误和缺陷，以保证软件有足够好的<span class=""blank"">______</span>和稳定性。</div>"	"<div class=""top""><span class=""chip c1"">章节：软件测试</span><span class=""chip c2"">领会</span><span class=""chip c3"">软件测试概述</span></div><h1>软件测试的目标</h1><div class=""a""><span class=""hit"">软件测试</span>的目的在于发现<span class=""hit"">错误</span>。一个好的、成功的测试是能发现至今未被发现的<span class=""hit"">错误</span>。<span class=""hit"">软件测试</span>追求的目标是以最少的时间和人力找出软件中潜在的尽可能多的各种<span class=""hit"">错误</span>和缺陷，以保证软件有足够好的<span class=""hit"">质量</span>和稳定性。</div><div class=""ansbox"">挖空答案：<b>软件测试；错误；质量</b></div><div class=""pg"">教材页码：P153</div>"	软件测试 领会 软件测试概述 13005软件工程
"<div class=""top""><span class=""chip c1"">章节：软件测试</span><span class=""chip c2"">领会</span><span class=""chip c3"">软件测试概述</span></div><h1>软件测试工作应遵循的原则</h1><div class=""q"">软件测试工作应遵循的原则：1）应当尽早且不断地进行软件测试以减少发现和纠正错误的代价（及时审查各阶段工作成果、写一个模块测试一个模块）；2）<span class=""blank"">______</span>应包括测试输入数据和与之对应的预期输出结果；3）程序员应避免检查自己的程序，让非程序开发者参与测试；4）测试用例应包括合理的输入条件和不合理的输入条件；5）充分注意测试中的群集现象（残存错误数与已发现错误数成正比）；6）严格执行<span class=""blank"">______</span>，排除测试的随意性；7）应对每一个测试结果做全面检查；8）妥善保存测试计划、测试用例、出错统计和分析报告，为<span class=""blank"">______</span>提供方便。</div>"	"<div class=""top""><span class=""chip c1"">章节：软件测试</span><span class=""chip c2"">领会</span><span class=""chip c3"">软件测试概述</span></div><h1>软件测试工作应遵循的原则</h1><div class=""a"">软件测试工作应遵循的原则：1）应当尽早且不断地进行软件测试以减少发现和纠正错误的代价（及时审查各阶段工作成果、写一个模块测试一个模块）；2）<span class=""hit"">测试用例</span>应包括测试输入数据和与之对应的预期输出结果；3）程序员应避免检查自己的程序，让非程序开发者参与测试；4）<span class=""hit"">测试用例</span>应包括合理的输入条件和不合理的输入条件；5）充分注意测试中的群集现象（残存错误数与已发现错误数成正比）；6）严格执行<span class=""hit"">测试计划</span>，排除测试的随意性；7）应对每一个测试结果做全面检查；8）妥善保存<span class=""hit"">测试计划</span>、<span class=""hit"">测试用例</span>、出错统计和分析报告，为<span class=""hit"">软件维护</span>提供方便。</div><div class=""ansbox"">挖空答案：<b>测试用例；测试计划；软件维护</b></div><div class=""pg"">教材页码：P153</div>"	软件测试 领会 软件测试概述 13005软件工程
"<div class=""top""><span class=""chip c1"">章节：软件测试</span><span class=""chip c2"">识记</span><span class=""chip c3"">软件测试的方法与技术</span></div><h1>黑盒测试原理</h1><div class=""q""><span class=""blank"">______</span>方法是测试者把被测程序看成一个黑盒，不管程序的内部<span class=""blank"">______</span>，仅以程序的外部<span class=""blank"">______</span>为根据来设计测试用例。黑盒测试着重测试程序的功能是否正确，也被称为功能测试。</div>"	"<div class=""top""><span class=""chip c1"">章节：软件测试</span><span class=""chip c2"">识记</span><span class=""chip c3"">软件测试的方法与技术</span></div><h1>黑盒测试原理</h1><div class=""a""><span class=""hit"">黑盒测试</span>方法是测试者把被测程序看成一个黑盒，不管程序的内部<span class=""hit"">结构</span>，仅以程序的外部<span class=""hit"">功能</span>为根据来设计测试用例。<span class=""hit"">黑盒测试</span>着重测试程序的<span class=""hit"">功能</span>是否正确，也被称为<span class=""hit"">功能</span>测试。</div><div class=""ansbox"">挖空答案：<b>黑盒测试；结构；功能</b></div><div class=""pg"">教材页码：P154</div>"	软件测试 识记 软件测试的方法与技术 13005软件工程
"<div class=""top""><span class=""chip c1"">章节：软件测试</span><span class=""chip c2"">识记</span><span class=""chip c3"">软件测试的方法与技术</span></div><h1>等价类</h1><div class=""q"">等价类是指某个<span class=""blank"">______</span>的子集，在该子集中，各个输入数据对于揭露程序中的错误都是等效的。测试某等价类的代表值就等价于对这一等价类其他值的测试，因此可在每个等价类中取一个数据作为测试输入条件，用少量代表性数据取得较好的测试效果。等价类分为<span class=""blank"">______</span>和<span class=""blank"">______</span>。</div>"	"<div class=""top""><span class=""chip c1"">章节：软件测试</span><span class=""chip c2"">识记</span><span class=""chip c3"">软件测试的方法与技术</span></div><h1>等价类</h1><div class=""a"">等价类是指某个<span class=""hit"">输入域</span>的子集，在该子集中，各个输入数据对于揭露程序中的错误都是等效的。测试某等价类的代表值就等价于对这一等价类其他值的测试，因此可在每个等价类中取一个数据作为测试输入条件，用少量代表性数据取得较好的测试效果。等价类分为<span class=""hit"">有效等价类</span>和<span class=""hit"">无效等价类</span>。</div><div class=""ansbox"">挖空答案：<b>输入域；有效等价类；无效等价类</b></div><div class=""pg"">教材页码：P155</div>"	软件测试 识记 软件测试的方法与技术 13005软件工程
"<div class=""top""><span class=""chip c1"">章节：软件测试</span><span class=""chip c2"">识记</span><span class=""chip c3"">软件测试的方法与技术</span></div><h1>白盒测试原理</h1><div class=""q""><span class=""blank"">______</span>将测试重点放在程序的代码级。测试者需要了解程序内部的逻辑<span class=""blank"">______</span>，从程序的逻辑结构出发，按照一定的原则设计测试用例，通过检查代码中的语句、路径、条件等，以确定代码是否满足<span class=""blank"">______</span>需求和设计规范。</div>"	"<div class=""top""><span class=""chip c1"">章节：软件测试</span><span class=""chip c2"">识记</span><span class=""chip c3"">软件测试的方法与技术</span></div><h1>白盒测试原理</h1><div class=""a""><span class=""hit"">白盒测试</span>将测试重点放在程序的代码级。测试者需要了解程序内部的逻辑<span class=""hit"">结构</span>，从程序的逻辑<span class=""hit"">结构</span>出发，按照一定的原则设计测试用例，通过检查代码中的语句、路径、条件等，以确定代码是否满足<span class=""hit"">用户</span>需求和设计规范。</div><div class=""ansbox"">挖空答案：<b>白盒测试；结构；用户</b></div><div class=""pg"">教材页码：P156</div>"	软件测试 识记 软件测试的方法与技术 13005软件工程
"<div class=""top""><span class=""chip c1"">章节：软件测试</span><span class=""chip c2"">识记</span><span class=""chip c3"">软件测试的方法与技术</span></div><h1>穷举测试的定义</h1><div class=""q""><span class=""blank"">______</span>是让被测试的程序在一切可能的输入情况下都执行一遍。其优点是能证明程序无错，缺点是<span class=""blank"">______</span>代价高，对规模很大的程序无法实现穷举测试。</div>"	"<div class=""top""><span class=""chip c1"">章节：软件测试</span><span class=""chip c2"">识记</span><span class=""chip c3"">软件测试的方法与技术</span></div><h1>穷举测试的定义</h1><div class=""a""><span class=""hit"">穷举测试</span>是让被测试的程序在一切可能的输入情况下都执行一遍。其优点是能证明程序无错，缺点是<span class=""hit"">实现</span>代价高，对规模很大的程序无法<span class=""hit"">实现</span><span class=""hit"">穷举测试</span>。</div><div class=""ansbox"">挖空答案：<b>穷举测试；实现</b></div><div class=""pg"">教材页码：P160</div>"	软件测试 识记 软件测试的方法与技术 13005软件工程
"<div class=""top""><span class=""chip c1"">章节：软件测试</span><span class=""chip c2"">识记</span><span class=""chip c3"">软件测试的方法与技术</span></div><h1>选择测试的定义</h1><div class=""q""><span class=""blank"">______</span>是选择有代表性的<span class=""blank"">______</span>进行有限的测试。</div>"	"<div class=""top""><span class=""chip c1"">章节：软件测试</span><span class=""chip c2"">识记</span><span class=""chip c3"">软件测试的方法与技术</span></div><h1>选择测试的定义</h1><div class=""a""><span class=""hit"">选择测试</span>是选择有代表性的<span class=""hit"">测试用例</span>进行有限的测试。</div><div class=""ansbox"">挖空答案：<b>选择测试；测试用例</b></div><div class=""pg"">教材页码：P160</div>"	软件测试 识记 软件测试的方法与技术 13005软件工程
"<div class=""top""><span class=""chip c1"">章节：软件测试</span><span class=""chip c2"">识记</span><span class=""chip c3"">软件测试的方法与技术</span></div><h1>边界值测试的目的</h1><div class=""q"">经验表明，在处理边界情况时程序很容易出错，大量<span class=""blank"">______</span>发生在输入或输出范围的边界上，而不在输入范围的内部。因此针对各种边界情况<span class=""blank"">______</span>测试用例，查出错误的概率更大。</div>"	"<div class=""top""><span class=""chip c1"">章节：软件测试</span><span class=""chip c2"">识记</span><span class=""chip c3"">软件测试的方法与技术</span></div><h1>边界值测试的目的</h1><div class=""a"">经验表明，在处理边界情况时程序很容易出错，大量<span class=""hit"">错误</span>发生在输入或输出范围的边界上，而不在输入范围的内部。因此针对各种边界情况<span class=""hit"">设计</span>测试用例，查出<span class=""hit"">错误</span>的概率更大。</div><div class=""ansbox"">挖空答案：<b>错误；设计</b></div><div class=""pg"">教材页码：P160</div>"	软件测试 识记 软件测试的方法与技术 13005软件工程
"<div class=""top""><span class=""chip c1"">章节：软件测试</span><span class=""chip c2"">领会</span><span class=""chip c3"">软件测试的方法与技术</span></div><h1>设计黑盒法测试用例的步骤</h1><div class=""q"">黑盒测试根据程序功能设计<span class=""blank"">______</span>，步骤为：1）建立等价类表；2）为每一个等价类规定一个唯一编号；3）设计一个新的测试用例，使其尽可能多地覆盖尚未被覆盖的<span class=""blank"">______</span>，重复直到所有有效等价类都被覆盖；4）设计一个新的测试用例，使其覆盖一个尚未被覆盖的<span class=""blank"">______</span>，重复直到所有无效等价类都被覆盖。</div>"	"<div class=""top""><span class=""chip c1"">章节：软件测试</span><span class=""chip c2"">领会</span><span class=""chip c3"">软件测试的方法与技术</span></div><h1>设计黑盒法测试用例的步骤</h1><div class=""a"">黑盒测试根据程序功能设计<span class=""hit"">测试用例</span>，步骤为：1）建立等价类表；2）为每一个等价类规定一个唯一编号；3）设计一个新的<span class=""hit"">测试用例</span>，使其尽可能多地覆盖尚未被覆盖的<span class=""hit"">有效等价类</span>，重复直到所有<span class=""hit"">有效等价类</span>都被覆盖；4）设计一个新的<span class=""hit"">测试用例</span>，使其覆盖一个尚未被覆盖的<span class=""hit"">无效等价类</span>，重复直到所有<span class=""hit"">无效等价类</span>都被覆盖。</div><div class=""ansbox"">挖空答案：<b>测试用例；有效等价类；无效等价类</b></div><div class=""pg"">教材页码：P154</div>"	软件测试 领会 软件测试的方法与技术 13005软件工程
"<div class=""top""><span class=""chip c1"">章节：软件测试</span><span class=""chip c2"">领会</span><span class=""chip c3"">软件测试的方法与技术</span></div><h1>边界值分析方法选择测试用例的原则</h1><div class=""q"">边界值分析<span class=""blank"">______</span>用例的原则：1）若输入条件规定了值的范围，取刚达到范围边界的值及刚刚超越边界的值；2）若规定了值的个数，用最大个数、最小个数、比最大个数多1、比最小个数少1的数；3）对每个输出条件使用原则1）；4）对每个输出条件使用原则2）；5）若<span class=""blank"">______</span>或<span class=""blank"">______</span>是有序集合，选取集合的第一个和最后一个元素；6）若程序使用内部数据结构，选择其边界上的值；7）分析规格说明，找出其他可能的边界条件。</div>"	"<div class=""top""><span class=""chip c1"">章节：软件测试</span><span class=""chip c2"">领会</span><span class=""chip c3"">软件测试的方法与技术</span></div><h1>边界值分析方法选择测试用例的原则</h1><div class=""a"">边界值分析<span class=""hit"">选择测试</span>用例的原则：1）若输入条件规定了值的范围，取刚达到范围边界的值及刚刚超越边界的值；2）若规定了值的个数，用最大个数、最小个数、比最大个数多1、比最小个数少1的数；3）对每个输出条件使用原则1）；4）对每个输出条件使用原则2）；5）若<span class=""hit"">输入域</span>或<span class=""hit"">输出域</span>是有序集合，选取集合的第一个和最后一个元素；6）若程序使用内部数据结构，选择其边界上的值；7）分析规格说明，找出其他可能的边界条件。</div><div class=""ansbox"">挖空答案：<b>选择测试；输入域；输出域</b></div><div class=""pg"">教材页码：P161</div>"	软件测试 领会 软件测试的方法与技术 13005软件工程
"<div class=""top""><span class=""chip c1"">章节：软件测试</span><span class=""chip c2"">领会</span><span class=""chip c3"">软件测试的方法与技术</span></div><h1>简单应用</h1><div class=""q"">简单应用要求：能针对具体程序（如求整数绝对值、求解一元二次方程ax²+bx+c=0等），运用黑盒法划分<span class=""blank"">______</span>的<span class=""blank"">______</span>和<span class=""blank"">______</span>、建立等价类表，并据此设计测试用例、选取代表性测试数据进行功能测试。</div>"	"<div class=""top""><span class=""chip c1"">章节：软件测试</span><span class=""chip c2"">领会</span><span class=""chip c3"">软件测试的方法与技术</span></div><h1>简单应用</h1><div class=""a"">简单应用要求：能针对具体程序（如求整数绝对值、求解一元二次方程ax²+bx+c=0等），运用黑盒法划分<span class=""hit"">输入域</span>的<span class=""hit"">有效等价类</span>和<span class=""hit"">无效等价类</span>、建立等价类表，并据此设计测试用例、选取代表性测试数据进行功能测试。</div><div class=""ansbox"">挖空答案：<b>输入域；有效等价类；无效等价类</b></div><div class=""pg"">教材页码：P155</div>"	软件测试 领会 软件测试的方法与技术 13005软件工程
"<div class=""top""><span class=""chip c1"">章节：软件测试</span><span class=""chip c2"">领会</span><span class=""chip c3"">软件测试的方法与技术</span></div><h1>黑盒测试中的等价类划分、测试用例的设计</h1><div class=""q"">等价类划分方法把所有可能的输入数据（输入域）划分成若干部分，从每一部分选取少数有代表性的数据作为<span class=""blank"">______</span>。<span class=""blank"">______</span>是合理、有意义的输入数据构成的集合，用于验证程序实现了规格说明规定的功能性能；<span class=""blank"">______</span>是不合理、无意义的输入数据构成的集合，用于检查程序功能性能是否不符合规格说明。设计用例时先建等价类表并编号，再逐个覆盖有效等价类和无效等价类。</div>"	"<div class=""top""><span class=""chip c1"">章节：软件测试</span><span class=""chip c2"">领会</span><span class=""chip c3"">软件测试的方法与技术</span></div><h1>黑盒测试中的等价类划分、测试用例的设计</h1><div class=""a"">等价类划分方法把所有可能的输入数据（输入域）划分成若干部分，从每一部分选取少数有代表性的数据作为<span class=""hit"">测试用例</span>。<span class=""hit"">有效等价类</span>是合理、有意义的输入数据构成的集合，用于验证程序实现了规格说明规定的功能性能；<span class=""hit"">无效等价类</span>是不合理、无意义的输入数据构成的集合，用于检查程序功能性能是否不符合规格说明。设计用例时先建等价类表并编号，再逐个覆盖<span class=""hit"">有效等价类</span>和<span class=""hit"">无效等价类</span>。</div><div class=""ansbox"">挖空答案：<b>测试用例；有效等价类；无效等价类</b></div><div class=""pg"">教材页码：P155</div>"	软件测试 领会 软件测试的方法与技术 13005软件工程
"<div class=""top""><span class=""chip c1"">章节：软件测试</span><span class=""chip c2"">领会</span><span class=""chip c3"">软件测试的方法与技术</span></div><h1>白盒测试的语句覆盖、判定覆盖、条件覆盖、条件组合覆盖、判定-条件覆盖、路径覆盖技术的测试用例的设计</h1><div class=""q"">逻辑覆盖是以程序内部逻辑结构为基础的测试用例设计技术，分为：1）<span class=""blank"">______</span>：使每条语句都执行至少一次；2）<span class=""blank"">______</span>：使每个判断的取真、取假分支都执行至少一次；3）条件覆盖：使每个条件都按真、假执行至少一次；4）判定-条件覆盖：每个判断的每个条件按真假取值各至少一次，同时每个判断也按真假取值各至少一次；5）<span class=""blank"">______</span>：使每个判断的所有可能条件取值组合都执行至少一次；6）路径覆盖：使测试用例覆盖程序中所有可能路径。</div>"	"<div class=""top""><span class=""chip c1"">章节：软件测试</span><span class=""chip c2"">领会</span><span class=""chip c3"">软件测试的方法与技术</span></div><h1>白盒测试的语句覆盖、判定覆盖、条件覆盖、条件组合覆盖、判定-条件覆盖、路径覆盖技术的测试用例的设计</h1><div class=""a"">逻辑覆盖是以程序内部逻辑结构为基础的测试用例设计技术，分为：1）<span class=""hit"">语句覆盖</span>：使每条语句都执行至少一次；2）<span class=""hit"">判定覆盖</span>：使每个判断的取真、取假分支都执行至少一次；3）条件覆盖：使每个条件都按真、假执行至少一次；4）判定-条件覆盖：每个判断的每个条件按真假取值各至少一次，同时每个判断也按真假取值各至少一次；5）<span class=""hit"">条件组合覆盖</span>：使每个判断的所有可能条件取值组合都执行至少一次；6）路径覆盖：使测试用例覆盖程序中所有可能路径。</div><div class=""ansbox"">挖空答案：<b>语句覆盖；判定覆盖；条件组合覆盖</b></div><div class=""pg"">教材页码：P157</div>"	软件测试 领会 软件测试的方法与技术 13005软件工程
"<div class=""top""><span class=""chip c1"">章节：软件测试</span><span class=""chip c2"">领会</span><span class=""chip c3"">软件测试的方法与技术</span></div><h1>边界值分析方法测试用例的设计</h1><div class=""q"">使用边界值分析方法设计<span class=""blank"">______</span>，首先应确定边界情况，通常输入<span class=""blank"">______</span>与输出等价类的边界就是应重点测试的边界情况。应选取正好等于、刚刚大于或刚刚小于边界的值作为测试<span class=""blank"">______</span>，而不是选取等价类中的典型值或任意值作为测试数据。</div>"	"<div class=""top""><span class=""chip c1"">章节：软件测试</span><span class=""chip c2"">领会</span><span class=""chip c3"">软件测试的方法与技术</span></div><h1>边界值分析方法测试用例的设计</h1><div class=""a"">使用边界值分析方法设计<span class=""hit"">测试用例</span>，首先应确定边界情况，通常输入<span class=""hit"">等价类</span>与输出<span class=""hit"">等价类</span>的边界就是应重点测试的边界情况。应选取正好等于、刚刚大于或刚刚小于边界的值作为测试<span class=""hit"">数据</span>，而不是选取<span class=""hit"">等价类</span>中的典型值或任意值作为测试<span class=""hit"">数据</span>。</div><div class=""ansbox"">挖空答案：<b>测试用例；等价类；数据</b></div><div class=""pg"">教材页码：P161</div>"	软件测试 领会 软件测试的方法与技术 13005软件工程
"<div class=""top""><span class=""chip c1"">章节：软件测试</span><span class=""chip c2"">识记</span><span class=""chip c3"">单元测试</span></div><h1>单元测试的定义</h1><div class=""q""><span class=""blank"">______</span>是对单个程序模块（如一个具有特定功能的函数）进行的测试，又称模块测试，是对软件设计的最小单位（即程序模块）进行正确性检验的测试工作。单元测试需要从程序的内部<span class=""blank"">______</span>出发设计<span class=""blank"">______</span>，多个模块可以并行、独立地进行单元测试。</div>"	"<div class=""top""><span class=""chip c1"">章节：软件测试</span><span class=""chip c2"">识记</span><span class=""chip c3"">单元测试</span></div><h1>单元测试的定义</h1><div class=""a""><span class=""hit"">单元测试</span>是对单个程序模块（如一个具有特定功能的函数）进行的测试，又称模块测试，是对软件设计的最小单位（即程序模块）进行正确性检验的测试工作。<span class=""hit"">单元测试</span>需要从程序的内部<span class=""hit"">结构</span>出发设计<span class=""hit"">测试用例</span>，多个模块可以并行、独立地进行<span class=""hit"">单元测试</span>。</div><div class=""ansbox"">挖空答案：<b>单元测试；结构；测试用例</b></div><div class=""pg"">教材页码：P161</div>"	软件测试 识记 单元测试 13005软件工程
"<div class=""top""><span class=""chip c1"">章节：软件测试</span><span class=""chip c2"">识记</span><span class=""chip c3"">单元测试</span></div><h1>单元测试的步骤</h1><div class=""q"">在模块编码完成后根据<span class=""blank"">______</span>和设计文档设计<span class=""blank"">______</span>（每个用例都应有输入数据和预期正确结果），然后编写辅助模块（<span class=""blank"">______</span>和桩模块），最后运行执行测试。</div>"	"<div class=""top""><span class=""chip c1"">章节：软件测试</span><span class=""chip c2"">识记</span><span class=""chip c3"">单元测试</span></div><h1>单元测试的步骤</h1><div class=""a"">在模块编码完成后根据<span class=""hit"">需求规格说明</span>和设计文档设计<span class=""hit"">测试用例</span>（每个用例都应有输入数据和预期正确结果），然后编写辅助模块（<span class=""hit"">驱动模块</span>和桩模块），最后运行执行测试。</div><div class=""ansbox"">挖空答案：<b>需求规格说明；测试用例；驱动模块</b></div><div class=""pg"">教材页码：P162</div>"	软件测试 识记 单元测试 13005软件工程
"<div class=""top""><span class=""chip c1"">章节：软件测试</span><span class=""chip c2"">识记</span><span class=""chip c3"">单元测试</span></div><h1>单元测试5个方面的内容</h1><div class=""q"">单元测试阶段需要分别从以下5个方面对模块进行检查：<span class=""blank"">______</span>、<span class=""blank"">______</span>、路径测试、<span class=""blank"">______</span>、边界测试。测试时以白盒测试为主、黑盒测试为辅，两种方法相结合。</div>"	"<div class=""top""><span class=""chip c1"">章节：软件测试</span><span class=""chip c2"">识记</span><span class=""chip c3"">单元测试</span></div><h1>单元测试5个方面的内容</h1><div class=""a"">单元测试阶段需要分别从以下5个方面对模块进行检查：<span class=""hit"">模块接口测试</span>、<span class=""hit"">局部数据结构测试</span>、路径测试、<span class=""hit"">错误处理测试</span>、边界测试。测试时以白盒测试为主、黑盒测试为辅，两种方法相结合。</div><div class=""ansbox"">挖空答案：<b>模块接口测试；局部数据结构测试；错误处理测试</b></div><div class=""pg"">教材页码：P162</div>"	软件测试 识记 单元测试 13005软件工程
"<div class=""top""><span class=""chip c1"">章节：软件测试</span><span class=""chip c2"">识记</span><span class=""chip c3"">单元测试</span></div><h1>驱动模块</h1><div class=""q"">驱动模块相当于被测试模块的<span class=""blank"">______</span>者程序。驱动模块接收测试<span class=""blank"">______</span>，再把这些数据传送给被测模块，最后输出实际的测试结果。</div>"	"<div class=""top""><span class=""chip c1"">章节：软件测试</span><span class=""chip c2"">识记</span><span class=""chip c3"">单元测试</span></div><h1>驱动模块</h1><div class=""a"">驱动模块相当于被测试模块的<span class=""hit"">调用</span>者程序。驱动模块接收测试<span class=""hit"">数据</span>，再把这些<span class=""hit"">数据</span>传送给被测模块，最后输出实际的测试结果。</div><div class=""ansbox"">挖空答案：<b>调用；数据</b></div><div class=""pg"">教材页码：P162</div>"	软件测试 识记 单元测试 13005软件工程
"<div class=""top""><span class=""chip c1"">章节：软件测试</span><span class=""chip c2"">识记</span><span class=""chip c3"">单元测试</span></div><h1>桩模块</h1><div class=""q"">桩模块用于代替被测模块所<span class=""blank"">______</span>的模块。桩模块仅进行少量的<span class=""blank"">______</span>操作，不需要把被测模块所调用模块的<span class=""blank"">______</span>都放进来。</div>"	"<div class=""top""><span class=""chip c1"">章节：软件测试</span><span class=""chip c2"">识记</span><span class=""chip c3"">单元测试</span></div><h1>桩模块</h1><div class=""a"">桩模块用于代替被测模块所<span class=""hit"">调用</span>的模块。桩模块仅进行少量的<span class=""hit"">数据</span>操作，不需要把被测模块所<span class=""hit"">调用</span>模块的<span class=""hit"">功能</span>都放进来。</div><div class=""ansbox"">挖空答案：<b>调用；数据；功能</b></div><div class=""pg"">教材页码：P162</div>"	软件测试 识记 单元测试 13005软件工程
"<div class=""top""><span class=""chip c1"">章节：软件测试</span><span class=""chip c2"">领会</span><span class=""chip c3"">单元测试</span></div><h1>模块接口测试</h1><div class=""q"">在<span class=""blank"">______</span>开始时首先测试模块能否正确地输入及输出<span class=""blank"">______</span>。检查<span class=""blank"">______</span>包括：输入参数与形式参数在数量、类型、顺序上是否匹配；调用子模块时子模块收到的参数是否匹配；是否修改了仅作为输入的形式参数；输出给标准函数的参数是否正确；全局变量定义在各模块中是否一致；是否限制了仅用形式参数传递。当模块通过外部设备输入输出时，还要检查文件属性、OPEN/CLOSE语句、输入输出格式、缓冲区与记录长度、文件开关、错误处理等。</div>"	"<div class=""top""><span class=""chip c1"">章节：软件测试</span><span class=""chip c2"">领会</span><span class=""chip c3"">单元测试</span></div><h1>模块接口测试</h1><div class=""a"">在<span class=""hit"">单元测试</span>开始时首先测试模块能否正确地输入及输出<span class=""hit"">数据</span>。检查<span class=""hit"">项目</span>包括：输入参数与形式参数在数量、类型、顺序上是否匹配；调用子模块时子模块收到的参数是否匹配；是否修改了仅作为输入的形式参数；输出给标准函数的参数是否正确；全局变量定义在各模块中是否一致；是否限制了仅用形式参数传递。当模块通过外部设备输入输出时，还要检查文件属性、OPEN/CLOSE语句、输入输出格式、缓冲区与记录长度、文件开关、错误处理等。</div><div class=""ansbox"">挖空答案：<b>单元测试；数据；项目</b></div><div class=""pg"">教材页码：P162</div>"	软件测试 领会 单元测试 13005软件工程
"<div class=""top""><span class=""chip c1"">章节：软件测试</span><span class=""chip c2"">领会</span><span class=""chip c3"">单元测试</span></div><h1>局部数据结构测试</h1><div class=""q"">模块的局部数据<span class=""blank"">______</span>是最常见的<span class=""blank"">______</span>来源，应<span class=""blank"">______</span>测试用例检查：1）是否存在不正确或不一致的数据类型说明；2）是否使用了没有赋值或未初始化的变量；3）局部变量是否被设置了错误的缺省值或初始值；4）局部变量名的拼写是否存在错误。</div>"	"<div class=""top""><span class=""chip c1"">章节：软件测试</span><span class=""chip c2"">领会</span><span class=""chip c3"">单元测试</span></div><h1>局部数据结构测试</h1><div class=""a"">模块的局部数据<span class=""hit"">结构</span>是最常见的<span class=""hit"">错误</span>来源，应<span class=""hit"">设计</span>测试用例检查：1）是否存在不正确或不一致的数据类型说明；2）是否使用了没有赋值或未初始化的变量；3）局部变量是否被设置了<span class=""hit"">错误</span>的缺省值或初始值；4）局部变量名的拼写是否存在<span class=""hit"">错误</span>。</div><div class=""ansbox"">挖空答案：<b>结构；错误；设计</b></div><div class=""pg"">教材页码：P163</div>"	软件测试 领会 单元测试 13005软件工程
"<div class=""top""><span class=""chip c1"">章节：软件测试</span><span class=""chip c2"">领会</span><span class=""chip c3"">单元测试</span></div><h1>路径测试</h1><div class=""q"">由于模块执行路径不可能<span class=""blank"">______</span>，要为模块选择规模适当的重要执行路径构造<span class=""blank"">______</span>。测试内容包括：1）是否存在错误的计算（运算优先次序错误、类型不相容、算法错误、初始化错误、精度不够、表达式符号错误等）；2）是否存在比较错误或<span class=""blank"">______</span>流错误（不同类型比较、错误逻辑运算、浮点精度比较错误、错误变量和比较符、边界值错误、死循环、不适当修改循环变量等）。</div>"	"<div class=""top""><span class=""chip c1"">章节：软件测试</span><span class=""chip c2"">领会</span><span class=""chip c3"">单元测试</span></div><h1>路径测试</h1><div class=""a"">由于模块执行路径不可能<span class=""hit"">穷举测试</span>，要为模块选择规模适当的重要执行路径构造<span class=""hit"">测试用例</span>。测试内容包括：1）是否存在错误的计算（运算优先次序错误、类型不相容、算法错误、初始化错误、精度不够、表达式符号错误等）；2）是否存在比较错误或<span class=""hit"">控制</span>流错误（不同类型比较、错误逻辑运算、浮点精度比较错误、错误变量和比较符、边界值错误、死循环、不适当修改循环变量等）。</div><div class=""ansbox"">挖空答案：<b>穷举测试；测试用例；控制</b></div><div class=""pg"">教材页码：P163</div>"	软件测试 领会 单元测试 13005软件工程
"<div class=""top""><span class=""chip c1"">章节：软件测试</span><span class=""chip c2"">领会</span><span class=""chip c3"">单元测试</span></div><h1>错误处理测试</h1><div class=""q"">完善的模块<span class=""blank"">______</span>应能预见出错条件并设置适当的出错处理。出现以下情况表明<span class=""blank"">______</span>处理<span class=""blank"">______</span>有错误或缺陷：1）出错描述难以理解；2）出错描述不足以对错误定位、难以确定出错原因；3）预测的错误与实际的错误不符；4）对错误条件的处理不正确；5）在对错误进行处理之前，错误条件已经引起系统的干预。</div>"	"<div class=""top""><span class=""chip c1"">章节：软件测试</span><span class=""chip c2"">领会</span><span class=""chip c3"">单元测试</span></div><h1>错误处理测试</h1><div class=""a"">完善的模块<span class=""hit"">设计</span>应能预见出错条件并设置适当的出错处理。出现以下情况表明<span class=""hit"">错误</span>处理<span class=""hit"">功能</span>有<span class=""hit"">错误</span>或缺陷：1）出错描述难以理解；2）出错描述不足以对<span class=""hit"">错误</span>定位、难以确定出错原因；3）预测的<span class=""hit"">错误</span>与实际的<span class=""hit"">错误</span>不符；4）对<span class=""hit"">错误</span>条件的处理不正确；5）在对<span class=""hit"">错误</span>进行处理之前，<span class=""hit"">错误</span>条件已经引起系统的干预。</div><div class=""ansbox"">挖空答案：<b>设计；错误；功能</b></div><div class=""pg"">教材页码：P163</div>"	软件测试 领会 单元测试 13005软件工程
"<div class=""top""><span class=""chip c1"">章节：软件测试</span><span class=""chip c2"">领会</span><span class=""chip c3"">单元测试</span></div><h1>边界测试</h1><div class=""q"">程序很容易在边界值上出错，如循环边界值、数组下标边界值、比较条件边界值引起的错误。因此需特别注意<span class=""blank"">______</span>、控制流中刚好等于、大于或小于确定比较值时出错的可能性，对这些地方仔细<span class=""blank"">______</span>或<span class=""blank"">______</span>用例，认真进行测试。</div>"	"<div class=""top""><span class=""chip c1"">章节：软件测试</span><span class=""chip c2"">领会</span><span class=""chip c3"">单元测试</span></div><h1>边界测试</h1><div class=""a"">程序很容易在边界值上出错，如循环边界值、数组下标边界值、比较条件边界值引起的错误。因此需特别注意<span class=""hit"">数据流</span>、控制流中刚好等于、大于或小于确定比较值时出错的可能性，对这些地方仔细<span class=""hit"">设计</span>或<span class=""hit"">选择测试</span>用例，认真进行测试。</div><div class=""ansbox"">挖空答案：<b>数据流；设计；选择测试</b></div><div class=""pg"">教材页码：P163</div>"	软件测试 领会 单元测试 13005软件工程
"<div class=""top""><span class=""chip c1"">章节：软件测试</span><span class=""chip c2"">识记</span><span class=""chip c3"">组装测试</span></div><h1>组装测试的4种组装方式</h1><div class=""q"">组装测试（集成测试）有<span class=""blank"">______</span>测试和增殖式组装测试两种方式，增殖式组装测试又分为：<span class=""blank"">______</span>的组装测试、<span class=""blank"">______</span>的组装测试、混合组装测试，共4种组装方式。</div>"	"<div class=""top""><span class=""chip c1"">章节：软件测试</span><span class=""chip c2"">识记</span><span class=""chip c3"">组装测试</span></div><h1>组装测试的4种组装方式</h1><div class=""a"">组装测试（集成测试）有<span class=""hit"">一次性组装</span>测试和增殖式组装测试两种方式，增殖式组装测试又分为：<span class=""hit"">自顶向下</span>的组装测试、<span class=""hit"">自底向上</span>的组装测试、混合组装测试，共4种组装方式。</div><div class=""ansbox"">挖空答案：<b>一次性组装；自顶向下；自底向上</b></div><div class=""pg"">教材页码：P164</div>"	软件测试 识记 组装测试 13005软件工程
"<div class=""top""><span class=""chip c1"">章节：软件测试</span><span class=""chip c2"">领会</span><span class=""chip c3"">组装测试</span></div><h1>自顶向下组装测试的步骤</h1><div class=""q""><span class=""blank"">______</span>组装测试步骤：1）把主模块作为所测模块的<span class=""blank"">______</span>，所有直属于主模块的下属模块全部用桩模块代替，对主模块进行测试；2）采用深度优先或分层策略，用实际模块替代相应桩模块，再用桩模块代替这些实际模块的直接下属模块，与已测试的模块或子系统组装成新的子系统；3）进行<span class=""blank"">______</span>，重新执行以前做过的全部或部分测试，排除组装过程可能引入的新错误；4）判断所有模块是否都已组装到系统中，若否则转到第2步继续，否则终止测试。</div>"	"<div class=""top""><span class=""chip c1"">章节：软件测试</span><span class=""chip c2"">领会</span><span class=""chip c3"">组装测试</span></div><h1>自顶向下组装测试的步骤</h1><div class=""a""><span class=""hit"">自顶向下</span>组装测试步骤：1）把主模块作为所测模块的<span class=""hit"">驱动模块</span>，所有直属于主模块的下属模块全部用桩模块代替，对主模块进行测试；2）采用深度优先或分层策略，用实际模块替代相应桩模块，再用桩模块代替这些实际模块的直接下属模块，与已测试的模块或子系统组装成新的子系统；3）进行<span class=""hit"">回归测试</span>，重新执行以前做过的全部或部分测试，排除组装过程可能引入的新错误；4）判断所有模块是否都已组装到系统中，若否则转到第2步继续，否则终止测试。</div><div class=""ansbox"">挖空答案：<b>自顶向下；驱动模块；回归测试</b></div><div class=""pg"">教材页码：P164</div>"	软件测试 领会 组装测试 13005软件工程
"<div class=""top""><span class=""chip c1"">章节：软件测试</span><span class=""chip c2"">领会</span><span class=""chip c3"">组装测试</span></div><h1>自顶向下组装测试的评价</h1><div class=""q"">优点：1）能较早看到整个系统的效果；2）能较早发现主要<span class=""blank"">______</span>中的<span class=""blank"">______</span>；3）先测试输入分支，可为以后的测试提供保证。缺点：需要编写<span class=""blank"">______</span>，而编写桩模块比较困难。</div>"	"<div class=""top""><span class=""chip c1"">章节：软件测试</span><span class=""chip c2"">领会</span><span class=""chip c3"">组装测试</span></div><h1>自顶向下组装测试的评价</h1><div class=""a"">优点：1）能较早看到整个系统的效果；2）能较早发现主要<span class=""hit"">控制</span>中的<span class=""hit"">错误</span>；3）先测试输入分支，可为以后的测试提供保证。缺点：需要编写<span class=""hit"">桩模块</span>，而编写<span class=""hit"">桩模块</span>比较困难。</div><div class=""ansbox"">挖空答案：<b>控制；错误；桩模块</b></div><div class=""pg"">教材页码：P165</div>"	软件测试 领会 组装测试 13005软件工程
"<div class=""top""><span class=""chip c1"">章节：软件测试</span><span class=""chip c2"">领会</span><span class=""chip c3"">组装测试</span></div><h1>自底向上组装测试的步骤</h1><div class=""q""><span class=""blank"">______</span>组装测试从程序模块结构中最底层的模块开始组装和测试，步骤：1）由驱动模块控制最底层模块的并行测试，也可把最底层模块组合成实现某一特定功能的簇，由驱动模块控制对它的测试；2）用实际模块代替驱动模块，与直属于该实际模块且已测试过的模块组装为<span class=""blank"">______</span>；3）为子系统配备驱动模块，进行新的测试；4）判断是否已组装到<span class=""blank"">______</span>，是则结束测试，否则执行步骤2）。</div>"	"<div class=""top""><span class=""chip c1"">章节：软件测试</span><span class=""chip c2"">领会</span><span class=""chip c3"">组装测试</span></div><h1>自底向上组装测试的步骤</h1><div class=""a""><span class=""hit"">自底向上</span>组装测试从程序模块结构中最底层的模块开始组装和测试，步骤：1）由驱动模块控制最底层模块的并行测试，也可把最底层模块组合成实现某一特定功能的簇，由驱动模块控制对它的测试；2）用实际模块代替驱动模块，与直属于该实际模块且已测试过的模块组装为<span class=""hit"">子系统</span>；3）为<span class=""hit"">子系统</span>配备驱动模块，进行新的测试；4）判断是否已组装到<span class=""hit"">主模块</span>，是则结束测试，否则执行步骤2）。</div><div class=""ansbox"">挖空答案：<b>自底向上；子系统；主模块</b></div><div class=""pg"">教材页码：P165</div>"	软件测试 领会 组装测试 13005软件工程
"<div class=""top""><span class=""chip c1"">章节：软件测试</span><span class=""chip c2"">领会</span><span class=""chip c3"">组装测试</span></div><h1>自底向上组装测试的评价</h1><div class=""q"">优点：1）<span class=""blank"">______</span>比较容易编写；2）多个模块或<span class=""blank"">______</span>可并行测试，以提高测试效率。缺点：最后才能测试主控模块，整个系统的结果最后才能看到。</div>"	"<div class=""top""><span class=""chip c1"">章节：软件测试</span><span class=""chip c2"">领会</span><span class=""chip c3"">组装测试</span></div><h1>自底向上组装测试的评价</h1><div class=""a"">优点：1）<span class=""hit"">驱动模块</span>比较容易编写；2）多个模块或<span class=""hit"">子系统</span>可并行测试，以提高测试效率。缺点：最后才能测试主控模块，整个系统的结果最后才能看到。</div><div class=""ansbox"">挖空答案：<b>驱动模块；子系统</b></div><div class=""pg"">教材页码：P166</div>"	软件测试 领会 组装测试 13005软件工程
"<div class=""top""><span class=""chip c1"">章节：软件测试</span><span class=""chip c2"">领会</span><span class=""chip c3"">组装测试</span></div><h1>组装测试计划时应考虑的问题</h1><div class=""q"">制订<span class=""blank"">______</span>计划时应考虑：1）采用何种组装<span class=""blank"">______</span>进行组装测试；2）组装测试<span class=""blank"">______</span>中连接各个模块的顺序；3）模块代码的编写和测试进度是否与组装测试的顺序一致；4）测试过程中是否需要专门的硬件设备。解决后即可列出各模块的编制、测试计划表。</div>"	"<div class=""top""><span class=""chip c1"">章节：软件测试</span><span class=""chip c2"">领会</span><span class=""chip c3"">组装测试</span></div><h1>组装测试计划时应考虑的问题</h1><div class=""a"">制订<span class=""hit"">组装测试</span>计划时应考虑：1）采用何种组装<span class=""hit"">方式</span>进行<span class=""hit"">组装测试</span>；2）<span class=""hit"">组装测试</span><span class=""hit"">过程</span>中连接各个模块的顺序；3）模块代码的编写和测试进度是否与<span class=""hit"">组装测试</span>的顺序一致；4）测试<span class=""hit"">过程</span>中是否需要专门的硬件设备。解决后即可列出各模块的编制、测试计划表。</div><div class=""ansbox"">挖空答案：<b>组装测试；方式；过程</b></div><div class=""pg"">教材页码：P166</div>"	软件测试 领会 组装测试 13005软件工程
"<div class=""top""><span class=""chip c1"">章节：软件测试</span><span class=""chip c2"">领会</span><span class=""chip c3"">组装测试</span></div><h1>组装测试完成的标志</h1><div class=""q"">组装测试完成的标志：1）成功地执行了<span class=""blank"">______</span>中规定的所有组装测试；2）修正了测试<span class=""blank"">______</span>中所发现的<span class=""blank"">______</span>；3）测试结果通过了测试小组的评审。</div>"	"<div class=""top""><span class=""chip c1"">章节：软件测试</span><span class=""chip c2"">领会</span><span class=""chip c3"">组装测试</span></div><h1>组装测试完成的标志</h1><div class=""a"">组装测试完成的标志：1）成功地执行了<span class=""hit"">测试计划</span>中规定的所有组装测试；2）修正了测试<span class=""hit"">过程</span>中所发现的<span class=""hit"">错误</span>；3）测试结果通过了测试小组的评审。</div><div class=""ansbox"">挖空答案：<b>测试计划；过程；错误</b></div><div class=""pg"">教材页码：P167</div>"	软件测试 领会 组装测试 13005软件工程
"<div class=""top""><span class=""chip c1"">章节：软件测试</span><span class=""chip c2"">识记</span><span class=""chip c3"">确认测试</span></div><h1>确认测试的任务</h1><div class=""q"">确认测试的任务是验证软件的<span class=""blank"">______</span>、性能及其他特性是否与<span class=""blank"">______</span>的需求一致。软件<span class=""blank"">______</span>中包括对软件功能及性能的要求、全部用户可见的软件属性及有效性准则，其中有效性准则是软件确认测试的基础。</div>"	"<div class=""top""><span class=""chip c1"">章节：软件测试</span><span class=""chip c2"">识记</span><span class=""chip c3"">确认测试</span></div><h1>确认测试的任务</h1><div class=""a"">确认测试的任务是验证软件的<span class=""hit"">功能</span>、性能及其他特性是否与<span class=""hit"">用户</span>的需求一致。软件<span class=""hit"">需求规格说明书</span>中包括对软件<span class=""hit"">功能</span>及性能的要求、全部<span class=""hit"">用户</span>可见的软件属性及有效性准则，其中有效性准则是软件确认测试的基础。</div><div class=""ansbox"">挖空答案：<b>功能；用户；需求规格说明书</b></div><div class=""pg"">教材页码：P167</div>"	软件测试 识记 确认测试 13005软件工程
"<div class=""top""><span class=""chip c1"">章节：软件测试</span><span class=""chip c2"">识记</span><span class=""chip c3"">确认测试</span></div><h1>软件配置复审的目的</h1><div class=""q"">软件配置复审的目的是保证软件配置的所有成分都齐全，各方面的质量都符合要求，具有软件维护<span class=""blank"">______</span>所必需的细节，而且已经编排好分类的目录。同时应严格遵守<span class=""blank"">______</span>手册和<span class=""blank"">______</span>手册中规定的使用步骤，检查文档资料的完整性和正确性，并仔细记录发现的遗漏和错误加以补充修正。</div>"	"<div class=""top""><span class=""chip c1"">章节：软件测试</span><span class=""chip c2"">识记</span><span class=""chip c3"">确认测试</span></div><h1>软件配置复审的目的</h1><div class=""a"">软件配置复审的目的是保证软件配置的所有成分都齐全，各方面的质量都符合要求，具有软件维护<span class=""hit"">阶段</span>所必需的细节，而且已经编排好分类的目录。同时应严格遵守<span class=""hit"">用户</span>手册和<span class=""hit"">操作</span>手册中规定的使用步骤，检查文档资料的完整性和正确性，并仔细记录发现的遗漏和错误加以补充修正。</div><div class=""ansbox"">挖空答案：<b>阶段；用户；操作</b></div><div class=""pg"">教材页码：P168</div>"	软件测试 识记 确认测试 13005软件工程
"<div class=""top""><span class=""chip c1"">章节：软件测试</span><span class=""chip c2"">领会</span><span class=""chip c3"">确认测试</span></div><h1>确认测试阶段需要完成的工作及步骤</h1><div class=""q"">确认测试阶段首先要进行有效性测试、软件配置复审，然后进行<span class=""blank"">______</span>和安装测试，最后要通过专家鉴定后才能将软件交付给用户。过程包括<span class=""blank"">______</span>人员、构造<span class=""blank"">______</span>、实际运行测试、软件配置复审、专家鉴定、管理机构评审等环节。</div>"	"<div class=""top""><span class=""chip c1"">章节：软件测试</span><span class=""chip c2"">领会</span><span class=""chip c3"">确认测试</span></div><h1>确认测试阶段需要完成的工作及步骤</h1><div class=""a"">确认测试阶段首先要进行有效性测试、软件配置复审，然后进行<span class=""hit"">验收测试</span>和安装测试，最后要通过专家鉴定后才能将软件交付给用户。过程包括<span class=""hit"">选择测试</span>人员、构造<span class=""hit"">测试用例</span>、实际运行测试、软件配置复审、专家鉴定、管理机构评审等环节。</div><div class=""ansbox"">挖空答案：<b>验收测试；选择测试；测试用例</b></div><div class=""pg"">教材页码：P167</div>"	软件测试 领会 确认测试 13005软件工程
"<div class=""top""><span class=""chip c1"">章节：软件测试</span><span class=""chip c2"">领会</span><span class=""chip c3"">确认测试</span></div><h1>有效性测试的任务</h1><div class=""q"">有效性测试通过黑盒测试技术完成，其<span class=""blank"">______</span>是验证被测试的软件是否满足<span class=""blank"">______</span>中定义的所有<span class=""blank"">______</span>需求和性能要求，同时要保证所有文档是正确且易于使用的。</div>"	"<div class=""top""><span class=""chip c1"">章节：软件测试</span><span class=""chip c2"">领会</span><span class=""chip c3"">确认测试</span></div><h1>有效性测试的任务</h1><div class=""a"">有效性测试通过黑盒测试技术完成，其<span class=""hit"">任务</span>是验证被测试的软件是否满足<span class=""hit"">需求规格说明书</span>中定义的所有<span class=""hit"">功能</span>需求和性能要求，同时要保证所有文档是正确且易于使用的。</div><div class=""ansbox"">挖空答案：<b>任务；需求规格说明书；功能</b></div><div class=""pg"">教材页码：P167</div>"	软件测试 领会 确认测试 13005软件工程
"<div class=""top""><span class=""chip c1"">章节：软件测试</span><span class=""chip c2"">领会</span><span class=""chip c3"">确认测试</span></div><h1>系统测试的任务</h1><div class=""q""><span class=""blank"">______</span>是将通过<span class=""blank"">______</span>的软件，作为整个基于计算机系统的一个元素，与计算机硬件、外设、支持软件、数据和人员等其他系统元素结合在一起，在实际运行环境下对计算机系统进行一系列的<span class=""blank"">______</span>和确认测试。其目的在于通过与系统的需求定义做比较，发现软件与系统定义不符合的地方。</div>"	"<div class=""top""><span class=""chip c1"">章节：软件测试</span><span class=""chip c2"">领会</span><span class=""chip c3"">确认测试</span></div><h1>系统测试的任务</h1><div class=""a""><span class=""hit"">系统测试</span>是将通过<span class=""hit"">确认测试</span>的软件，作为整个基于计算机系统的一个元素，与计算机硬件、外设、支持软件、数据和人员等其他系统元素结合在一起，在实际运行环境下对计算机系统进行一系列的<span class=""hit"">组装测试</span>和<span class=""hit"">确认测试</span>。其目的在于通过与系统的需求定义做比较，发现软件与系统定义不符合的地方。</div><div class=""ansbox"">挖空答案：<b>系统测试；确认测试；组装测试</b></div><div class=""pg"">教材页码：P168</div>"	软件测试 领会 确认测试 13005软件工程
"<div class=""top""><span class=""chip c1"">章节：软件测试</span><span class=""chip c2"">领会</span><span class=""chip c3"">确认测试</span></div><h1>软件测试的种类及其适用阶段</h1><div class=""q"">软件测试的种类包括：设计评审、代码审查、功能测试、结构测试、<span class=""blank"">______</span>、可靠性测试、强度测试、性能测试、恢复测试、启动/停止测试、配置测试、<span class=""blank"">______</span>、可使用性测试、可支持性测试、安装测试、互连测试、<span class=""blank"">______</span>、容量测试、文档测试等19类。不同测试应结合软件开发进度在不同阶段展开（如设计评审、代码审查在早期，功能测试、结构测试在单元/组装阶段，性能测试可在各阶段进行），其中有些必须完成、有些可选。</div>"	"<div class=""top""><span class=""chip c1"">章节：软件测试</span><span class=""chip c2"">领会</span><span class=""chip c3"">确认测试</span></div><h1>软件测试的种类及其适用阶段</h1><div class=""a"">软件测试的种类包括：设计评审、代码审查、功能测试、结构测试、<span class=""hit"">回归测试</span>、可靠性测试、强度测试、性能测试、恢复测试、启动/停止测试、配置测试、<span class=""hit"">安全性测试</span>、可使用性测试、可支持性测试、安装测试、互连测试、<span class=""hit"">兼容性测试</span>、容量测试、文档测试等19类。不同测试应结合软件开发进度在不同阶段展开（如设计评审、代码审查在早期，功能测试、结构测试在单元/组装阶段，性能测试可在各阶段进行），其中有些必须完成、有些可选。</div><div class=""ansbox"">挖空答案：<b>回归测试；安全性测试；兼容性测试</b></div><div class=""pg"">教材页码：P168</div>"	软件测试 领会 确认测试 13005软件工程
"<div class=""top""><span class=""chip c1"">章节：软件测试</span><span class=""chip c2"">识记</span><span class=""chip c3"">静态测试</span></div><h1>程序静态分析的几种方法</h1><div class=""q"">程序<span class=""blank"">______</span>不要求在计算机上实际执行被测程序，通常采用的<span class=""blank"">______</span>有：1）生成各种引用表（按<span class=""blank"">______</span>分为直接查出说明/使用错误、提供辅助信息、做错误预测和程序复杂度计算三类）；2）进行静态错误分析（包括变量类型分析、引用分析、表达式分析、接口分析）。</div>"	"<div class=""top""><span class=""chip c1"">章节：软件测试</span><span class=""chip c2"">识记</span><span class=""chip c3"">静态测试</span></div><h1>程序静态分析的几种方法</h1><div class=""a"">程序<span class=""hit"">静态分析</span>不要求在计算机上实际执行被测程序，通常采用的<span class=""hit"">方法</span>有：1）生成各种引用表（按<span class=""hit"">功能</span>分为直接查出说明/使用错误、提供辅助信息、做错误预测和程序复杂度计算三类）；2）进行静态错误分析（包括变量类型分析、引用分析、表达式分析、接口分析）。</div><div class=""ansbox"">挖空答案：<b>静态分析；方法；功能</b></div><div class=""pg"">教材页码：P171</div>"	软件测试 识记 静态测试 13005软件工程
"<div class=""top""><span class=""chip c1"">章节：软件测试</span><span class=""chip c2"">识记</span><span class=""chip c3"">静态测试</span></div><h1>静态错误分析的工作内容</h1><div class=""q"">静态错误分析用于确定源程序中是否有某类错误或“<span class=""blank"">______</span>”<span class=""blank"">______</span>，<span class=""blank"">______</span>包括：变量类型分析、引用分析、表达式分析、接口分析。</div>"	"<div class=""top""><span class=""chip c1"">章节：软件测试</span><span class=""chip c2"">识记</span><span class=""chip c3"">静态测试</span></div><h1>静态错误分析的工作内容</h1><div class=""a"">静态错误分析用于确定源程序中是否有某类错误或“<span class=""hit"">危险</span>”<span class=""hit"">结构</span>，<span class=""hit"">工作内容</span>包括：变量类型分析、引用分析、表达式分析、接口分析。</div><div class=""ansbox"">挖空答案：<b>危险；结构；工作内容</b></div><div class=""pg"">教材页码：P172</div>"	软件测试 识记 静态测试 13005软件工程
"<div class=""top""><span class=""chip c1"">章节：软件测试</span><span class=""chip c2"">领会</span><span class=""chip c3"">静态测试</span></div><h1>在程序的静态分析中使用各种引用表</h1><div class=""q"">为支持<span class=""blank"">______</span>，可在源程序编制完成后生成各种引用表，按<span class=""blank"">______</span>分为3类：1）直接从表中查出说明/使用错误，如循环层次表、变量交叉引用表、标号交叉引用表；2）为<span class=""blank"">______</span>提供辅助信息，如子程序/宏/函数引用表、等价表、常数表；3）用来做错误预测和程序复杂度计算，如操作符和操作数的统计表等。常用的有标号交叉引用表、变量交叉引用表、子程序/宏/函数引用表、等价表、常量表。</div>"	"<div class=""top""><span class=""chip c1"">章节：软件测试</span><span class=""chip c2"">领会</span><span class=""chip c3"">静态测试</span></div><h1>在程序的静态分析中使用各种引用表</h1><div class=""a"">为支持<span class=""hit"">静态分析</span>，可在源程序编制完成后生成各种引用表，按<span class=""hit"">功能</span>分为3类：1）直接从表中查出说明/使用错误，如循环层次表、变量交叉引用表、标号交叉引用表；2）为<span class=""hit"">用户</span>提供辅助信息，如子程序/宏/函数引用表、等价表、常数表；3）用来做错误预测和程序复杂度计算，如操作符和操作数的统计表等。常用的有标号交叉引用表、变量交叉引用表、子程序/宏/函数引用表、等价表、常量表。</div><div class=""ansbox"">挖空答案：<b>静态分析；功能；用户</b></div><div class=""pg"">教材页码：P171</div>"	软件测试 领会 静态测试 13005软件工程
"<div class=""top""><span class=""chip c1"">章节：软件测试</span><span class=""chip c2"">领会</span><span class=""chip c3"">静态测试</span></div><h1>错误分析的变量类型分析、引用分析、表达式分析、接口分析</h1><div class=""q"">1）变量类型分析：在程序<span class=""blank"">______</span>语言中扩充新的<span class=""blank"">______</span>类型并预处理，以强化对源程序中数据类型的检查，便于分析变量类型<span class=""blank"">______</span>；2）引用分析：发现引用异常（变量在赋值前被引用、赋值后未被引用），需检查通过程序的每一条路径，可借助定义表和未引用表；3）表达式分析：发现不正确使用括号、数组下标越界、除数为零、对负数开平方或对π求正切、浮点计算误差等错误；4）接口分析：进行接口一致性的设计分析（模块间及与外部数据库间接口一致性）和程序接口的静态错误分析（形参与实参在类型、数量、维数、顺序、使用上的一致性，全局变量和公共数据区使用上的一致性）。</div>"	"<div class=""top""><span class=""chip c1"">章节：软件测试</span><span class=""chip c2"">领会</span><span class=""chip c3"">静态测试</span></div><h1>错误分析的变量类型分析、引用分析、表达式分析、接口分析</h1><div class=""a"">1）变量类型分析：在程序<span class=""hit"">设计</span>语言中扩充新的<span class=""hit"">数据</span>类型并预处理，以强化对源程序中<span class=""hit"">数据</span>类型的检查，便于分析变量类型<span class=""hit"">错误</span>；2）引用分析：发现引用异常（变量在赋值前被引用、赋值后未被引用），需检查通过程序的每一条路径，可借助定义表和未引用表；3）表达式分析：发现不正确使用括号、数组下标越界、除数为零、对负数开平方或对π求正切、浮点计算误差等<span class=""hit"">错误</span>；4）接口分析：进行接口一致性的<span class=""hit"">设计</span>分析（模块间及与外部<span class=""hit"">数据</span>库间接口一致性）和程序接口的静态<span class=""hit"">错误</span>分析（形参与实参在类型、数量、维数、顺序、使用上的一致性，全局变量和公共<span class=""hit"">数据</span>区使用上的一致性）。</div><div class=""ansbox"">挖空答案：<b>设计；数据；错误</b></div><div class=""pg"">教材页码：P172</div>"	软件测试 领会 静态测试 13005软件工程
"<div class=""top""><span class=""chip c1"">章节：软件测试</span><span class=""chip c2"">领会</span><span class=""chip c3"">静态测试</span></div><h1>人工测试的桌前检查、代码评审和走查</h1><div class=""q""><span class=""blank"">______</span>方法主要有桌前检查、<span class=""blank"">______</span>和走查，能有效发现30%~70%的逻辑设计和编码错误。桌前检查由程序员在程序通过编译后自行分析检查源程序、对照引用表和规格说明逐行检查并补充过渡性文档；代码评审由若干程序员和测试员组成评审小组，会前分发材料、会上由程序员逐句讲解程序逻辑、对照常见错误清单讨论审查；走查与代码评审基本相同，但会上让与会者充当计算机，用一批代表性<span class=""blank"">______</span>沿程序逻辑人工运行一遍，随时记录程序踪迹供分析讨论。</div>"	"<div class=""top""><span class=""chip c1"">章节：软件测试</span><span class=""chip c2"">领会</span><span class=""chip c3"">静态测试</span></div><h1>人工测试的桌前检查、代码评审和走查</h1><div class=""a""><span class=""hit"">人工测试</span>方法主要有桌前检查、<span class=""hit"">代码评审</span>和走查，能有效发现30%~70%的逻辑设计和编码错误。桌前检查由程序员在程序通过编译后自行分析检查源程序、对照引用表和规格说明逐行检查并补充过渡性文档；<span class=""hit"">代码评审</span>由若干程序员和测试员组成评审小组，会前分发材料、会上由程序员逐句讲解程序逻辑、对照常见错误清单讨论审查；走查与<span class=""hit"">代码评审</span>基本相同，但会上让与会者充当计算机，用一批代表性<span class=""hit"">测试用例</span>沿程序逻辑人工运行一遍，随时记录程序踪迹供分析讨论。</div><div class=""ansbox"">挖空答案：<b>人工测试；代码评审；测试用例</b></div><div class=""pg"">教材页码：P173</div>"	软件测试 领会 静态测试 13005软件工程
"<div class=""top""><span class=""chip c1"">章节：软件测试</span><span class=""chip c2"">识记</span><span class=""chip c3"">调试技术</span></div><h1>程序调试的任务</h1><div class=""q""><span class=""blank"">______</span>的目的是尽可能多地发现软件中的<span class=""blank"">______</span>，调试的<span class=""blank"">______</span>则是发现错误的原因和位置并改正程序中的错误。软件调试是在测试之后开始的工作。</div>"	"<div class=""top""><span class=""chip c1"">章节：软件测试</span><span class=""chip c2"">识记</span><span class=""chip c3"">调试技术</span></div><h1>程序调试的任务</h1><div class=""a""><span class=""hit"">软件测试</span>的目的是尽可能多地发现软件中的<span class=""hit"">错误</span>，调试的<span class=""hit"">任务</span>则是发现<span class=""hit"">错误</span>的原因和位置并改正程序中的<span class=""hit"">错误</span>。软件调试是在测试之后开始的工作。</div><div class=""ansbox"">挖空答案：<b>软件测试；错误；任务</b></div><div class=""pg"">教材页码：P174</div>"	软件测试 识记 调试技术 13005软件工程
"<div class=""top""><span class=""chip c1"">章节：软件测试</span><span class=""chip c2"">识记</span><span class=""chip c3"">调试技术</span></div><h1>调试活动的组成</h1><div class=""q""><span class=""blank"">______</span>活动由以下两部分组成：1）确定程序中可疑<span class=""blank"">______</span>的确切性质和位置；2）对程序（<span class=""blank"">______</span>、编码）进行修改，排除这个错误。</div>"	"<div class=""top""><span class=""chip c1"">章节：软件测试</span><span class=""chip c2"">识记</span><span class=""chip c3"">调试技术</span></div><h1>调试活动的组成</h1><div class=""a""><span class=""hit"">调试</span>活动由以下两部分组成：1）确定程序中可疑<span class=""hit"">错误</span>的确切性质和位置；2）对程序（<span class=""hit"">设计</span>、编码）进行修改，排除这个<span class=""hit"">错误</span>。</div><div class=""ansbox"">挖空答案：<b>调试；错误；设计</b></div><div class=""pg"">教材页码：P174</div>"	软件测试 识记 调试技术 13005软件工程
"<div class=""top""><span class=""chip c1"">章节：软件测试</span><span class=""chip c2"">识记</span><span class=""chip c3"">调试技术</span></div><h1>调试可采用的方法</h1><div class=""q"">调试可采用的方法有：<span class=""blank"">______</span>、<span class=""blank"">______</span>排错、归纳法排错、<span class=""blank"">______</span>排错。</div>"	"<div class=""top""><span class=""chip c1"">章节：软件测试</span><span class=""chip c2"">识记</span><span class=""chip c3"">调试技术</span></div><h1>调试可采用的方法</h1><div class=""a"">调试可采用的方法有：<span class=""hit"">强行排错</span>、<span class=""hit"">回溯法</span>排错、归纳法排错、<span class=""hit"">演绎法</span>排错。</div><div class=""ansbox"">挖空答案：<b>强行排错；回溯法；演绎法</b></div><div class=""pg"">教材页码：P175</div>"	软件测试 识记 调试技术 13005软件工程
"<div class=""top""><span class=""chip c1"">章节：软件测试</span><span class=""chip c2"">领会</span><span class=""chip c3"">调试技术</span></div><h1>程序调试的步骤</h1><div class=""q"">程序调试的步骤：1）从<span class=""blank"">______</span>的外部表现形式入手，确定程序出错的位置；2）研究有关部分的程序，找出错误的内在原因；3）修改<span class=""blank"">______</span>和代码以排除错误；4）重复进行暴露了这个错误的原始测试及其他有关测试，以确认是否排除了该错误以及是否引发了新的错误；5）如果所做的修正无效，则撤销这次改动，将程序恢复到修改之前的<span class=""blank"">______</span>，重复上述过程直到找到一个有效的解决办法为止。</div>"	"<div class=""top""><span class=""chip c1"">章节：软件测试</span><span class=""chip c2"">领会</span><span class=""chip c3"">调试技术</span></div><h1>程序调试的步骤</h1><div class=""a"">程序调试的步骤：1）从<span class=""hit"">错误</span>的外部表现形式入手，确定程序出错的位置；2）研究有关部分的程序，找出<span class=""hit"">错误</span>的内在原因；3）修改<span class=""hit"">设计</span>和代码以排除<span class=""hit"">错误</span>；4）重复进行暴露了这个<span class=""hit"">错误</span>的原始测试及其他有关测试，以确认是否排除了该<span class=""hit"">错误</span>以及是否引发了新的<span class=""hit"">错误</span>；5）如果所做的修正无效，则撤销这次改动，将程序恢复到修改之前的<span class=""hit"">状态</span>，重复上述过程直到找到一个有效的解决办法为止。</div><div class=""ansbox"">挖空答案：<b>错误；设计；状态</b></div><div class=""pg"">教材页码：P175</div>"	软件测试 领会 调试技术 13005软件工程
"<div class=""top""><span class=""chip c1"">章节：软件测试</span><span class=""chip c2"">领会</span><span class=""chip c3"">调试技术</span></div><h1>强行排错的方法</h1><div class=""q""><span class=""blank"">______</span>是使用较多、效率较低的调试方法，典型方法有：1）通过内存全部打印来排错，将存储器和寄存器全部内容打印出来寻找出错位置；2）在程序特定部位设置打印语句，插入到关键变量变化处、重要分支处、子程序调用处，跟踪程序执行、监视重要变量变化；3）利用自动调试工具（语言调试<span class=""blank"">______</span>或交互式调试工具）分析程序动态过程而不必修改程序，可设置断点在指定语句或变量变化时暂停程序观察<span class=""blank"">______</span>。</div>"	"<div class=""top""><span class=""chip c1"">章节：软件测试</span><span class=""chip c2"">领会</span><span class=""chip c3"">调试技术</span></div><h1>强行排错的方法</h1><div class=""a""><span class=""hit"">强行排错</span>是使用较多、效率较低的调试方法，典型方法有：1）通过内存全部打印来排错，将存储器和寄存器全部内容打印出来寻找出错位置；2）在程序特定部位设置打印语句，插入到关键变量变化处、重要分支处、子程序调用处，跟踪程序执行、监视重要变量变化；3）利用自动调试工具（语言调试<span class=""hit"">功能</span>或交互式调试工具）分析程序动态过程而不必修改程序，可设置断点在指定语句或变量变化时暂停程序观察<span class=""hit"">状态</span>。</div><div class=""ansbox"">挖空答案：<b>强行排错；功能；状态</b></div><div class=""pg"">教材页码：P175</div>"	软件测试 领会 调试技术 13005软件工程
"<div class=""top""><span class=""chip c1"">章节：软件测试</span><span class=""chip c2"">领会</span><span class=""chip c3"">调试技术</span></div><h1>回溯法排错的基本方法</h1><div class=""q""><span class=""blank"">______</span>适合小程序排错。发现<span class=""blank"">______</span>时先分析错误现象，确定最先发现错误表现的位置，然后沿程序的<span class=""blank"">______</span>流程回溯程序代码，直到找到错误根源或确定引发错误的程序代码范围。它能把错误范围缩小到程序中的一小段代码；但对于大程序，由于回溯路径数目较多，回溯会变得很困难。</div>"	"<div class=""top""><span class=""chip c1"">章节：软件测试</span><span class=""chip c2"">领会</span><span class=""chip c3"">调试技术</span></div><h1>回溯法排错的基本方法</h1><div class=""a""><span class=""hit"">回溯法</span>适合小程序排错。发现<span class=""hit"">错误</span>时先分析<span class=""hit"">错误</span>现象，确定最先发现<span class=""hit"">错误</span>表现的位置，然后沿程序的<span class=""hit"">控制</span>流程回溯程序代码，直到找到<span class=""hit"">错误</span>根源或确定引发<span class=""hit"">错误</span>的程序代码范围。它能把<span class=""hit"">错误</span>范围缩小到程序中的一小段代码；但对于大程序，由于回溯路径数目较多，回溯会变得很困难。</div><div class=""ansbox"">挖空答案：<b>回溯法；错误；控制</b></div><div class=""pg"">教材页码：P176</div>"	软件测试 领会 调试技术 13005软件工程
"<div class=""top""><span class=""chip c1"">章节：软件测试</span><span class=""chip c2"">领会</span><span class=""chip c3"">调试技术</span></div><h1>归纳法排错的步骤</h1><div class=""q"">归纳法排错从错误现象着手，通过分析它们之间的关系找出错误，步骤：1）收集有关的<span class=""blank"">______</span>，列出所有已知<span class=""blank"">______</span>和程序执行结果；2）<span class=""blank"">______</span>数据，整理数据以便发现规律；3）提出假设，分析相关线索间的关系，设计一个或多个关于出错原因的假设；4）证明假设，把假设与原始线索或数据比较，若能完全解释一切错误现象则假设得以证明，否则说明假设不合理或不完全。</div>"	"<div class=""top""><span class=""chip c1"">章节：软件测试</span><span class=""chip c2"">领会</span><span class=""chip c3"">调试技术</span></div><h1>归纳法排错的步骤</h1><div class=""a"">归纳法排错从错误现象着手，通过分析它们之间的关系找出错误，步骤：1）收集有关的<span class=""hit"">数据</span>，列出所有已知<span class=""hit"">测试用例</span>和程序执行结果；2）<span class=""hit"">组织</span><span class=""hit"">数据</span>，整理<span class=""hit"">数据</span>以便发现规律；3）提出假设，分析相关线索间的关系，设计一个或多个关于出错原因的假设；4）证明假设，把假设与原始线索或<span class=""hit"">数据</span>比较，若能完全解释一切错误现象则假设得以证明，否则说明假设不合理或不完全。</div><div class=""ansbox"">挖空答案：<b>数据；测试用例；组织</b></div><div class=""pg"">教材页码：P176</div>"	软件测试 领会 调试技术 13005软件工程
"<div class=""top""><span class=""chip c1"">章节：软件测试</span><span class=""chip c2"">领会</span><span class=""chip c3"">调试技术</span></div><h1>演绎法排错的主要步骤</h1><div class=""q"">演绎法排错是从一般原理或前提出发，经排除和精化推导出结论，4个主要<span class=""blank"">______</span>：1）假设所有可能出错的原因，将所有可能的<span class=""blank"">______</span>原因列成表；2）利用已有测试<span class=""blank"">______</span>排除不正确的假设，寻找矛盾之处排除不可能的假设；3）改变剩余假设，利用已知线索进一步改进余下的假设使之更具体化；4）证明剩余的假设。</div>"	"<div class=""top""><span class=""chip c1"">章节：软件测试</span><span class=""chip c2"">领会</span><span class=""chip c3"">调试技术</span></div><h1>演绎法排错的主要步骤</h1><div class=""a"">演绎法排错是从一般原理或前提出发，经排除和精化推导出结论，4个主要<span class=""hit"">步骤</span>：1）假设所有可能出错的原因，将所有可能的<span class=""hit"">错误</span>原因列成表；2）利用已有测试<span class=""hit"">数据</span>排除不正确的假设，寻找矛盾之处排除不可能的假设；3）改变剩余假设，利用已知线索进一步改进余下的假设使之更具体化；4）证明剩余的假设。</div><div class=""ansbox"">挖空答案：<b>步骤；错误；数据</b></div><div class=""pg"">教材页码：P177</div>"	软件测试 领会 调试技术 13005软件工程
"<div class=""top""><span class=""chip c1"">章节：软件测试</span><span class=""chip c2"">领会</span><span class=""chip c3"">调试技术</span></div><h1>确定错误性质与位置的原则</h1><div class=""q"">确定错误性质与位置的原则：1）用头脑去分析、思考与错误征兆有关的<span class=""blank"">______</span>，最有效的调试<span class=""blank"">______</span>是用头脑分析错误现象；2）避开死胡同，遇到久查无果时可暂时搁置或与他人讨论；3）只把调试<span class=""blank"">______</span>当作辅助手段来使用，工具不能代替思考；4）避免用试探法，最多把它当作最后手段，不要靠碰运气修改程序。</div>"	"<div class=""top""><span class=""chip c1"">章节：软件测试</span><span class=""chip c2"">领会</span><span class=""chip c3"">调试技术</span></div><h1>确定错误性质与位置的原则</h1><div class=""a"">确定错误性质与位置的原则：1）用头脑去分析、思考与错误征兆有关的<span class=""hit"">信息</span>，最有效的调试<span class=""hit"">方法</span>是用头脑分析错误现象；2）避开死胡同，遇到久查无果时可暂时搁置或与他人讨论；3）只把调试<span class=""hit"">工具</span>当作辅助手段来使用，<span class=""hit"">工具</span>不能代替思考；4）避免用试探法，最多把它当作最后手段，不要靠碰运气修改程序。</div><div class=""ansbox"">挖空答案：<b>信息；方法；工具</b></div><div class=""pg"">教材页码：P177</div>"	软件测试 领会 调试技术 13005软件工程
"<div class=""top""><span class=""chip c1"">章节：软件测试</span><span class=""chip c2"">领会</span><span class=""chip c3"">调试技术</span></div><h1>修改错误的原则</h1><div class=""q"">修改错误的原则：1）在出现错误的地方很可能还有别的错误（错误有群集现象），修改一个错误时还要查看其他错误；2）不要只修改错误的表现而不修改错误的本质，若修改不能解释与错误有关的全部线索，说明只修改了错误的一部分；3）修正一个错误的同时可能引入新错误，修改后必须进行<span class=""blank"">______</span>；4）修改错误的过程将迫使程序员暂时回到程序设计<span class=""blank"">______</span>，程序设计阶段的<span class=""blank"">______</span>都可应用；5）发现错误原因和位置后应修改源代码程序，而不要改变目标代码。</div>"	"<div class=""top""><span class=""chip c1"">章节：软件测试</span><span class=""chip c2"">领会</span><span class=""chip c3"">调试技术</span></div><h1>修改错误的原则</h1><div class=""a"">修改错误的原则：1）在出现错误的地方很可能还有别的错误（错误有群集现象），修改一个错误时还要查看其他错误；2）不要只修改错误的表现而不修改错误的本质，若修改不能解释与错误有关的全部线索，说明只修改了错误的一部分；3）修正一个错误的同时可能引入新错误，修改后必须进行<span class=""hit"">回归测试</span>；4）修改错误的过程将迫使程序员暂时回到程序设计<span class=""hit"">阶段</span>，程序设计<span class=""hit"">阶段</span>的<span class=""hit"">方法</span>都可应用；5）发现错误原因和位置后应修改源代码程序，而不要改变目标代码。</div><div class=""ansbox"">挖空答案：<b>回归测试；阶段；方法</b></div><div class=""pg"">教材页码：P177</div>"	软件测试 领会 调试技术 13005软件工程
"<div class=""top""><span class=""chip c1"">章节：软件测试</span><span class=""chip c2"">识记</span><span class=""chip c3"">软件测试工具</span></div><h1>静态分析工具的组成</h1><div class=""q"">静态分析工具一般由源程序的预处理器、<span class=""blank"">______</span>库、错误分析器和报告生成器4部分组成。预处理器把词法分析与语法分析结合以识别各种类型语句，源程序被划分为若干程序模块单元并生成包含变量使用、类型、标号与<span class=""blank"">______</span>流等信息的表格存入数据库；错误分析器在<span class=""blank"">______</span>指导下查错；报告生成器生成和输出检查结果表。</div>"	"<div class=""top""><span class=""chip c1"">章节：软件测试</span><span class=""chip c2"">识记</span><span class=""chip c3"">软件测试工具</span></div><h1>静态分析工具的组成</h1><div class=""a"">静态分析工具一般由源程序的预处理器、<span class=""hit"">数据</span>库、错误分析器和报告生成器4部分组成。预处理器把词法分析与语法分析结合以识别各种类型语句，源程序被划分为若干程序模块单元并生成包含变量使用、类型、标号与<span class=""hit"">控制</span>流等信息的表格存入<span class=""hit"">数据</span>库；错误分析器在<span class=""hit"">用户</span>指导下查错；报告生成器生成和输出检查结果表。</div><div class=""ansbox"">挖空答案：<b>数据；控制；用户</b></div><div class=""pg"">教材页码：P178</div>"	软件测试 识记 软件测试工具 13005软件工程
"<div class=""top""><span class=""chip c1"">章节：软件测试</span><span class=""chip c2"">识记</span><span class=""chip c3"">软件测试工具</span></div><h1>测试数据自动生成工具的分类</h1><div class=""q"">根据<span class=""blank"">______</span>不同，测试<span class=""blank"">______</span>自动生成工具主要分为：1）<span class=""blank"">______</span>数据生成工具；2）随机测试数据生成工具；3）根据数据规格说明生成测试数据的生成工具。</div>"	"<div class=""top""><span class=""chip c1"">章节：软件测试</span><span class=""chip c2"">识记</span><span class=""chip c3"">软件测试工具</span></div><h1>测试数据自动生成工具的分类</h1><div class=""a"">根据<span class=""hit"">功能</span>不同，测试<span class=""hit"">数据</span>自动生成工具主要分为：1）<span class=""hit"">路径测试</span><span class=""hit"">数据</span>生成工具；2）随机测试<span class=""hit"">数据</span>生成工具；3）根据<span class=""hit"">数据</span>规格说明生成测试<span class=""hit"">数据</span>的生成工具。</div><div class=""ansbox"">挖空答案：<b>功能；数据；路径测试</b></div><div class=""pg"">教材页码：P180</div>"	软件测试 识记 软件测试工具 13005软件工程
"<div class=""top""><span class=""chip c1"">章节：软件测试</span><span class=""chip c2"">识记</span><span class=""chip c3"">软件测试工具</span></div><h1>动态测试工具按功能的分类</h1><div class=""q"">动态测试<span class=""blank"">______</span>按<span class=""blank"">______</span>分为：测试<span class=""blank"">______</span>监视程序、断言处理程序、符号执行程序及测试结果分析程序。</div>"	"<div class=""top""><span class=""chip c1"">章节：软件测试</span><span class=""chip c2"">识记</span><span class=""chip c3"">软件测试工具</span></div><h1>动态测试工具按功能的分类</h1><div class=""a"">动态测试<span class=""hit"">工具</span>按<span class=""hit"">功能</span>分为：测试<span class=""hit"">覆盖</span>监视程序、断言处理程序、符号执行程序及测试结果分析程序。</div><div class=""ansbox"">挖空答案：<b>工具；功能；覆盖</b></div><div class=""pg"">教材页码：P179</div>"	软件测试 识记 软件测试工具 13005软件工程
"<div class=""top""><span class=""chip c1"">章节：软件测试</span><span class=""chip c2"">领会</span><span class=""chip c3"">软件测试工具</span></div><h1>静态分析工具的功能</h1><div class=""q"">静态分析工具不需执行被测程序，它扫描文档和程序正文，对<span class=""blank"">______</span>和控制流进行分析后输出测试报告，<span class=""blank"">______</span>包括：1）检查变量是否都已定义、是否引用未定义变量、是否有已赋值但从未使用的变量；2）检查模块接口一致性（形参与实参个数类型、输入输出参数、数组维数下标、全局变量定义等）；3）检查逻辑上可能有错误的<span class=""blank"">______</span>及不可执行的程序段；4）建立变量/语句交叉引用表、子程序调用顺序表等以追踪错误影响；5）检查违反编程标准的错误；6）对源语句出现次数、标识符使用、孤立代码段等静态特性进行统计。</div>"	"<div class=""top""><span class=""chip c1"">章节：软件测试</span><span class=""chip c2"">领会</span><span class=""chip c3"">软件测试工具</span></div><h1>静态分析工具的功能</h1><div class=""a"">静态分析工具不需执行被测程序，它扫描文档和程序正文，对<span class=""hit"">数据流</span>和控制流进行分析后输出测试报告，<span class=""hit"">功能</span>包括：1）检查变量是否都已定义、是否引用未定义变量、是否有已赋值但从未使用的变量；2）检查模块接口一致性（形参与实参个数类型、输入输出参数、数组维数下标、全局变量定义等）；3）检查逻辑上可能有错误的<span class=""hit"">结构</span>及不可执行的程序段；4）建立变量/语句交叉引用表、子程序调用顺序表等以追踪错误影响；5）检查违反编程标准的错误；6）对源语句出现次数、标识符使用、孤立代码段等静态特性进行统计。</div><div class=""ansbox"">挖空答案：<b>数据流；功能；结构</b></div><div class=""pg"">教材页码：P178</div>"	软件测试 领会 软件测试工具 13005软件工程
"<div class=""top""><span class=""chip c1"">章节：软件测试</span><span class=""chip c2"">领会</span><span class=""chip c3"">软件测试工具</span></div><h1>测试覆盖监视程序的工作过程</h1><div class=""q"">测试覆盖监视程序主要用在<span class=""blank"">______</span>测试中，可监视测试的实际覆盖程度，工作过程分3个<span class=""blank"">______</span>：1）对所测试程序做预处理；2）编译预处理后的源程序并运行目标程序，利用探针监视、检查程序的动态行为，收集与统计有关的信息；3）一组测试后，按要求输出某语句执行次数、某转移发生次数、某赋值语句数值范围、某子程序运行时间及被<span class=""blank"">______</span>次数等，从而发现从未执行的语句、不应执行而执行了的语句、下标越界、除数为零等异常情况。</div>"	"<div class=""top""><span class=""chip c1"">章节：软件测试</span><span class=""chip c2"">领会</span><span class=""chip c3"">软件测试工具</span></div><h1>测试覆盖监视程序的工作过程</h1><div class=""a"">测试覆盖监视程序主要用在<span class=""hit"">结构</span>测试中，可监视测试的实际覆盖程度，工作过程分3个<span class=""hit"">阶段</span>：1）对所测试程序做预处理；2）编译预处理后的源程序并运行目标程序，利用探针监视、检查程序的动态行为，收集与统计有关的信息；3）一组测试后，按要求输出某语句执行次数、某转移发生次数、某赋值语句数值范围、某子程序运行时间及被<span class=""hit"">调用</span>次数等，从而发现从未执行的语句、不应执行而执行了的语句、下标越界、除数为零等异常情况。</div><div class=""ansbox"">挖空答案：<b>结构；阶段；调用</b></div><div class=""pg"">教材页码：P179</div>"	软件测试 领会 软件测试工具 13005软件工程
"<div class=""top""><span class=""chip c1"">章节：软件测试</span><span class=""chip c2"">领会</span><span class=""chip c3"">软件测试工具</span></div><h1>动态断言处理程序的工作过程</h1><div class=""q"">动态断言处理程序的工作<span class=""blank"">______</span>：1）对源程序做预处理，为注释语句中的每一个断言插入一段相应的检验程序；2）运行经过预处理的程序，验证实际运行结果与断言所规定的逻辑<span class=""blank"">______</span>是否一致，并统计断言成立或不成立的次数，发现断言不成立时记录现场<span class=""blank"">______</span>，可在不成立次数达指定值时终止程序；3）一组测试结束后，程序输出统计结果、现场信息，供测试人员分析。</div>"	"<div class=""top""><span class=""chip c1"">章节：软件测试</span><span class=""chip c2"">领会</span><span class=""chip c3"">软件测试工具</span></div><h1>动态断言处理程序的工作过程</h1><div class=""a"">动态断言处理程序的工作<span class=""hit"">过程</span>：1）对源程序做预处理，为注释语句中的每一个断言插入一段相应的检验程序；2）运行经过预处理的程序，验证实际运行结果与断言所规定的逻辑<span class=""hit"">状态</span>是否一致，并统计断言成立或不成立的次数，发现断言不成立时记录现场<span class=""hit"">信息</span>，可在不成立次数达指定值时终止程序；3）一组测试结束后，程序输出统计结果、现场<span class=""hit"">信息</span>，供测试人员分析。</div><div class=""ansbox"">挖空答案：<b>过程；状态；信息</b></div><div class=""pg"">教材页码：P179</div>"	软件测试 领会 软件测试工具 13005软件工程
"<div class=""top""><span class=""chip c1"">章节：软件测试</span><span class=""chip c2"">领会</span><span class=""chip c3"">软件测试工具</span></div><h1>符号执行结果的两个用途</h1><div class=""q"">符号执行结果有两个用途：其一是可以检查公式的执行结果是否达到程序预期的目的；其二是通<span class=""blank"">______</span>序的符号执行产生程序的路径，为进一步自动生成测试<span class=""blank"">______</span>提供条件。</div>"	"<div class=""top""><span class=""chip c1"">章节：软件测试</span><span class=""chip c2"">领会</span><span class=""chip c3"">软件测试工具</span></div><h1>符号执行结果的两个用途</h1><div class=""a"">符号执行结果有两个用途：其一是可以检查公式的执行结果是否达到程序预期的目的；其二是通<span class=""hit"">过程</span>序的符号执行产生程序的路径，为进一步自动生成测试<span class=""hit"">数据</span>提供条件。</div><div class=""ansbox"">挖空答案：<b>过程；数据</b></div><div class=""pg"">教材页码：P179</div>"	软件测试 领会 软件测试工具 13005软件工程
"<div class=""top""><span class=""chip c1"">章节：软件测试</span><span class=""chip c2"">领会</span><span class=""chip c3"">软件测试工具</span></div><h1>测试结果分析程序的功能</h1><div class=""q"">测试结果分析程序的功能包括调节分析、<span class=""blank"">______</span>、时间分析、<span class=""blank"">______</span>利用：1）调节分析：确定所测程序哪部分执行次数最多、最少甚至未执行；2）成本估算：确定哪些部分执行开销最大；3）时间分析：报告某程序或其部分的CPU执行时间；4）资源利用：分析与硬件和<span class=""blank"">______</span>软件相关的资源利用情况。</div>"	"<div class=""top""><span class=""chip c1"">章节：软件测试</span><span class=""chip c2"">领会</span><span class=""chip c3"">软件测试工具</span></div><h1>测试结果分析程序的功能</h1><div class=""a"">测试结果分析程序的功能包括调节分析、<span class=""hit"">成本估算</span>、时间分析、<span class=""hit"">资源</span>利用：1）调节分析：确定所测程序哪部分执行次数最多、最少甚至未执行；2）<span class=""hit"">成本估算</span>：确定哪些部分执行开销最大；3）时间分析：报告某程序或其部分的CPU执行时间；4）<span class=""hit"">资源</span>利用：分析与硬件和<span class=""hit"">系统</span>软件相关的<span class=""hit"">资源</span>利用情况。</div><div class=""ansbox"">挖空答案：<b>成本估算；资源；系统</b></div><div class=""pg"">教材页码：P180</div>"	软件测试 领会 软件测试工具 13005软件工程
"<div class=""top""><span class=""chip c1"">章节：软件测试</span><span class=""chip c2"">领会</span><span class=""chip c3"">软件测试工具</span></div><h1>模块测试台的功能</h1><div class=""q"">模块测试台是承担生成<span class=""blank"">______</span>和<span class=""blank"">______</span>这类模块的工具，它提供一种专门的<span class=""blank"">______</span>描述语言，负责将输入数据传送给被测试模块，然后将实际输出结果与期望结果进行比较以找出错误。除此之外还具有：语句跟踪、动态断言、覆盖度量、建立用户自定义符号的符号表、生成内容表、生成某种格式的输出等功能。</div>"	"<div class=""top""><span class=""chip c1"">章节：软件测试</span><span class=""chip c2"">领会</span><span class=""chip c3"">软件测试工具</span></div><h1>模块测试台的功能</h1><div class=""a"">模块测试台是承担生成<span class=""hit"">驱动模块</span>和<span class=""hit"">桩模块</span>这类模块的工具，它提供一种专门的<span class=""hit"">测试用例</span>描述语言，负责将输入数据传送给被测试模块，然后将实际输出结果与期望结果进行比较以找出错误。除此之外还具有：语句跟踪、动态断言、覆盖度量、建立用户自定义符号的符号表、生成内容表、生成某种格式的输出等功能。</div><div class=""ansbox"">挖空答案：<b>驱动模块；桩模块；测试用例</b></div><div class=""pg"">教材页码：P180</div>"	软件测试 领会 软件测试工具 13005软件工程
"<div class=""top""><span class=""chip c1"">章节：软件测试</span><span class=""chip c2"">领会</span><span class=""chip c3"">软件测试工具</span></div><h1>集成测试</h1><div class=""q"">集成化测试系统（<span class=""blank"">______</span>环境）将环境模拟程序、代码检查程序、测试文档生成程序、测试执行验证程序、输出比较程序、程序正确性证明程序等多种不同的自动测试功能集成在一个测试系统中，管理测试过程并提供自动化<span class=""blank"">______</span>功能；一个组装测试系统可涵盖从<span class=""blank"">______</span>到组装测试以及基于网络的端到端测试等各个方面，能大大提高测试效率和质量。</div>"	"<div class=""top""><span class=""chip c1"">章节：软件测试</span><span class=""chip c2"">领会</span><span class=""chip c3"">软件测试工具</span></div><h1>集成测试</h1><div class=""a"">集成化测试系统（<span class=""hit"">组装测试</span>环境）将环境模拟程序、代码检查程序、测试文档生成程序、测试执行验证程序、输出比较程序、程序正确性证明程序等多种不同的自动测试功能集成在一个测试系统中，管理测试过程并提供自动化<span class=""hit"">软件测试</span>功能；一个<span class=""hit"">组装测试</span>系统可涵盖从<span class=""hit"">单元测试</span>到<span class=""hit"">组装测试</span>以及基于网络的端到端测试等各个方面，能大大提高测试效率和质量。</div><div class=""ansbox"">挖空答案：<b>组装测试；软件测试；单元测试</b></div><div class=""pg"">教材页码：P180</div>"	软件测试 领会 软件测试工具 13005软件工程
"<div class=""top""><span class=""chip c1"">章节：软件测试</span><span class=""chip c2"">领会</span><span class=""chip c3"">软件测试工具</span></div><h1>环境的构成和作用</h1><div class=""q""><span class=""blank"">______</span>环境（集成化测试系统）的构成包括环境模拟程序、代码检查程序、测试文档生成程序、测试执行验证程序、输出比较程序、程序正确性证明程序等多种自动测试工具。其作用是将多种不同的自动测试功能集成于一体，统一管理测试过程、提供自动化<span class=""blank"">______</span>功能，覆盖从<span class=""blank"">______</span>到组装测试及端到端测试等各个方面，从而大大提高测试效率和质量。</div>"	"<div class=""top""><span class=""chip c1"">章节：软件测试</span><span class=""chip c2"">领会</span><span class=""chip c3"">软件测试工具</span></div><h1>环境的构成和作用</h1><div class=""a""><span class=""hit"">组装测试</span>环境（集成化测试系统）的构成包括环境模拟程序、代码检查程序、测试文档生成程序、测试执行验证程序、输出比较程序、程序正确性证明程序等多种自动测试工具。其作用是将多种不同的自动测试功能集成于一体，统一管理测试过程、提供自动化<span class=""hit"">软件测试</span>功能，覆盖从<span class=""hit"">单元测试</span>到<span class=""hit"">组装测试</span>及端到端测试等各个方面，从而大大提高测试效率和质量。</div><div class=""ansbox"">挖空答案：<b>组装测试；软件测试；单元测试</b></div><div class=""pg"">教材页码：P180</div>"	软件测试 领会 软件测试工具 13005软件工程
"<div class=""top""><span class=""chip c1"">章节：软件测试</span><span class=""chip c2"">本章重点</span></div><h1>软件测试的目标、对象、步骤</h1><div class=""q"">本章重点：掌握<span class=""blank"">______</span>（为发现程序错误而执行程序的过程）、基本步骤（单元测试→组装测试→确认测试→系统测试）、目标（以最少时间和人力找出软件中尽可能多的错误和缺陷）、对象（<span class=""blank"">______</span>说明、概要设计和<span class=""blank"">______</span>规格说明、源程序）以及测试应遵循的各项原则。</div>"	"<div class=""top""><span class=""chip c1"">章节：软件测试</span><span class=""chip c2"">本章重点</span></div><h1>软件测试的目标、对象、步骤</h1><div class=""a"">本章重点：掌握<span class=""hit"">软件测试的定义</span>（为发现程序错误而执行程序的过程）、基本步骤（单元测试→组装测试→确认测试→系统测试）、目标（以最少时间和人力找出软件中尽可能多的错误和缺陷）、对象（<span class=""hit"">需求分析</span>说明、概要设计和<span class=""hit"">详细设计</span>规格说明、源程序）以及测试应遵循的各项原则。</div><div class=""ansbox"">挖空答案：<b>软件测试的定义；需求分析；详细设计</b></div><div class=""pg"">教材页码：P181</div>"	软件测试 本章重点 13005软件工程
"<div class=""top""><span class=""chip c1"">章节：软件测试</span><span class=""chip c2"">本章重点</span></div><h1>软件测试的黑盒法、白盒法、穷举测试法、选择测试法、边界值分析法</h1><div class=""q"">本章重点：掌握黑盒测试（不考虑内部结构、依据外部功能设计用例，含<span class=""blank"">______</span>法）、<span class=""blank"">______</span>（依据内部逻辑结构设计用例，含语句、判定、条件、判定-条件、条件组合、路径覆盖）、穷举测试（一切可能输入都执行一遍）、选择测试（选有代表性用例有限测试）、<span class=""blank"">______</span>（针对输入/输出边界选取正好等于、刚刚大于或小于边界的值）的原理、原则及测试用例设计方法。</div>"	"<div class=""top""><span class=""chip c1"">章节：软件测试</span><span class=""chip c2"">本章重点</span></div><h1>软件测试的黑盒法、白盒法、穷举测试法、选择测试法、边界值分析法</h1><div class=""a"">本章重点：掌握黑盒测试（不考虑内部结构、依据外部功能设计用例，含<span class=""hit"">等价类划分</span>法）、<span class=""hit"">白盒测试</span>（依据内部逻辑结构设计用例，含语句、判定、条件、判定-条件、条件组合、路径覆盖）、穷举测试（一切可能输入都执行一遍）、选择测试（选有代表性用例有限测试）、<span class=""hit"">边界值分析</span>（针对输入/输出边界选取正好等于、刚刚大于或小于边界的值）的原理、原则及测试用例设计方法。</div><div class=""ansbox"">挖空答案：<b>等价类划分；白盒测试；边界值分析</b></div><div class=""pg"">教材页码：P181</div>"	软件测试 本章重点 13005软件工程
"<div class=""top""><span class=""chip c1"">章节：软件测试</span><span class=""chip c2"">本章重点</span></div><h1>软件组装测试的方法</h1><div class=""q"">本章重点：掌握软件组装测试的方法，包括<span class=""blank"">______</span>测试，以及增殖式组装测试中的<span class=""blank"">______</span>组装（主模块作驱动、用桩模块代替下属模块，需编写桩模块）、<span class=""blank"">______</span>组装（从最底层模块开始、用驱动模块控制并行测试）、混合组装（演变的自顶向下、自底向上-自顶向下、回归测试等方式），并能比较各方式的优缺点。</div>"	"<div class=""top""><span class=""chip c1"">章节：软件测试</span><span class=""chip c2"">本章重点</span></div><h1>软件组装测试的方法</h1><div class=""a"">本章重点：掌握软件组装测试的方法，包括<span class=""hit"">一次性组装</span>测试，以及增殖式组装测试中的<span class=""hit"">自顶向下</span>组装（主模块作驱动、用桩模块代替下属模块，需编写桩模块）、<span class=""hit"">自底向上</span>组装（从最底层模块开始、用驱动模块控制并行测试）、混合组装（演变的<span class=""hit"">自顶向下</span>、<span class=""hit"">自底向上</span>-<span class=""hit"">自顶向下</span>、回归测试等方式），并能比较各方式的优缺点。</div><div class=""ansbox"">挖空答案：<b>一次性组装；自顶向下；自底向上</b></div><div class=""pg"">教材页码：P181</div>"	软件测试 本章重点 13005软件工程
"<div class=""top""><span class=""chip c1"">章节：软件测试</span><span class=""chip c2"">本章重点</span></div><h1>软件的调试方法</h1><div class=""q"">本章重点：掌握软件调试的任务（发现错误原因和位置并改正错误）、调试的步骤，以及<span class=""blank"">______</span>、<span class=""blank"">______</span>排错、归纳法排错、<span class=""blank"">______</span>排错四种调试方法，和确定错误性质与位置、修改错误所应遵循的原则。</div>"	"<div class=""top""><span class=""chip c1"">章节：软件测试</span><span class=""chip c2"">本章重点</span></div><h1>软件的调试方法</h1><div class=""a"">本章重点：掌握软件调试的任务（发现错误原因和位置并改正错误）、调试的步骤，以及<span class=""hit"">强行排错</span>、<span class=""hit"">回溯法</span>排错、归纳法排错、<span class=""hit"">演绎法</span>排错四种调试方法，和确定错误性质与位置、修改错误所应遵循的原则。</div><div class=""ansbox"">挖空答案：<b>强行排错；回溯法；演绎法</b></div><div class=""pg"">教材页码：P181</div>"	软件测试 本章重点 13005软件工程
"<div class=""top""><span class=""chip c1"">章节：软件测试</span><span class=""chip c2"">本章重点</span></div><h1>静态测试和动态测试方法</h1><div class=""q"">本章重点：掌握静态测试和动态测试方法。静态测试不执行被测程序，包括程序静态分析（生成各种引用表、静态错误分析）和人工测试（桌前检查、代码评审、走查）；动态测试在设定测试数据上执行被测程序，包括<span class=""blank"">______</span>、<span class=""blank"">______</span>及<span class=""blank"">______</span>等方法。</div>"	"<div class=""top""><span class=""chip c1"">章节：软件测试</span><span class=""chip c2"">本章重点</span></div><h1>静态测试和动态测试方法</h1><div class=""a"">本章重点：掌握静态测试和动态测试方法。静态测试不执行被测程序，包括程序静态分析（生成各种引用表、静态错误分析）和人工测试（桌前检查、代码评审、走查）；动态测试在设定测试数据上执行被测程序，包括<span class=""hit"">黑盒测试</span>、<span class=""hit"">白盒测试</span>及<span class=""hit"">边界值分析</span>等方法。</div><div class=""ansbox"">挖空答案：<b>黑盒测试；白盒测试；边界值分析</b></div><div class=""pg"">教材页码：P181</div>"	软件测试 本章重点 13005软件工程
"<div class=""top""><span class=""chip c1"">章节：软件测试</span><span class=""chip c2"">本章难点</span></div><h1>根据具体问题选择合适的测试方法,设计黑盒法、白盒法、边界值分析、选择测试的测试用例</h1><div class=""q"">本章难点：根据具体问题选择合适的<span class=""blank"">______</span>，并能设计黑盒法、白盒法、<span class=""blank"">______</span>、选择测试的测试用例。即针对具体程序，综合运用<span class=""blank"">______</span>、各种逻辑覆盖（语句/判定/条件/判定-条件/条件组合/路径覆盖）、边界值分析等技术，合理选取代表性测试数据，以较少用例发现尽可能多的错误。</div>"	"<div class=""top""><span class=""chip c1"">章节：软件测试</span><span class=""chip c2"">本章难点</span></div><h1>根据具体问题选择合适的测试方法,设计黑盒法、白盒法、边界值分析、选择测试的测试用例</h1><div class=""a"">本章难点：根据具体问题选择合适的<span class=""hit"">测试方法</span>，并能设计黑盒法、白盒法、<span class=""hit"">边界值分析</span>、选择测试的测试用例。即针对具体程序，综合运用<span class=""hit"">等价类划分</span>、各种逻辑覆盖（语句/判定/条件/判定-条件/条件组合/路径覆盖）、<span class=""hit"">边界值分析</span>等技术，合理选取代表性测试数据，以较少用例发现尽可能多的错误。</div><div class=""ansbox"">挖空答案：<b>测试方法；边界值分析；等价类划分</b></div><div class=""pg"">教材页码：P181</div>"	软件测试 本章难点 13005软件工程
"<div class=""top""><span class=""chip c1"">章节：软件维护</span><span class=""chip c2"">识记</span><span class=""chip c3"">软件维护概述</span></div><h1>软件维护的定义</h1><div class=""q""><span class=""blank"">______</span>就是在软件已经交付使用之后，为了改正<span class=""blank"">______</span>或满足新的需要而修改软件的<span class=""blank"">______</span>。</div>"	"<div class=""top""><span class=""chip c1"">章节：软件维护</span><span class=""chip c2"">识记</span><span class=""chip c3"">软件维护概述</span></div><h1>软件维护的定义</h1><div class=""a""><span class=""hit"">软件维护</span>就是在软件已经交付使用之后，为了改正<span class=""hit"">错误</span>或满足新的需要而修改软件的<span class=""hit"">过程</span>。</div><div class=""ansbox"">挖空答案：<b>软件维护；错误；过程</b></div><div class=""pg"">教材页码：P184</div>"	软件维护 识记 软件维护概述 13005软件工程
"<div class=""top""><span class=""chip c1"">章节：软件维护</span><span class=""chip c2"">识记</span><span class=""chip c3"">软件维护概述</span></div><h1>软件维护的原因</h1><div class=""q"">引起软件维护的原因可归纳为3点：1）<span class=""blank"">______</span>在使用<span class=""blank"">______</span>中发现了软件测试<span class=""blank"">______</span>没有发现的错误；2）软件在使用过程中环境发生变化（如更换了新的操作系统、更新了设备等）；3）用户在使用软件过程中产生了新的需求。</div>"	"<div class=""top""><span class=""chip c1"">章节：软件维护</span><span class=""chip c2"">识记</span><span class=""chip c3"">软件维护概述</span></div><h1>软件维护的原因</h1><div class=""a"">引起软件维护的原因可归纳为3点：1）<span class=""hit"">用户</span>在使用<span class=""hit"">软件过程</span>中发现了软件测试<span class=""hit"">阶段</span>没有发现的错误；2）软件在使用过程中环境发生变化（如更换了新的操作系统、更新了设备等）；3）<span class=""hit"">用户</span>在使用<span class=""hit"">软件过程</span>中产生了新的需求。</div><div class=""ansbox"">挖空答案：<b>用户；软件过程；阶段</b></div><div class=""pg"">教材页码：P184</div>"	软件维护 识记 软件维护概述 13005软件工程
"<div class=""top""><span class=""chip c1"">章节：软件维护</span><span class=""chip c2"">识记</span><span class=""chip c3"">软件维护概述</span></div><h1>软件维护的分类</h1><div class=""q"">由不同原因引起的软件维护分为4类：1）<span class=""blank"">______</span>——在软件交付使用后，为识别和纠正软件错误、改正软件性能上的缺陷、排除实施中的误使用而进行的诊断和改正错误的过程；2）<span class=""blank"">______</span>——为使软件适应外部环境（新的硬件及软件配置）或数据环境（数据库、数据格式、数据输入/输出方式、数据存储介质）的变化而修改软件的过程；3）<span class=""blank"">______</span>——为满足用户新的功能与性能要求，扩充软件功能、增强软件性能、改进加工效率、提高可维护性而进行的维护活动（几种维护活动中占比最大，约占整个维护工作的50%）；4）预防性维护——为提高软件的可维护性、可靠性等，为以后进一步改进软件打下良好基础所进行的软件维护。</div>"	"<div class=""top""><span class=""chip c1"">章节：软件维护</span><span class=""chip c2"">识记</span><span class=""chip c3"">软件维护概述</span></div><h1>软件维护的分类</h1><div class=""a"">由不同原因引起的软件维护分为4类：1）<span class=""hit"">改正性维护</span>——在软件交付使用后，为识别和纠正软件错误、改正软件性能上的缺陷、排除实施中的误使用而进行的诊断和改正错误的过程；2）<span class=""hit"">适应性维护</span>——为使软件适应外部环境（新的硬件及软件配置）或数据环境（数据库、数据格式、数据输入/输出方式、数据存储介质）的变化而修改软件的过程；3）<span class=""hit"">完善性维护</span>——为满足用户新的功能与性能要求，扩充软件功能、增强软件性能、改进加工效率、提高可维护性而进行的维护活动（几种维护活动中占比最大，约占整个维护工作的50%）；4）预防性维护——为提高软件的可维护性、可靠性等，为以后进一步改进软件打下良好基础所进行的软件维护。</div><div class=""ansbox"">挖空答案：<b>改正性维护；适应性维护；完善性维护</b></div><div class=""pg"">教材页码：P185</div>"	软件维护 识记 软件维护概述 13005软件工程
"<div class=""top""><span class=""chip c1"">章节：软件维护</span><span class=""chip c2"">领会</span><span class=""chip c3"">软件维护概述</span></div><h1>影响维护工作量的因素</h1><div class=""q"">影响<span class=""blank"">______</span>工作量的因素主要有：1）软件系统的规模——系统越大、功能越复杂，理解越困难，维护工作量越高（可用程序语句数、程序数、输入输出文件数、数据库所占字节数及预定义用户报表数度量）；2）程序设计语言——语言功能越强，完成相同功能所需代码行越少；用较老语言编写、逻辑复杂混乱、未做到模块化和结构化的程序可读性差，维护困难；3）系统年龄——老系统随不断修改结构越来越乱、人员更换频繁、程序越来越难理解，且多未按<span class=""blank"">______</span>要求开发、文档缺失或与程序不一致，维护工作量更大；4）数据库工具等可减少生成用户报表应用软件的维护工作量；5）先进的软件开发技术——采用<span class=""blank"">______</span>技术、软件复用技术等使软件结构稳定的分析设计与程序设计技术，可减少大量维护工作量。此外应用类型、数学模型、任务难度、IF语句嵌套深度、索引数或下标数等也有影响。</div>"	"<div class=""top""><span class=""chip c1"">章节：软件维护</span><span class=""chip c2"">领会</span><span class=""chip c3"">软件维护概述</span></div><h1>影响维护工作量的因素</h1><div class=""a"">影响<span class=""hit"">软件维护</span>工作量的因素主要有：1）软件系统的规模——系统越大、功能越复杂，理解越困难，维护工作量越高（可用程序语句数、程序数、输入输出文件数、数据库所占字节数及预定义用户报表数度量）；2）程序设计语言——语言功能越强，完成相同功能所需代码行越少；用较老语言编写、逻辑复杂混乱、未做到模块化和结构化的程序可读性差，维护困难；3）系统年龄——老系统随不断修改结构越来越乱、人员更换频繁、程序越来越难理解，且多未按<span class=""hit"">软件工程</span>要求开发、文档缺失或与程序不一致，维护工作量更大；4）数据库工具等可减少生成用户报表应用软件的维护工作量；5）先进的软件开发技术——采用<span class=""hit"">面向对象</span>技术、软件复用技术等使软件结构稳定的分析设计与程序设计技术，可减少大量维护工作量。此外应用类型、数学模型、任务难度、IF语句嵌套深度、索引数或下标数等也有影响。</div><div class=""ansbox"">挖空答案：<b>软件维护；软件工程；面向对象</b></div><div class=""pg"">教材页码：P185</div>"	软件维护 领会 软件维护概述 13005软件工程
"<div class=""top""><span class=""chip c1"">章节：软件维护</span><span class=""chip c2"">领会</span><span class=""chip c3"">软件维护概述</span></div><h1>改正性维护、适应性维护和完善性维护采取的不同策略</h1><div class=""q"">针对三类维护采取不同策略以控制维护成本：（1）<span class=""blank"">______</span>——通过使用新技术（数据库管理系统、软件开发环境、程序自动生成系统、较高级程序设计语言）提高可靠性、减少改正性维护需要；并利用4种方法产生更可靠的软件：利用应用软件包、采用结构化技术开发、利用防错性程序设计（把自检功能引入程序）、通过周期性维护审查在问题形成前确定质量问题。（2）<span class=""blank"">______</span>——虽不可避免但可控制：配置管理时把硬件、操作系统等环境因素可能变化考虑在内；把与硬件、操作系统及外围设备有关的程序归到特定程序模块中，将环境变化引起的修改局限于某些模块；使用内部程序列表、外部文件及处理的例行程序包为修改提供方便。（3）<span class=""blank"">______</span>——利用前两类方法（特别是数据库管理系统、程序生成器、应用软件包）减少工作量；建立软件系统的原型并在实际开发前提供给用户，用户通过研究原型进一步完善功能要求，减少以后完善性维护的需要。</div>"	"<div class=""top""><span class=""chip c1"">章节：软件维护</span><span class=""chip c2"">领会</span><span class=""chip c3"">软件维护概述</span></div><h1>改正性维护、适应性维护和完善性维护采取的不同策略</h1><div class=""a"">针对三类维护采取不同策略以控制维护成本：（1）<span class=""hit"">改正性维护</span>——通过使用新技术（数据库管理系统、软件开发环境、程序自动生成系统、较高级程序设计语言）提高可靠性、减少<span class=""hit"">改正性维护</span>需要；并利用4种方法产生更可靠的软件：利用应用软件包、采用结构化技术开发、利用防错性程序设计（把自检功能引入程序）、通过周期性维护审查在问题形成前确定质量问题。（2）<span class=""hit"">适应性维护</span>——虽不可避免但可控制：配置管理时把硬件、操作系统等环境因素可能变化考虑在内；把与硬件、操作系统及外围设备有关的程序归到特定程序模块中，将环境变化引起的修改局限于某些模块；使用内部程序列表、外部文件及处理的例行程序包为修改提供方便。（3）<span class=""hit"">完善性维护</span>——利用前两类方法（特别是数据库管理系统、程序生成器、应用软件包）减少工作量；建立软件系统的原型并在实际开发前提供给用户，用户通过研究原型进一步完善功能要求，减少以后<span class=""hit"">完善性维护</span>的需要。</div><div class=""ansbox"">挖空答案：<b>改正性维护；适应性维护；完善性维护</b></div><div class=""pg"">教材页码：P186</div>"	软件维护 领会 软件维护概述 13005软件工程
"<div class=""top""><span class=""chip c1"">章节：软件维护</span><span class=""chip c2"">领会</span><span class=""chip c3"">软件维护概述</span></div><h1>维护工作量的模型</h1><div class=""q""><span class=""blank"">______</span>工作量模型：M = p + Kc − d。其中M是维护中消耗的总工作量，P是生产性工作量，K是一个经验常数，c是因缺乏好的设计和文档而导致复杂性的度量，d是对软件熟悉程度的度量。该模型表明，如果使用了不好的软件开发<span class=""blank"">______</span>、软件文档不齐全、程序难以理解、原来参加开发的人员或小组不能参加维护、维护人员对软件不熟悉，则工作量及<span class=""blank"">______</span>将按指数级增加。</div>"	"<div class=""top""><span class=""chip c1"">章节：软件维护</span><span class=""chip c2"">领会</span><span class=""chip c3"">软件维护概述</span></div><h1>维护工作量的模型</h1><div class=""a""><span class=""hit"">软件维护</span>工作量模型：M = p + Kc − d。其中M是维护中消耗的总工作量，P是生产性工作量，K是一个经验常数，c是因缺乏好的设计和文档而导致复杂性的度量，d是对软件熟悉程度的度量。该模型表明，如果使用了不好的软件开发<span class=""hit"">方法</span>、软件文档不齐全、程序难以理解、原来参加开发的人员或小组不能参加维护、维护人员对软件不熟悉，则工作量及<span class=""hit"">成本</span>将按指数级增加。</div><div class=""ansbox"">挖空答案：<b>软件维护；方法；成本</b></div><div class=""pg"">教材页码：P187</div>"	软件维护 领会 软件维护概述 13005软件工程
"<div class=""top""><span class=""chip c1"">章节：软件维护</span><span class=""chip c2"">识记</span><span class=""chip c3"">软件维护的过程</span></div><h1>软件维护期间对程序进行修改的3个步骤</h1><div class=""q""><span class=""blank"">______</span>期间对源程序的修改不能无<span class=""blank"">______</span>地仓促上阵，为了正确、有效地修改程序，需要经历3个<span class=""blank"">______</span>：分析理解程序、修改程序、重新验证程序。</div>"	"<div class=""top""><span class=""chip c1"">章节：软件维护</span><span class=""chip c2"">识记</span><span class=""chip c3"">软件维护的过程</span></div><h1>软件维护期间对程序进行修改的3个步骤</h1><div class=""a""><span class=""hit"">软件维护</span>期间对源程序的修改不能无<span class=""hit"">计划</span>地仓促上阵，为了正确、有效地修改程序，需要经历3个<span class=""hit"">步骤</span>：分析理解程序、修改程序、重新验证程序。</div><div class=""ansbox"">挖空答案：<b>软件维护；计划；步骤</b></div><div class=""pg"">教材页码：P189</div>"	软件维护 识记 软件维护的过程 13005软件工程
"<div class=""top""><span class=""chip c1"">章节：软件维护</span><span class=""chip c2"">领会</span><span class=""chip c3"">软件维护的过程</span></div><h1>维护机构的组织及组织内的分工</h1><div class=""q"">为有效组织软件维护，应确立正式或非正式的<span class=""blank"">______</span>。组织及分工：将软件<span class=""blank"">______</span>报告提交给维护管理员，维护管理员把申请交给某个系统监督员去评价；系统监督员是技术人员，必须熟悉产品程序的某一部分；系统监督员评价后由修改负责人确定如何进行修改；在维护人员对程序进行修改过程中，由<span class=""blank"">______</span>员严格把关，控制修改的范围，对软件配置进行审计。维护管理员、系统监督员、修改负责人等代表维护工作中承担某类工作的角色，修改负责人和维护管理员可以是指定的某个人或包括管理人员、高级技术人员在内的小组，系统监督员也可同时承担其他角色但应具体分管某一个软件包。开始维护前就把责任明确、为人员指定角色、规定不同角色所承担责任，可大大减少维护过程中的混乱。</div>"	"<div class=""top""><span class=""chip c1"">章节：软件维护</span><span class=""chip c2"">领会</span><span class=""chip c3"">软件维护的过程</span></div><h1>维护机构的组织及组织内的分工</h1><div class=""a"">为有效组织软件维护，应确立正式或非正式的<span class=""hit"">维护机构</span>。组织及分工：将软件<span class=""hit"">维护申请</span>报告提交给维护管理员，维护管理员把申请交给某个系统监督员去评价；系统监督员是技术人员，必须熟悉产品程序的某一部分；系统监督员评价后由修改负责人确定如何进行修改；在维护人员对程序进行修改过程中，由<span class=""hit"">配置管理</span>员严格把关，控制修改的范围，对软件配置进行审计。维护管理员、系统监督员、修改负责人等代表维护工作中承担某类工作的角色，修改负责人和维护管理员可以是指定的某个人或包括管理人员、高级技术人员在内的小组，系统监督员也可同时承担其他角色但应具体分管某一个软件包。开始维护前就把责任明确、为人员指定角色、规定不同角色所承担责任，可大大减少维护过程中的混乱。</div><div class=""ansbox"">挖空答案：<b>维护机构；维护申请；配置管理</b></div><div class=""pg"">教材页码：P187</div>"	软件维护 领会 软件维护的过程 13005软件工程
"<div class=""top""><span class=""chip c1"">章节：软件维护</span><span class=""chip c2"">领会</span><span class=""chip c3"">软件维护的过程</span></div><h1>维护申请报告的内容</h1><div class=""q""><span class=""blank"">______</span>申请报告由申请维护的用户填写：若遇到一个错误，用户必须完整说明产生错误的情况，包括输入数据、错误清单及其他有关材料；若申请的是<span class=""blank"">______</span>或<span class=""blank"">______</span>，用户必须提出一份修改说明书，列出所有希望的修改，维护申请报告由维护管理员和系统监督员研究处理。软件组织内部还应形成相应的软件修改报告，说明：1）所需修改变动的性质；2）申请修改的优先级；3）为完成该维护内容所需的工作量；4）预计修改后的状况。软件修改报告应提交给修改负责人，经批准后才能开始进一步安排维护工作。</div>"	"<div class=""top""><span class=""chip c1"">章节：软件维护</span><span class=""chip c2"">领会</span><span class=""chip c3"">软件维护的过程</span></div><h1>维护申请报告的内容</h1><div class=""a""><span class=""hit"">软件维护</span>申请报告由申请维护的用户填写：若遇到一个错误，用户必须完整说明产生错误的情况，包括输入数据、错误清单及其他有关材料；若申请的是<span class=""hit"">适应性维护</span>或<span class=""hit"">完善性维护</span>，用户必须提出一份修改说明书，列出所有希望的修改，维护申请报告由维护管理员和系统监督员研究处理。软件组织内部还应形成相应的软件修改报告，说明：1）所需修改变动的性质；2）申请修改的优先级；3）为完成该维护内容所需的工作量；4）预计修改后的状况。软件修改报告应提交给修改负责人，经批准后才能开始进一步安排维护工作。</div><div class=""ansbox"">挖空答案：<b>软件维护；适应性维护；完善性维护</b></div><div class=""pg"">教材页码：P188</div>"	软件维护 领会 软件维护的过程 13005软件工程
"<div class=""top""><span class=""chip c1"">章节：软件维护</span><span class=""chip c2"">领会</span><span class=""chip c3"">软件维护的过程</span></div><h1>软件维护工作的一般步骤</h1><div class=""q"">软件维护工作的一般步骤：第一步确认维护要求——维护人员与用户反复协商，弄清错误概况及对业务的影响大小、用户希望做的修改，并把这些情况存入故障数据库；第二步由维护管理员确认维护类型。对<span class=""blank"">______</span>从评价错误的严重性开始：存在严重错误则安排人员在系统监督员指导下进行问题分析、寻找错误原因、进行紧急维护；不严重的错误按轻重缓急排队统一安排时间。对适应性和<span class=""blank"">______</span>先确定每项申请的优先次序，优先级非常高可立即开始，否则和其他开发工作一样排队统一安排时间。尽管<span class=""blank"">______</span>类型不同，但都要进行同样的技术工作：修改软件需求说明、修改软件设计、进行设计评审、对源程序做必要修改、进行软件测试、进行软件配置评审等。</div>"	"<div class=""top""><span class=""chip c1"">章节：软件维护</span><span class=""chip c2"">领会</span><span class=""chip c3"">软件维护的过程</span></div><h1>软件维护工作的一般步骤</h1><div class=""a"">软件维护工作的一般步骤：第一步确认维护要求——维护人员与用户反复协商，弄清错误概况及对业务的影响大小、用户希望做的修改，并把这些情况存入故障数据库；第二步由维护管理员确认维护类型。对<span class=""hit"">改正性维护</span>从评价错误的严重性开始：存在严重错误则安排人员在系统监督员指导下进行问题分析、寻找错误原因、进行紧急维护；不严重的错误按轻重缓急排队统一安排时间。对适应性和<span class=""hit"">完善性维护</span>先确定每项申请的优先次序，优先级非常高可立即开始，否则和其他开发工作一样排队统一安排时间。尽管<span class=""hit"">维护申请</span>类型不同，但都要进行同样的技术工作：修改软件需求说明、修改软件设计、进行设计评审、对源程序做必要修改、进行软件测试、进行软件配置评审等。</div><div class=""ansbox"">挖空答案：<b>改正性维护；完善性维护；维护申请</b></div><div class=""pg"">教材页码：P188</div>"	软件维护 领会 软件维护的过程 13005软件工程
"<div class=""top""><span class=""chip c1"">章节：软件维护</span><span class=""chip c2"">领会</span><span class=""chip c3"">软件维护的过程</span></div><h1>维护档案记录</h1><div class=""q"">为估计<span class=""blank"">______</span>的有效程度、确定软件产品的质量及维护的实际开销，需在<span class=""blank"">______</span>中做好维护档案记录，内容包括：程序名称、源程序语句条数、机器代码指令条数、所用的程序设计语言、程序安装的日期、安装后的运行次数、与运行次数有关的故障处理次数、程序改变的层次及名称、修改所增加的源程序语句条数、修改所减少的源程序语句条数、每次修改所付出的“人时”数、修改程序的日期、软件维护人员的姓名、<span class=""blank"">______</span>报告的名称、维护类型、维护开始时间和结束时间、花费在维护上的累计“人时”数、维护工作的净收益等。对每项维护任务都应收集上述数据。</div>"	"<div class=""top""><span class=""chip c1"">章节：软件维护</span><span class=""chip c2"">领会</span><span class=""chip c3"">软件维护的过程</span></div><h1>维护档案记录</h1><div class=""a"">为估计<span class=""hit"">软件维护</span>的有效程度、确定软件产品的质量及维护的实际开销，需在<span class=""hit"">维护过程</span>中做好维护档案记录，内容包括：程序名称、源程序语句条数、机器代码指令条数、所用的程序设计语言、程序安装的日期、安装后的运行次数、与运行次数有关的故障处理次数、程序改变的层次及名称、修改所增加的源程序语句条数、修改所减少的源程序语句条数、每次修改所付出的“人时”数、修改程序的日期、<span class=""hit"">软件维护</span>人员的姓名、<span class=""hit"">维护申请</span>报告的名称、维护类型、维护开始时间和结束时间、花费在维护上的累计“人时”数、维护工作的净收益等。对每项维护任务都应收集上述数据。</div><div class=""ansbox"">挖空答案：<b>软件维护；维护过程；维护申请</b></div><div class=""pg"">教材页码：P189</div>"	软件维护 领会 软件维护的过程 13005软件工程
"<div class=""top""><span class=""chip c1"">章节：软件维护</span><span class=""chip c2"">领会</span><span class=""chip c3"">软件维护的过程</span></div><h1>维护性能方面的度量值</h1><div class=""q"">如果<span class=""blank"">______</span>做得比较好，就可以得出一些维护性能方面的度量值，可参考的有：1）每次程序运行时的平均出错次数；2）花费在每类维护上的总“<span class=""blank"">______</span>”数；3）每个程序、每种语言、每种维护类型的程序平均修改次数；4）用于每种语言的平均“人时”数；5）<span class=""blank"">______</span>报告的平均处理时间；6）各类维护申请的百分比。这些度量值提供了定量数据，据此可对开发技术、语言选择、维护工作计划、资源分配以及其他许多方面做出判定，用来评价维护工作。</div>"	"<div class=""top""><span class=""chip c1"">章节：软件维护</span><span class=""chip c2"">领会</span><span class=""chip c3"">软件维护的过程</span></div><h1>维护性能方面的度量值</h1><div class=""a"">如果<span class=""hit"">维护档案记录</span>做得比较好，就可以得出一些维护性能方面的度量值，可参考的有：1）每次程序运行时的平均出错次数；2）花费在每类维护上的总“<span class=""hit"">人时</span>”数；3）每个程序、每种语言、每种维护类型的程序平均修改次数；4）用于每种语言的平均“<span class=""hit"">人时</span>”数；5）<span class=""hit"">维护申请</span>报告的平均处理时间；6）各类<span class=""hit"">维护申请</span>的百分比。这些度量值提供了定量数据，据此可对开发技术、语言选择、维护工作计划、资源分配以及其他许多方面做出判定，用来评价维护工作。</div><div class=""ansbox"">挖空答案：<b>维护档案记录；人时；维护申请</b></div><div class=""pg"">教材页码：P189</div>"	软件维护 领会 软件维护的过程 13005软件工程
"<div class=""top""><span class=""chip c1"">章节：软件维护</span><span class=""chip c2"">领会</span><span class=""chip c3"">软件维护的过程</span></div><h1>分析理解程序必须完成的工作和所采取的方法</h1><div class=""q"">分析理解程序必须完成的工作：1）理解程序的功能和目标；2）掌握程序的<span class=""blank"">______</span>（从程序中细分出程序系统结构、控制结构、数据结构和输入/输出结构等结构成分）；3）了解数据流信息（数据来自何处、在哪里被使用）；4）了解控制流信息（执行每条路径的结果）；5）理解程序的操作要求。所采取的方法是<span class=""blank"">______</span>地理解现有源程序的程序结构和数据结构：1）分析程序<span class=""blank"">______</span>（搜集存储该程序的所有文件、记下过程名、建立过程名和文件名文件、建立直接调用矩阵或调用树、分析各过程接口并估计更改复杂性）；2）数据跟踪（建立各层次程序级接口图，利用数据流分析方法对过程内部变量进行跟踪）；3）控制流跟踪（在结构图或源程序基础上，采用符号执行或实际动态跟踪方法了解数据如何从输入源到达输出点）；4）充分阅读和使用源程序清单和文档，分析现有文档的合理性；5）充分使用编译程序或汇编程序提供的交叉引用表、符号表等有用信息；6）如有可能积极参加开发工作。</div>"	"<div class=""top""><span class=""chip c1"">章节：软件维护</span><span class=""chip c2"">领会</span><span class=""chip c3"">软件维护的过程</span></div><h1>分析理解程序必须完成的工作和所采取的方法</h1><div class=""a"">分析理解程序必须完成的工作：1）理解程序的功能和目标；2）掌握程序的<span class=""hit"">结构</span>（从程序中细分出程序系统<span class=""hit"">结构</span>、控制<span class=""hit"">结构</span>、数据<span class=""hit"">结构</span>和输入/输出<span class=""hit"">结构</span>等<span class=""hit"">结构</span>成分）；3）了解数据流信息（数据来自何处、在哪里被使用）；4）了解控制流信息（执行每条路径的结果）；5）理解程序的操作要求。所采取的方法是<span class=""hit"">自顶向下</span>地理解现有源程序的程序<span class=""hit"">结构</span>和数据<span class=""hit"">结构</span>：1）分析程序<span class=""hit"">结构图</span>（搜集存储该程序的所有文件、记下过程名、建立过程名和文件名文件、建立直接调用矩阵或调用树、分析各过程接口并估计更改复杂性）；2）数据跟踪（建立各层次程序级接口图，利用数据流分析方法对过程内部变量进行跟踪）；3）控制流跟踪（在<span class=""hit"">结构图</span>或源程序基础上，采用符号执行或实际动态跟踪方法了解数据如何从输入源到达输出点）；4）充分阅读和使用源程序清单和文档，分析现有文档的合理性；5）充分使用编译程序或汇编程序提供的交叉引用表、符号表等有用信息；6）如有可能积极参加开发工作。</div><div class=""ansbox"">挖空答案：<b>结构；自顶向下；结构图</b></div><div class=""pg"">教材页码：P189</div>"	软件维护 领会 软件维护的过程 13005软件工程
"<div class=""top""><span class=""chip c1"">章节：软件维护</span><span class=""chip c2"">领会</span><span class=""chip c3"">软件维护的过程</span></div><h1>程序修改计划的内容及程序修改的方法</h1><div class=""q"">程序修改计划的内容主要包括：1）规格说明信息（数据修改、处理修改、作业控制语言修改、系统之间接口的修改等）；2）维护<span class=""blank"">______</span>（新程序版本、测试数据、所需的软件系统等）；3）人员（程序员、<span class=""blank"">______</span>相关人员、技术支持人员、厂家联系人、数据录入人员等）；4）需要的工作资源（纸、笔、计算机媒体等）。修改程序的方法通常采用<span class=""blank"">______</span>：研究程序的各个模块、模块的接口及数据库，从全局观点提出修改计划；依次把要修改的以及受修改影响的模块和数据结构分离出来；详细分析其内部细节，设计修改计划，标明新逻辑及要改动的现有逻辑；向用户提供回避措施（问题原因未找到时先按现象提供回避操作方法或打补丁人工运行；弄清原因后通过临时修改或改变运行控制回避问题）。</div>"	"<div class=""top""><span class=""chip c1"">章节：软件维护</span><span class=""chip c2"">领会</span><span class=""chip c3"">软件维护的过程</span></div><h1>程序修改计划的内容及程序修改的方法</h1><div class=""a"">程序修改计划的内容主要包括：1）规格说明信息（数据修改、处理修改、作业控制语言修改、系统之间接口的修改等）；2）维护<span class=""hit"">资源</span>（新程序版本、测试数据、所需的软件系统等）；3）人员（程序员、<span class=""hit"">用户</span>相关人员、技术支持人员、厂家联系人、数据录入人员等）；4）需要的工作<span class=""hit"">资源</span>（纸、笔、计算机媒体等）。修改程序的方法通常采用<span class=""hit"">自顶向下</span>：研究程序的各个模块、模块的接口及数据库，从全局观点提出修改计划；依次把要修改的以及受修改影响的模块和数据结构分离出来；详细分析其内部细节，设计修改计划，标明新逻辑及要改动的现有逻辑；向<span class=""hit"">用户</span>提供回避措施（问题原因未找到时先按现象提供回避操作方法或打补丁人工运行；弄清原因后通过临时修改或改变运行控制回避问题）。</div><div class=""ansbox"">挖空答案：<b>资源；用户；自顶向下</b></div><div class=""pg"">教材页码：P190</div>"	软件维护 领会 软件维护的过程 13005软件工程
"<div class=""top""><span class=""chip c1"">章节：软件维护</span><span class=""chip c2"">领会</span><span class=""chip c3"">软件维护的过程</span></div><h1>修改程序时应遵循的要求</h1><div class=""q"">修改程序时应遵循以下要求：1）正确、有效地编写修改程序；2）谨慎修改程序，尽量保持程序的风格及格式，要在程序清单上注明改动的指令；3）不要删除程序语句，除非确定它是无用的；4）不要试图共用程序中已有的临时变量或工作区，为避免冲突或混淆用途应自行设置自己的变量；5）插入<span class=""blank"">______</span>检测语句；6）修改<span class=""blank"">______</span>中做好修改的详细记录，消除<span class=""blank"">______</span>中任何有害的副作用（波动效应）。</div>"	"<div class=""top""><span class=""chip c1"">章节：软件维护</span><span class=""chip c2"">领会</span><span class=""chip c3"">软件维护的过程</span></div><h1>修改程序时应遵循的要求</h1><div class=""a"">修改程序时应遵循以下要求：1）正确、有效地编写修改程序；2）谨慎修改程序，尽量保持程序的风格及格式，要在程序清单上注明改动的指令；3）不要删除程序语句，除非确定它是无用的；4）不要试图共用程序中已有的临时变量或工作区，为避免冲突或混淆用途应自行设置自己的变量；5）插入<span class=""hit"">错误</span>检测语句；6）修改<span class=""hit"">过程</span>中做好修改的详细记录，消除<span class=""hit"">变更</span>中任何有害的副作用（波动效应）。</div><div class=""ansbox"">挖空答案：<b>错误；过程；变更</b></div><div class=""pg"">教材页码：P191</div>"	软件维护 领会 软件维护的过程 13005软件工程
"<div class=""top""><span class=""chip c1"">章节：软件维护</span><span class=""chip c2"">领会</span><span class=""chip c3"">软件维护的过程</span></div><h1>重新验证程序的方法</h1><div class=""q"">重新验证程序的方法：（1）静态确认——修改软件伴随引起新错误的危险，验证修改后的程序至少需要两个人参加，检查：修改是否涉及规格说明、结果是否符合规格说明、有无误解规格说明；程序的修改是否足以修正问题、源程序代码有无逻辑错误、有无修补失误；修改部分对其他部分有无副作用。（2）计算机确认（<span class=""blank"">______</span>）——先对修改部分测试，然后隔离修改部分测试程序未修改部分，最后把它们组合起来测试；准备标准的<span class=""blank"">______</span>；充分利用软件工具帮助重新验证；邀请<span class=""blank"">______</span>参加重新确认。（3）维护后的验收——交付新软件前维护主管部门检验：全部文档完备并已更新；所有测试用例和测试结果已正确记载；记录软件配置所有副本的工作已完成；维护工序和责任已经确定。</div>"	"<div class=""top""><span class=""chip c1"">章节：软件维护</span><span class=""chip c2"">领会</span><span class=""chip c3"">软件维护的过程</span></div><h1>重新验证程序的方法</h1><div class=""a"">重新验证程序的方法：（1）静态确认——修改软件伴随引起新错误的危险，验证修改后的程序至少需要两个人参加，检查：修改是否涉及规格说明、结果是否符合规格说明、有无误解规格说明；程序的修改是否足以修正问题、源程序代码有无逻辑错误、有无修补失误；修改部分对其他部分有无副作用。（2）计算机确认（<span class=""hit"">确认测试</span>）——先对修改部分测试，然后隔离修改部分测试程序未修改部分，最后把它们组合起来测试；准备标准的<span class=""hit"">测试用例</span>；充分利用软件工具帮助重新验证；邀请<span class=""hit"">用户</span>参加重新确认。（3）维护后的验收——交付新软件前维护主管部门检验：全部文档完备并已更新；所有<span class=""hit"">测试用例</span>和测试结果已正确记载；记录软件配置所有副本的工作已完成；维护工序和责任已经确定。</div><div class=""ansbox"">挖空答案：<b>确认测试；测试用例；用户</b></div><div class=""pg"">教材页码：P191</div>"	软件维护 领会 软件维护的过程 13005软件工程
"<div class=""top""><span class=""chip c1"">章节：软件维护</span><span class=""chip c2"">领会</span><span class=""chip c3"">软件维护的过程</span></div><h1>修改代码的副作用</h1><div class=""q"">在使用程序<span class=""blank"">______</span>语言修改源代码时可能引入<span class=""blank"">______</span>。例如，删除或修改一个子程序、删除或修改一个标号、删除或修改一个标识符、改变程序代码的时序关系、改变占用存储的大小、改变逻辑运算符、修改文件的打开或关闭、把设计上的改变翻译成代码的改变、为边界条件的逻辑测试做出改变时，都容易引入错误。</div>"	"<div class=""top""><span class=""chip c1"">章节：软件维护</span><span class=""chip c2"">领会</span><span class=""chip c3"">软件维护的过程</span></div><h1>修改代码的副作用</h1><div class=""a"">在使用程序<span class=""hit"">设计</span>语言修改源代码时可能引入<span class=""hit"">错误</span>。例如，删除或修改一个子程序、删除或修改一个标号、删除或修改一个标识符、改变程序代码的时序关系、改变占用存储的大小、改变逻辑运算符、修改文件的打开或关闭、把<span class=""hit"">设计</span>上的改变翻译成代码的改变、为边界条件的逻辑测试做出改变时，都容易引入<span class=""hit"">错误</span>。</div><div class=""ansbox"">挖空答案：<b>设计；错误</b></div><div class=""pg"">教材页码：P192</div>"	软件维护 领会 软件维护的过程 13005软件工程
"<div class=""top""><span class=""chip c1"">章节：软件维护</span><span class=""chip c2"">领会</span><span class=""chip c3"">软件维护的过程</span></div><h1>数据的副作用</h1><div class=""q"">在修改数据<span class=""blank"">______</span>时，可能造成软件<span class=""blank"">______</span>与数据结构不匹配，因而导致软件出错。数据的副作用就是修改软件信息结构导致的结果。例如，重新定义局部的或全局的常量、重新定义记录或文件的格式、增大或减小一个数组或高层数据结构的大小、修改全局或公共数据、重新初始化<span class=""blank"">______</span>标志或指针、重新排列输入/输出或子程序的参数时，容易导致设计与数据不相容的错误。数据的副作用可以通过详细的设计文档加以控制，在此文档中描述一种交叉引用，把数据元素、记录、文件和其他结构联系起来。</div>"	"<div class=""top""><span class=""chip c1"">章节：软件维护</span><span class=""chip c2"">领会</span><span class=""chip c3"">软件维护的过程</span></div><h1>数据的副作用</h1><div class=""a"">在修改数据<span class=""hit"">结构</span>时，可能造成软件<span class=""hit"">设计</span>与数据<span class=""hit"">结构</span>不匹配，因而导致软件出错。数据的副作用就是修改软件信息<span class=""hit"">结构</span>导致的结果。例如，重新定义局部的或全局的常量、重新定义记录或文件的格式、增大或减小一个数组或高层数据<span class=""hit"">结构</span>的大小、修改全局或公共数据、重新初始化<span class=""hit"">控制</span>标志或指针、重新排列输入/输出或子程序的参数时，容易导致<span class=""hit"">设计</span>与数据不相容的错误。数据的副作用可以通过详细的<span class=""hit"">设计</span>文档加以<span class=""hit"">控制</span>，在此文档中描述一种交叉引用，把数据元素、记录、文件和其他<span class=""hit"">结构</span>联系起来。</div><div class=""ansbox"">挖空答案：<b>结构；设计；控制</b></div><div class=""pg"">教材页码：P192</div>"	软件维护 领会 软件维护的过程 13005软件工程
"<div class=""top""><span class=""chip c1"">章节：软件维护</span><span class=""chip c2"">领会</span><span class=""chip c3"">软件维护的过程</span></div><h1>文档的副作用</h1><div class=""q"">对<span class=""blank"">______</span>、软件<span class=""blank"">______</span>、模块逻辑或任何其他有关特性进行修改时，必须对相关技术文档进行相应修改，否则会导致文档与程序功能不匹配、缺省条件改变、新错误信息不正确等错误，使软件文档不能反映软件的当前状态。如果对可执行软件的修改不反映在文档里，就会产生文档的副作用。例如对交互输入的顺序或格式进行的修改没有正确记入文档，就可能引起重大问题；过时的文档内容、索引和文本可能造成冲突，引起<span class=""blank"">______</span>的操作失败和不满。因此必须在软件交付之前对整个软件配置进行评审，以减少文档的副作用。</div>"	"<div class=""top""><span class=""chip c1"">章节：软件维护</span><span class=""chip c2"">领会</span><span class=""chip c3"">软件维护的过程</span></div><h1>文档的副作用</h1><div class=""a"">对<span class=""hit"">数据流</span>、软件<span class=""hit"">结构</span>、模块逻辑或任何其他有关特性进行修改时，必须对相关技术文档进行相应修改，否则会导致文档与程序功能不匹配、缺省条件改变、新错误信息不正确等错误，使软件文档不能反映软件的当前状态。如果对可执行软件的修改不反映在文档里，就会产生文档的副作用。例如对交互输入的顺序或格式进行的修改没有正确记入文档，就可能引起重大问题；过时的文档内容、索引和文本可能造成冲突，引起<span class=""hit"">用户</span>的操作失败和不满。因此必须在软件交付之前对整个软件配置进行评审，以减少文档的副作用。</div><div class=""ansbox"">挖空答案：<b>数据流；结构；用户</b></div><div class=""pg"">教材页码：P192</div>"	软件维护 领会 软件维护的过程 13005软件工程
"<div class=""top""><span class=""chip c1"">章节：软件维护</span><span class=""chip c2"">识记</span><span class=""chip c3"">软件的可维护性</span></div><h1>软件可维护性的定义</h1><div class=""q"">软件<span class=""blank"">______</span>是指纠正软件系统出现的错误和缺陷，以及为满足新的要求进行软件修改的容易程度。可维护性、可使用性、可靠性是衡量<span class=""blank"">______</span>的3个主要质量特性，也是<span class=""blank"">______</span>十分关心的方面。提高软件的可维护性是软件开发各阶段的关键目标。</div>"	"<div class=""top""><span class=""chip c1"">章节：软件维护</span><span class=""chip c2"">识记</span><span class=""chip c3"">软件的可维护性</span></div><h1>软件可维护性的定义</h1><div class=""a"">软件<span class=""hit"">可维护性</span>是指纠正软件系统出现的错误和缺陷，以及为满足新的要求进行软件修改的容易程度。<span class=""hit"">可维护性</span>、可使用性、可靠性是衡量<span class=""hit"">软件质量</span>的3个主要质量特性，也是<span class=""hit"">用户</span>十分关心的方面。提高软件的<span class=""hit"">可维护性</span>是软件开发各阶段的关键目标。</div><div class=""ansbox"">挖空答案：<b>可维护性；软件质量；用户</b></div><div class=""pg"">教材页码：P192</div>"	软件维护 识记 软件的可维护性 13005软件工程
"<div class=""top""><span class=""chip c1"">章节：软件维护</span><span class=""chip c2"">识记</span><span class=""chip c3"">软件的可维护性</span></div><h1>衡量软件可维护性的7个指标</h1><div class=""q"">目前常用7个指标衡量软件的<span class=""blank"">______</span>：<span class=""blank"">______</span>、可测试性、可修改性、可靠性、<span class=""blank"">______</span>、可使用性、效率。对于不同类型的维护，这7个指标的侧重点也不相同（表6-1标明在各类维护中应侧重的可维护性指标）。为使每个指标都达到预定要求，需在软件开发的各个阶段采取相应措施加以保证，即将对各项指标的要求渗透到软件开发的各个阶段和步骤中。</div>"	"<div class=""top""><span class=""chip c1"">章节：软件维护</span><span class=""chip c2"">识记</span><span class=""chip c3"">软件的可维护性</span></div><h1>衡量软件可维护性的7个指标</h1><div class=""a"">目前常用7个指标衡量软件的<span class=""hit"">可维护性</span>：<span class=""hit"">可理解性</span>、可测试性、可修改性、可靠性、<span class=""hit"">可移植性</span>、可使用性、效率。对于不同类型的维护，这7个指标的侧重点也不相同（表6-1标明在各类维护中应侧重的<span class=""hit"">可维护性</span>指标）。为使每个指标都达到预定要求，需在软件开发的各个阶段采取相应措施加以保证，即将对各项指标的要求渗透到软件开发的各个阶段和步骤中。</div><div class=""ansbox"">挖空答案：<b>可维护性；可理解性；可移植性</b></div><div class=""pg"">教材页码：P193</div>"	软件维护 识记 软件的可维护性 13005软件工程
"<div class=""top""><span class=""chip c1"">章节：软件维护</span><span class=""chip c2"">识记</span><span class=""chip c3"">软件的可维护性</span></div><h1>可理解性的定义</h1><div class=""q""><span class=""blank"">______</span>表明人们通过阅读源代码和相关文档，了解程序功能及其内部<span class=""blank"">______</span>的容易程度。对于可理解性，可使用一种叫作“<span class=""blank"">______</span>”的方法来衡量：把一份待测试的源程序拿给一位有经验的程序员阅读10分钟，然后把源程序拿开，让这位程序员凭自己的理解和记忆重写该程序，如果程序员能写出该程序的90%，则认为这个程序具有可理解性，否则该程序应该重新编写。</div>"	"<div class=""top""><span class=""chip c1"">章节：软件维护</span><span class=""chip c2"">识记</span><span class=""chip c3"">软件的可维护性</span></div><h1>可理解性的定义</h1><div class=""a""><span class=""hit"">可理解性</span>表明人们通过阅读源代码和相关文档，了解程序功能及其内部<span class=""hit"">结构</span>的容易程度。对于<span class=""hit"">可理解性</span>，可使用一种叫作“<span class=""hit"">90-10测试</span>”的方法来衡量：把一份待测试的源程序拿给一位有经验的程序员阅读10分钟，然后把源程序拿开，让这位程序员凭自己的理解和记忆重写该程序，如果程序员能写出该程序的90%，则认为这个程序具有<span class=""hit"">可理解性</span>，否则该程序应该重新编写。</div><div class=""ansbox"">挖空答案：<b>可理解性；结构；90-10测试</b></div><div class=""pg"">教材页码：P193</div>"	软件维护 识记 软件的可维护性 13005软件工程
"<div class=""top""><span class=""chip c1"">章节：软件维护</span><span class=""chip c2"">识记</span><span class=""chip c3"">软件的可维护性</span></div><h1>可靠性的定义及度量可靠性的方法</h1><div class=""q"">可靠性表明一个程序按照<span class=""blank"">______</span>的要求和<span class=""blank"">______</span>目标，在给定的一段时间内正确执行的概率。可靠性的度量标准主要有平均失效间隔时间、平均修复时间和有效性。度量可靠性的<span class=""blank"">______</span>主要有两类：1）根据程序错误统计数字进行可靠性预测——常用方法是利用一些可靠性模型，根据程序测试时发现并排除的错误数量预测平均失效间隔时间；2）根据程序的复杂性预测软件可靠性——利用程序复杂性度量标准预测哪些模块最可能发生错误以及可能出现的错误类型；复杂度低的程序错误容易被发现和定位、修改后可靠性提高，复杂度较高的程序错误难以发现和定位、可靠性较低。</div>"	"<div class=""top""><span class=""chip c1"">章节：软件维护</span><span class=""chip c2"">识记</span><span class=""chip c3"">软件的可维护性</span></div><h1>可靠性的定义及度量可靠性的方法</h1><div class=""a"">可靠性表明一个程序按照<span class=""hit"">用户</span>的要求和<span class=""hit"">设计</span>目标，在给定的一段时间内正确执行的概率。可靠性的度量标准主要有平均失效间隔时间、平均修复时间和有效性。度量可靠性的<span class=""hit"">方法</span>主要有两类：1）根据程序错误统计数字进行可靠性预测——常用<span class=""hit"">方法</span>是利用一些可靠性模型，根据程序测试时发现并排除的错误数量预测平均失效间隔时间；2）根据程序的复杂性预测软件可靠性——利用程序复杂性度量标准预测哪些模块最可能发生错误以及可能出现的错误类型；复杂度低的程序错误容易被发现和定位、修改后可靠性提高，复杂度较高的程序错误难以发现和定位、可靠性较低。</div><div class=""ansbox"">挖空答案：<b>用户；设计；方法</b></div><div class=""pg"">教材页码：P193</div>"	软件维护 识记 软件的可维护性 13005软件工程
"<div class=""top""><span class=""chip c1"">章节：软件维护</span><span class=""chip c2"">识记</span><span class=""chip c3"">软件的可维护性</span></div><h1>可测试性的定义</h1><div class=""q""><span class=""blank"">______</span>表明论证程序正确性的容易程度。程序越简单，证明其正确性就越容易；<span class=""blank"">______</span>好的<span class=""blank"">______</span>基于对程序的全面理解。因此一个可测试的程序应当是可理解的、可靠的、简单的。对于程序模块，可用程序复杂性来度量可测试性，程序的环路复杂性越大，程序的路径就越多，全面测试程序的难度就越大。</div>"	"<div class=""top""><span class=""chip c1"">章节：软件维护</span><span class=""chip c2"">识记</span><span class=""chip c3"">软件的可维护性</span></div><h1>可测试性的定义</h1><div class=""a""><span class=""hit"">可测试性</span>表明论证程序正确性的容易程度。程序越简单，证明其正确性就越容易；<span class=""hit"">设计</span>好的<span class=""hit"">测试用例</span>基于对程序的全面理解。因此一个可测试的程序应当是可理解的、可靠的、简单的。对于程序模块，可用程序复杂性来度量<span class=""hit"">可测试性</span>，程序的环路复杂性越大，程序的路径就越多，全面测试程序的难度就越大。</div><div class=""ansbox"">挖空答案：<b>可测试性；设计；测试用例</b></div><div class=""pg"">教材页码：P194</div>"	软件维护 识记 软件的可维护性 13005软件工程
"<div class=""top""><span class=""chip c1"">章节：软件维护</span><span class=""chip c2"">识记</span><span class=""chip c3"">软件的可维护性</span></div><h1>可修改性的定义</h1><div class=""q""><span class=""blank"">______</span>表明程序容易修改的程度。一个可修改的程序应当是可理解的、通用的、灵活的、简单的。其中，通用性是指程序适用于各种<span class=""blank"">______</span>变化而无须修改，灵活性是指修改程序比较容易。</div>"	"<div class=""top""><span class=""chip c1"">章节：软件维护</span><span class=""chip c2"">识记</span><span class=""chip c3"">软件的可维护性</span></div><h1>可修改性的定义</h1><div class=""a""><span class=""hit"">可修改性</span>表明程序容易修改的程度。一个可修改的程序应当是可理解的、通用的、灵活的、简单的。其中，通用性是指程序适用于各种<span class=""hit"">功能</span>变化而无须修改，灵活性是指修改程序比较容易。</div><div class=""ansbox"">挖空答案：<b>可修改性；功能</b></div><div class=""pg"">教材页码：P194</div>"	软件维护 识记 软件的可维护性 13005软件工程
"<div class=""top""><span class=""chip c1"">章节：软件维护</span><span class=""chip c2"">识记</span><span class=""chip c3"">软件的可维护性</span></div><h1>可移植性的定义及可移植</h1><div class=""q""><span class=""blank"">______</span>表明程序转移到一个新的计算环境的难易程度。</div>"	"<div class=""top""><span class=""chip c1"">章节：软件维护</span><span class=""chip c2"">识记</span><span class=""chip c3"">软件的可维护性</span></div><h1>可移植性的定义及可移植</h1><div class=""a""><span class=""hit"">可移植性</span>表明程序转移到一个新的计算环境的难易程度。</div><div class=""ansbox"">挖空答案：<b>可移植性</b></div><div class=""pg"">教材页码：P194</div>"	软件维护 识记 软件的可维护性 13005软件工程
"<div class=""top""><span class=""chip c1"">章节：软件维护</span><span class=""chip c2"">识记</span><span class=""chip c3"">软件的可维护性</span></div><h1>性好的程序具有的特点</h1><div class=""q"">可移植性好的程序具有的特点是：<span class=""blank"">______</span>良好、灵活，不依赖于某一具体计算机硬件<span class=""blank"">______</span>或<span class=""blank"">______</span>系统。</div>"	"<div class=""top""><span class=""chip c1"">章节：软件维护</span><span class=""chip c2"">识记</span><span class=""chip c3"">软件的可维护性</span></div><h1>性好的程序具有的特点</h1><div class=""a"">可移植性好的程序具有的特点是：<span class=""hit"">结构</span>良好、灵活，不依赖于某一具体计算机硬件<span class=""hit"">体系结构</span>或<span class=""hit"">操作</span>系统。</div><div class=""ansbox"">挖空答案：<b>结构；体系结构；操作</b></div><div class=""pg"">教材页码：P194</div>"	软件维护 识记 软件的可维护性 13005软件工程
"<div class=""top""><span class=""chip c1"">章节：软件维护</span><span class=""chip c2"">识记</span><span class=""chip c3"">软件的可维护性</span></div><h1>效率的定义</h1><div class=""q"">效率表明一个程序能执行预定<span class=""blank"">______</span>而又不浪费计算机系统<span class=""blank"">______</span>的程度，这些资源包括内存容量、外存容量、通道容量和执行<span class=""blank"">______</span>。</div>"	"<div class=""top""><span class=""chip c1"">章节：软件维护</span><span class=""chip c2"">识记</span><span class=""chip c3"">软件的可维护性</span></div><h1>效率的定义</h1><div class=""a"">效率表明一个程序能执行预定<span class=""hit"">功能</span>而又不浪费计算机系统<span class=""hit"">资源</span>的程度，这些<span class=""hit"">资源</span>包括内存容量、外存容量、通道容量和执行<span class=""hit"">时间</span>。</div><div class=""ansbox"">挖空答案：<b>功能；资源；时间</b></div><div class=""pg"">教材页码：P194</div>"	软件维护 识记 软件的可维护性 13005软件工程
"<div class=""top""><span class=""chip c1"">章节：软件维护</span><span class=""chip c2"">识记</span><span class=""chip c3"">软件的可维护性</span></div><h1>可使用性的定义</h1><div class=""q"">可使用性是指程序方便、实用及易于使用的程度。一个可使用性好的程序应是易于使用、允许<span class=""blank"">______</span>出错和改变，并尽可能不使用户陷入混乱<span class=""blank"">______</span>的程序。</div>"	"<div class=""top""><span class=""chip c1"">章节：软件维护</span><span class=""chip c2"">识记</span><span class=""chip c3"">软件的可维护性</span></div><h1>可使用性的定义</h1><div class=""a"">可使用性是指程序方便、实用及易于使用的程度。一个可使用性好的程序应是易于使用、允许<span class=""hit"">用户</span>出错和改变，并尽可能不使<span class=""hit"">用户</span>陷入混乱<span class=""hit"">状态</span>的程序。</div><div class=""ansbox"">挖空答案：<b>用户；状态</b></div><div class=""pg"">教材页码：P194</div>"	软件维护 识记 软件的可维护性 13005软件工程
"<div class=""top""><span class=""chip c1"">章节：软件维护</span><span class=""chip c2"">领会</span><span class=""chip c3"">软件的可维护性</span></div><h1>可理解的程序应具备的主要特性</h1><div class=""q"">一个可理解的程序主要应具备以下一些特性：1）模块<span class=""blank"">______</span>良好，<span class=""blank"">______</span>完整，程序和文档简明；2）代码风格与设计风格一致；3）不使用难以理解或含糊不清的代码；4）使用有意义的变量名、<span class=""blank"">______</span>名和过程名。</div>"	"<div class=""top""><span class=""chip c1"">章节：软件维护</span><span class=""chip c2"">领会</span><span class=""chip c3"">软件的可维护性</span></div><h1>可理解的程序应具备的主要特性</h1><div class=""a"">一个可理解的程序主要应具备以下一些特性：1）模块<span class=""hit"">结构</span>良好，<span class=""hit"">功能</span>完整，程序和文档简明；2）代码风格与设计风格一致；3）不使用难以理解或含糊不清的代码；4）使用有意义的变量名、<span class=""hit"">数据</span>名和过程名。</div><div class=""ansbox"">挖空答案：<b>结构；功能；数据</b></div><div class=""pg"">教材页码：P193</div>"	软件维护 领会 软件的可维护性 13005软件工程
"<div class=""top""><span class=""chip c1"">章节：软件维护</span><span class=""chip c2"">领会</span><span class=""chip c3"">软件的可维护性</span></div><h1>程序修改难度的估算公式</h1><div class=""q"">测试<span class=""blank"">______</span>的一种定量<span class=""blank"">______</span>是修改练习，其基本思想是通过做几个简单的修改来评价修改的难度。设C是程序中各个模块的平均复杂性，n是必须修改的模块数，A是要修改的模块的平均复杂性，则修改的难度D由下式计算：D = A / C。对于简单的修改，若D&gt;1，说明该程序修改困难。A和C可用任何一种<span class=""blank"">______</span>程序复杂性的方法计算。</div>"	"<div class=""top""><span class=""chip c1"">章节：软件维护</span><span class=""chip c2"">领会</span><span class=""chip c3"">软件的可维护性</span></div><h1>程序修改难度的估算公式</h1><div class=""a"">测试<span class=""hit"">可修改性</span>的一种定量<span class=""hit"">方法</span>是修改练习，其基本思想是通过做几个简单的修改来评价修改的难度。设C是程序中各个模块的平均复杂性，n是必须修改的模块数，A是要修改的模块的平均复杂性，则修改的难度D由下式计算：D = A / C。对于简单的修改，若D&gt;1，说明该程序修改困难。A和C可用任何一种<span class=""hit"">度量</span>程序复杂性的<span class=""hit"">方法</span>计算。</div><div class=""ansbox"">挖空答案：<b>可修改性；方法；度量</b></div><div class=""pg"">教材页码：P194</div>"	软件维护 领会 软件的可维护性 13005软件工程
"<div class=""top""><span class=""chip c1"">章节：软件维护</span><span class=""chip c2"">领会</span><span class=""chip c3"">软件的可维护性</span></div><h1>间接定量度量可维</h1><div class=""q"">其他间接定量度量可维<span class=""blank"">______</span>包括：1）识别问题的时间；2）因管理活动拖延的时间；3）收集维护工具的时间；4）分析并诊断问题的时间；5）修改规格说明的时间；6）具体的改错或修改的时间；7）局部测试的时间；8）集成或<span class=""blank"">______</span>的时间；9）维护过程中的评审时间；10）软件系统的恢复时间。这些数据反映了<span class=""blank"">______</span>全过程中检错—纠错—验证的周期（从发现软件存在的问题开始至修正它们，并经回归测试以验证正确性的这段时间），可粗略地认为这个周期越短，维护越容易。</div>"	"<div class=""top""><span class=""chip c1"">章节：软件维护</span><span class=""chip c2"">领会</span><span class=""chip c3"">软件的可维护性</span></div><h1>间接定量度量可维</h1><div class=""a"">其他间接定量度量可维<span class=""hit"">护性的方法中涉及的指标</span>包括：1）识别问题的时间；2）因管理活动拖延的时间；3）收集维护工具的时间；4）分析并诊断问题的时间；5）修改规格说明的时间；6）具体的改错或修改的时间；7）局部测试的时间；8）集成或<span class=""hit"">回归测试</span>的时间；9）维护过程中的评审时间；10）软件系统的恢复时间。这些数据反映了<span class=""hit"">软件维护</span>全过程中检错—纠错—验证的周期（从发现软件存在的问题开始至修正它们，并经<span class=""hit"">回归测试</span>以验证正确性的这段时间），可粗略地认为这个周期越短，维护越容易。</div><div class=""ansbox"">挖空答案：<b>护性的方法中涉及的指标；回归测试；软件维护</b></div><div class=""pg"">教材页码：P194</div>"	软件维护 领会 软件的可维护性 13005软件工程
"<div class=""top""><span class=""chip c1"">章节：软件维护</span><span class=""chip c2"">领会</span><span class=""chip c3"">软件的可维护性</span></div><h1>护性的方法中涉及的指标</h1><div class=""q"">其他<span class=""blank"">______</span>护性的方法中涉及的指标包括：1）识别问题的时间；2）因管理活动拖延的时间；3）收集维护工具的时间；4）分析并诊断问题的时间；5）修改规格说明的时间；6）具体的改错或修改的时间；7）局部测试的时间；8）集成或<span class=""blank"">______</span>的时间；9）维护过程中的评审时间；10）软件系统的恢复时间。这些数据反映了<span class=""blank"">______</span>全过程中检错—纠错—验证的周期，周期越短，维护越容易。</div>"	"<div class=""top""><span class=""chip c1"">章节：软件维护</span><span class=""chip c2"">领会</span><span class=""chip c3"">软件的可维护性</span></div><h1>护性的方法中涉及的指标</h1><div class=""a"">其他<span class=""hit"">间接定量度量可维</span>护性的方法中涉及的指标包括：1）识别问题的时间；2）因管理活动拖延的时间；3）收集维护工具的时间；4）分析并诊断问题的时间；5）修改规格说明的时间；6）具体的改错或修改的时间；7）局部测试的时间；8）集成或<span class=""hit"">回归测试</span>的时间；9）维护过程中的评审时间；10）软件系统的恢复时间。这些数据反映了<span class=""hit"">软件维护</span>全过程中检错—纠错—验证的周期，周期越短，维护越容易。</div><div class=""ansbox"">挖空答案：<b>间接定量度量可维；回归测试；软件维护</b></div><div class=""pg"">教材页码：P194</div>"	软件维护 领会 软件的可维护性 13005软件工程
"<div class=""top""><span class=""chip c1"">章节：软件维护</span><span class=""chip c2"">识记</span><span class=""chip c3"">提高软件可维护性的方法</span></div><h1>模块化的优点</h1><div class=""q""><span class=""blank"">______</span>是软件开发过程中提高<span class=""blank"">______</span>、降低成本的有效方法之一，也是提高<span class=""blank"">______</span>的有效技术。它的优点是：如果需要改变某个模块的功能，则只要改变这个模块，对其他模块影响很小；如果需要增加程序的某些功能，仅需要增加完成这些功能的新模块或模块层；程序的测试与重复测试比较容易；程序错误易于定位和纠正。</div>"	"<div class=""top""><span class=""chip c1"">章节：软件维护</span><span class=""chip c2"">识记</span><span class=""chip c3"">提高软件可维护性的方法</span></div><h1>模块化的优点</h1><div class=""a""><span class=""hit"">模块化</span>是软件开发过程中提高<span class=""hit"">软件质量</span>、降低成本的有效方法之一，也是提高<span class=""hit"">可维护性</span>的有效技术。它的优点是：如果需要改变某个模块的功能，则只要改变这个模块，对其他模块影响很小；如果需要增加程序的某些功能，仅需要增加完成这些功能的新模块或模块层；程序的测试与重复测试比较容易；程序错误易于定位和纠正。</div><div class=""ansbox"">挖空答案：<b>模块化；软件质量；可维护性</b></div><div class=""pg"">教材页码：P195</div>"	软件维护 识记 提高软件可维护性的方法 13005软件工程
"<div class=""top""><span class=""chip c1"">章节：软件维护</span><span class=""chip c2"">识记</span><span class=""chip c3"">提高软件可维护性的方法</span></div><h1>好的文档的作用及意义</h1><div class=""q"">好的文档是建立<span class=""blank"">______</span>的基本条件，它的作用和意义有以下3点：1）有相应好文档的程序比没有文档的程序更容易理解，因为它增加了程序的可读性和可使用性（但质量低劣的文档比没有文档还要糟糕）；2）好的文档意味着简洁、风格一致且易于更新；3）程序应当成为其自身的文档——在程序中插入清晰、详细的注释可以提高程序的<span class=""blank"">______</span>，好的程序编写风格通常以有层次的缩进、空行等明显的视觉方式来突出程序的控制<span class=""blank"">______</span>；程序越长、越复杂，对文档的需要就越迫切。</div>"	"<div class=""top""><span class=""chip c1"">章节：软件维护</span><span class=""chip c2"">识记</span><span class=""chip c3"">提高软件可维护性的方法</span></div><h1>好的文档的作用及意义</h1><div class=""a"">好的文档是建立<span class=""hit"">可维护性</span>的基本条件，它的作用和意义有以下3点：1）有相应好文档的程序比没有文档的程序更容易理解，因为它增加了程序的可读性和可使用性（但质量低劣的文档比没有文档还要糟糕）；2）好的文档意味着简洁、风格一致且易于更新；3）程序应当成为其自身的文档——在程序中插入清晰、详细的注释可以提高程序的<span class=""hit"">可理解性</span>，好的程序编写风格通常以有层次的缩进、空行等明显的视觉方式来突出程序的控制<span class=""hit"">结构</span>；程序越长、越复杂，对文档的需要就越迫切。</div><div class=""ansbox"">挖空答案：<b>可维护性；可理解性；结构</b></div><div class=""pg"">教材页码：P198</div>"	软件维护 识记 提高软件可维护性的方法 13005软件工程
"<div class=""top""><span class=""chip c1"">章节：软件维护</span><span class=""chip c2"">识记</span><span class=""chip c3"">提高软件可维护性的方法</span></div><h1>3种历史文档</h1><div class=""q"">在软件维护<span class=""blank"">______</span>，利用历史文档可以大大简化维护工作，历史文档有以下3种：1）系统开发日志——记录项目的开发原则、开发目标、优先次序、选择某种设计方案的理由、决策策略、使用的测试技术和每天出现的问题、计划成功和失败之处等，对了解系统开发过程和遇到的问题非常必要；2）错误记载——把出错的历史情况记录下来，对预测今后可能发生的错误类型及出错频率有很大帮助，也有助于维护人员查明出现故障的程序或模块，对错误进行统计、跟踪可以更合理地评价<span class=""blank"">______</span>、软件质量度量标准和软件<span class=""blank"">______</span>的有效性；3）系统维护日志——记录维护阶段有关系统修改目的和修改的信息（修改的宗旨、策略、存在的问题、问题所在位置、解决办法、修改要求和说明、注意事项、新版本说明等），有助于了解程序修改背后的思维过程及修改所带来的影响。</div>"	"<div class=""top""><span class=""chip c1"">章节：软件维护</span><span class=""chip c2"">识记</span><span class=""chip c3"">提高软件可维护性的方法</span></div><h1>3种历史文档</h1><div class=""a"">在软件维护<span class=""hit"">阶段</span>，利用历史文档可以大大简化维护工作，历史文档有以下3种：1）系统开发日志——记录项目的开发原则、开发目标、优先次序、选择某种设计方案的理由、决策策略、使用的测试技术和每天出现的问题、计划成功和失败之处等，对了解系统开发过程和遇到的问题非常必要；2）错误记载——把出错的历史情况记录下来，对预测今后可能发生的错误类型及出错频率有很大帮助，也有助于维护人员查明出现故障的程序或模块，对错误进行统计、跟踪可以更合理地评价<span class=""hit"">软件质量</span>、<span class=""hit"">软件质量</span>度量标准和软件<span class=""hit"">方法</span>的有效性；3）系统维护日志——记录维护<span class=""hit"">阶段</span>有关系统修改目的和修改的信息（修改的宗旨、策略、存在的问题、问题所在位置、解决办法、修改要求和说明、注意事项、新版本说明等），有助于了解程序修改背后的思维过程及修改所带来的影响。</div><div class=""ansbox"">挖空答案：<b>阶段；软件质量；方法</b></div><div class=""pg"">教材页码：P198</div>"	软件维护 识记 提高软件可维护性的方法 13005软件工程
"<div class=""top""><span class=""chip c1"">章节：软件维护</span><span class=""chip c2"">领会</span><span class=""chip c3"">提高软件可维护性的方法</span></div><h1>提高软件质量的技术和工具</h1><div class=""q"">提高软件质量的技术和工具主要包括：1）<span class=""blank"">______</span>——改变某模块功能只需改变该模块、对其他模块影响小，增加功能仅需增加新模块或模块层，测试与重复测试容易，错误易于定位和纠正；2）<span class=""blank"">______</span>程序设计——使模块结构及模块间相互作用标准化，把模块化向前推进，获得良好程序结构、提高现有系统可维护性，具体包括：采用备用件的方法（用新的结构良好模块替换整个模块）、采用结构更新技术（用代码评价程序、重定格式程序及结构化工具等自动软件工具把非结构化代码转换成结构良好代码）、改进现有程序不完善的文档（利用HIPO图、<span class=""blank"">______</span>、Warmier图等文档工具建立或补充系统说明书、设计文档、模块说明书并在源程序中插入注释）、使用结构化程序设计方法实现新的子系统、采用结构化小组程序设计的思想和结构文档工具。</div>"	"<div class=""top""><span class=""chip c1"">章节：软件维护</span><span class=""chip c2"">领会</span><span class=""chip c3"">提高软件可维护性的方法</span></div><h1>提高软件质量的技术和工具</h1><div class=""a"">提高软件质量的技术和工具主要包括：1）<span class=""hit"">模块化</span>——改变某模块功能只需改变该模块、对其他模块影响小，增加功能仅需增加新模块或模块层，测试与重复测试容易，错误易于定位和纠正；2）<span class=""hit"">结构化</span>程序设计——使模块结构及模块间相互作用标准化，把<span class=""hit"">模块化</span>向前推进，获得良好程序结构、提高现有系统可维护性，具体包括：采用备用件的方法（用新的结构良好模块替换整个模块）、采用结构更新技术（用代码评价程序、重定格式程序及<span class=""hit"">结构化</span>工具等自动软件工具把非<span class=""hit"">结构化</span>代码转换成结构良好代码）、改进现有程序不完善的文档（利用HIPO图、<span class=""hit"">数据流图</span>、Warmier图等文档工具建立或补充系统说明书、设计文档、模块说明书并在源程序中插入注释）、使用<span class=""hit"">结构化</span>程序设计方法实现新的子系统、采用<span class=""hit"">结构化</span>小组程序设计的思想和结构文档工具。</div><div class=""ansbox"">挖空答案：<b>模块化；结构化；数据流图</b></div><div class=""pg"">教材页码：P195</div>"	软件维护 领会 提高软件可维护性的方法 13005软件工程
"<div class=""top""><span class=""chip c1"">章节：软件维护</span><span class=""chip c2"">领会</span><span class=""chip c3"">提高软件可维护性的方法</span></div><h1>保证软件可维护性的3种软件审查</h1><div class=""q"">为了保证软件的可维护性，有3种类型的<span class=""blank"">______</span>审查：1）设置检查点进行复审——保证<span class=""blank"">______</span>的最佳方法是在软件开发最初阶段就把质量要求考虑进去，并在开发过程每一阶段的终点（需求分析、软件设计、编码、软件测试、验收）设置检查点进行检查，证实已开发软件是否符合标准、是否满足规定质量需求，不同检查点检查重点不完全相同；2）验收检查——软件交付使用前的最后一次检查，是软件投入运行前保证可维护性的最后机会，从<span class=""blank"">______</span>角度提出验收的条件和标准；3）周期性地维护审查——对已有软件系统，像硬件定期检查一样每月或每两个月做周期性维护审查，跟踪软件质量变化，实际上是开发阶段检查点复查的继续，采用的检查方法、检查内容都相同。</div>"	"<div class=""top""><span class=""chip c1"">章节：软件维护</span><span class=""chip c2"">领会</span><span class=""chip c3"">提高软件可维护性的方法</span></div><h1>保证软件可维护性的3种软件审查</h1><div class=""a"">为了保证软件的可维护性，有3种类型的<span class=""hit"">质量保证</span>审查：1）设置检查点进行复审——保证<span class=""hit"">软件质量</span>的最佳方法是在软件开发最初阶段就把质量要求考虑进去，并在开发过程每一阶段的终点（需求分析、软件设计、编码、软件测试、验收）设置检查点进行检查，证实已开发软件是否符合标准、是否满足规定质量需求，不同检查点检查重点不完全相同；2）验收检查——软件交付使用前的最后一次检查，是软件投入运行前保证可维护性的最后机会，从<span class=""hit"">软件维护</span>角度提出验收的条件和标准；3）周期性地维护审查——对已有软件系统，像硬件定期检查一样每月或每两个月做周期性维护审查，跟踪<span class=""hit"">软件质量</span>变化，实际上是开发阶段检查点复查的继续，采用的检查方法、检查内容都相同。</div><div class=""ansbox"">挖空答案：<b>质量保证；软件质量；软件维护</b></div><div class=""pg"">教材页码：P196</div>"	软件维护 领会 提高软件可维护性的方法 13005软件工程
"<div class=""top""><span class=""chip c1"">章节：软件维护</span><span class=""chip c2"">领会</span><span class=""chip c3"">提高软件可维护性的方法</span></div><h1>验收检查必须遵循的最小验收标准</h1><div class=""q"">验收检查必须遵循的最低验收标准：（1）需求和规范标准——需求应当以可测试的术语进行书写、排列优先次序和定义；区分必需的、任选的、将来的需求；明确对系统运行时计算机设备、对维护/测试/操作及维护人员、对测试工具等的需求。（2）设计标准——程序应设计成分层的模块<span class=""blank"">______</span>，每个模块完成唯一<span class=""blank"">______</span>并达到高内聚、低耦合；通过一些知道预期变化的实例说明设计的可扩充性、可缩减性和可适应性。（3）源代码标准——尽可能使用最高级的程序设计语言且只使用语言的标准版本；所有代码都必须具有良好结构；所有代码都必须文档化，在注释中说明它的输入、输出以及便于测试/再测试的<span class=""blank"">______</span>与风格。（4）文档标准——文档中应说明程序的输入/输出、使用的方法/算法、错误恢复方法、所有参数的范围以及缺省条件等。</div>"	"<div class=""top""><span class=""chip c1"">章节：软件维护</span><span class=""chip c2"">领会</span><span class=""chip c3"">提高软件可维护性的方法</span></div><h1>验收检查必须遵循的最小验收标准</h1><div class=""a"">验收检查必须遵循的最低验收标准：（1）需求和规范标准——需求应当以可测试的术语进行书写、排列优先次序和定义；区分必需的、任选的、将来的需求；明确对系统运行时计算机设备、对维护/测试/操作及维护人员、对测试工具等的需求。（2）设计标准——程序应设计成分层的模块<span class=""hit"">结构</span>，每个模块完成唯一<span class=""hit"">功能</span>并达到高内聚、低耦合；通过一些知道预期变化的实例说明设计的可扩充性、可缩减性和可适应性。（3）源代码标准——尽可能使用最高级的程序设计语言且只使用语言的标准版本；所有代码都必须具有良好<span class=""hit"">结构</span>；所有代码都必须文档化，在注释中说明它的输入、输出以及便于测试/再测试的<span class=""hit"">特点</span>与风格。（4）文档标准——文档中应说明程序的输入/输出、使用的方法/算法、错误恢复方法、所有参数的范围以及缺省条件等。</div><div class=""ansbox"">挖空答案：<b>结构；功能；特点</b></div><div class=""pg"">教材页码：P197</div>"	软件维护 领会 提高软件可维护性的方法 13005软件工程
"<div class=""top""><span class=""chip c1"">章节：软件维护</span><span class=""chip c2"">领会</span><span class=""chip c3"">提高软件可维护性的方法</span></div><h1>选择易维护的程序设计语言</h1><div class=""q"">程序<span class=""blank"">______</span>语言的选择对程序的<span class=""blank"">______</span>影响很大。低级语言程序（机器语言和汇编语言）难理解且难掌握，因此很难维护；高级语言程序比低级语言程序更容易理解，具有更好的可维护性；但同是高级语言，可理解程度也不一样。应选择易维护的程序设计语言，例如现在基于人工智能的应用程序大多使用Python语言而不是C或C++，既能提高软件<span class=""blank"">______</span>效率，又能提高软件的可维护性。</div>"	"<div class=""top""><span class=""chip c1"">章节：软件维护</span><span class=""chip c2"">领会</span><span class=""chip c3"">提高软件可维护性的方法</span></div><h1>选择易维护的程序设计语言</h1><div class=""a"">程序<span class=""hit"">设计</span>语言的选择对程序的<span class=""hit"">可维护性</span>影响很大。低级语言程序（机器语言和汇编语言）难理解且难掌握，因此很难维护；高级语言程序比低级语言程序更容易理解，具有更好的<span class=""hit"">可维护性</span>；但同是高级语言，可理解程度也不一样。应选择易维护的程序<span class=""hit"">设计</span>语言，例如现在基于人工智能的应用程序大多使用Python语言而不是C或C++，既能提高软件<span class=""hit"">开发</span>效率，又能提高软件的<span class=""hit"">可维护性</span>。</div><div class=""ansbox"">挖空答案：<b>设计；可维护性；开发</b></div><div class=""pg"">教材页码：P198</div>"	软件维护 领会 提高软件可维护性的方法 13005软件工程
"<div class=""top""><span class=""chip c1"">章节：软件维护</span><span class=""chip c2"">领会</span><span class=""chip c3"">提高软件可维护性的方法</span></div><h1>改进程序文档</h1><div class=""q"">程序文档是对程序总目标、程序各组成部分之间的关系、程序设计策略、程序实现过程的历史数据等的说明和补充，对提高程序的<span class=""blank"">______</span>有着重要作用。即使十分简单的程序，要想有效地、高效率地维护它也需要编制文档来解释其功能及程序结构；维护人员要对程序编制人员的意图重新改造并估计今后变化的可能性，离开文档难以完成维护工作。改进和补充文档的目的是提高程序的可理解性以提高<span class=""blank"">______</span>；可利用HIPO图、<span class=""blank"">______</span>、Warmier图等程序文档工具建立或补充系统说明书、设计文档、模块说明书，并在源程序中插入必要的注释。</div>"	"<div class=""top""><span class=""chip c1"">章节：软件维护</span><span class=""chip c2"">领会</span><span class=""chip c3"">提高软件可维护性的方法</span></div><h1>改进程序文档</h1><div class=""a"">程序文档是对程序总目标、程序各组成部分之间的关系、程序设计策略、程序实现过程的历史数据等的说明和补充，对提高程序的<span class=""hit"">可理解性</span>有着重要作用。即使十分简单的程序，要想有效地、高效率地维护它也需要编制文档来解释其功能及程序结构；维护人员要对程序编制人员的意图重新改造并估计今后变化的可能性，离开文档难以完成维护工作。改进和补充文档的目的是提高程序的<span class=""hit"">可理解性</span>以提高<span class=""hit"">可维护性</span>；可利用HIPO图、<span class=""hit"">数据流图</span>、Warmier图等程序文档工具建立或补充系统说明书、设计文档、模块说明书，并在源程序中插入必要的注释。</div><div class=""ansbox"">挖空答案：<b>可理解性；可维护性；数据流图</b></div><div class=""pg"">教材页码：P198</div>"	软件维护 领会 提高软件可维护性的方法 13005软件工程
"<div class=""top""><span class=""chip c1"">章节：软件维护</span><span class=""chip c2"">本章重点</span></div><h1>软件维护工作的机构</h1><div class=""q"">本章重点之一：<span class=""blank"">______</span>工作机构的组织。应确立正式或非正式的维护机构，并在开始维护前就为参加维护人员指定角色、规定责任：维护管理员接收软件<span class=""blank"">______</span>报告并交系统监督员评价；系统监督员（技术人员，须熟悉产品程序某一部分）做出评价；修改负责人确定如何进行修改；维护人员实施修改；<span class=""blank"">______</span>员严格把关、控制修改范围并对软件配置进行审计。修改负责人和维护管理员可以是指定个人或小组，系统监督员可兼任其他角色但应分管某一软件包。明确角色分工可大大减少维护过程中的混乱。</div>"	"<div class=""top""><span class=""chip c1"">章节：软件维护</span><span class=""chip c2"">本章重点</span></div><h1>软件维护工作的机构</h1><div class=""a"">本章重点之一：<span class=""hit"">软件维护</span>工作机构的组织。应确立正式或非正式的维护机构，并在开始维护前就为参加维护人员指定角色、规定责任：维护管理员接收软件<span class=""hit"">维护申请</span>报告并交系统监督员评价；系统监督员（技术人员，须熟悉产品程序某一部分）做出评价；修改负责人确定如何进行修改；维护人员实施修改；<span class=""hit"">配置管理</span>员严格把关、控制修改范围并对软件配置进行审计。修改负责人和维护管理员可以是指定个人或小组，系统监督员可兼任其他角色但应分管某一软件包。明确角色分工可大大减少维护过程中的混乱。</div><div class=""ansbox"">挖空答案：<b>软件维护；维护申请；配置管理</b></div><div class=""pg"">教材页码：P187</div>"	软件维护 本章重点 13005软件工程
"<div class=""top""><span class=""chip c1"">章节：软件维护</span><span class=""chip c2"">本章重点</span></div><h1>软件维护的步骤</h1><div class=""q"">本章重点之一：软件维护的步骤。第一步确认维护要求——与用户反复协商，弄清错误概况及对业务影响大小、用户希望的修改，并存入故障数据库；第二步由维护管理员确认维护类型——<span class=""blank"">______</span>从评价错误严重性开始（严重错误进行紧急维护，不严重的按轻重缓急排队），适应性和<span class=""blank"">______</span>先确定每项申请的优先次序（优先级高可立即开始，否则排队统一安排）。不论<span class=""blank"">______</span>类型如何，都要进行修改软件需求说明、修改软件设计、设计评审、修改源程序、软件测试、软件配置评审等同样的技术工作。</div>"	"<div class=""top""><span class=""chip c1"">章节：软件维护</span><span class=""chip c2"">本章重点</span></div><h1>软件维护的步骤</h1><div class=""a"">本章重点之一：软件维护的步骤。第一步确认维护要求——与用户反复协商，弄清错误概况及对业务影响大小、用户希望的修改，并存入故障数据库；第二步由维护管理员确认维护类型——<span class=""hit"">改正性维护</span>从评价错误严重性开始（严重错误进行紧急维护，不严重的按轻重缓急排队），适应性和<span class=""hit"">完善性维护</span>先确定每项申请的优先次序（优先级高可立即开始，否则排队统一安排）。不论<span class=""hit"">维护申请</span>类型如何，都要进行修改软件需求说明、修改软件设计、设计评审、修改源程序、软件测试、软件配置评审等同样的技术工作。</div><div class=""ansbox"">挖空答案：<b>改正性维护；完善性维护；维护申请</b></div><div class=""pg"">教材页码：P188</div>"	软件维护 本章重点 13005软件工程
"<div class=""top""><span class=""chip c1"">章节：软件维护</span><span class=""chip c2"">本章重点</span></div><h1>软件可维护性的度量</h1><div class=""q"">本章重点之一：软件可维护性的度量。软件可维护性指纠正软件系统出现的错误和缺陷以及为满足新要求进行修改的容易程度；常用可理解性、可测试性、可修改性、可靠性、<span class=""blank"">______</span>、可使用性、效率7个指标衡量，不同维护类型侧重点不同。各指标均有相应定义与度量方法（如可理解性用“<span class=""blank"">______</span>”、可修改性用修改练习D=A/C、可靠性用平均失效间隔时间/平均修复时间/有效性），另有间接定量度量方法涉及识别问题时间、管理拖延时间、收集维护工具时间、分析诊断问题时间、修改规格说明时间、改错时间、局部测试时间、集成或<span class=""blank"">______</span>时间、评审时间、系统恢复时间等指标，检错—纠错—验证周期越短维护越容易。</div>"	"<div class=""top""><span class=""chip c1"">章节：软件维护</span><span class=""chip c2"">本章重点</span></div><h1>软件可维护性的度量</h1><div class=""a"">本章重点之一：软件可维护性的度量。软件可维护性指纠正软件系统出现的错误和缺陷以及为满足新要求进行修改的容易程度；常用可理解性、可测试性、可修改性、可靠性、<span class=""hit"">可移植性</span>、可使用性、效率7个指标衡量，不同维护类型侧重点不同。各指标均有相应定义与度量方法（如可理解性用“<span class=""hit"">90-10测试</span>”、可修改性用修改练习D=A/C、可靠性用平均失效间隔时间/平均修复时间/有效性），另有间接定量度量方法涉及识别问题时间、管理拖延时间、收集维护工具时间、分析诊断问题时间、修改规格说明时间、改错时间、局部测试时间、集成或<span class=""hit"">回归测试</span>时间、评审时间、系统恢复时间等指标，检错—纠错—验证周期越短维护越容易。</div><div class=""ansbox"">挖空答案：<b>可移植性；90-10测试；回归测试</b></div><div class=""pg"">教材页码：P193</div>"	软件维护 本章重点 13005软件工程
"<div class=""top""><span class=""chip c1"">章节：软件维护</span><span class=""chip c2"">本章重点</span></div><h1>提高软件可维护性的方法</h1><div class=""q"">本章重点之一：提高软件可维护性的方法。须从4个方面着手：1）建立明确的软件质量目标和优先级——各质量特性有的相互促进（如可理解性与可测试性、可修改性），有的相互冲突（如效率与可移植性、效率与可修改性），应随程序用途及计算环境区别其相对重要性并规定优先级；2）使用<span class=""blank"">______</span>——模块化、结构化程序设计；3）进行明确的质量保证审查——设置检查点复审、验收检查、周期性维护审查；4）<span class=""blank"">______</span>，并<span class=""blank"">______</span>。</div>"	"<div class=""top""><span class=""chip c1"">章节：软件维护</span><span class=""chip c2"">本章重点</span></div><h1>提高软件可维护性的方法</h1><div class=""a"">本章重点之一：提高软件可维护性的方法。须从4个方面着手：1）建立明确的软件质量目标和优先级——各质量特性有的相互促进（如可理解性与可测试性、可修改性），有的相互冲突（如效率与可移植性、效率与可修改性），应随程序用途及计算环境区别其相对重要性并规定优先级；2）使用<span class=""hit"">提高软件质量的技术和工具</span>——模块化、结构化程序设计；3）进行明确的质量保证审查——设置检查点复审、验收检查、周期性维护审查；4）<span class=""hit"">选择易维护的程序设计语言</span>，并<span class=""hit"">改进程序文档</span>。</div><div class=""ansbox"">挖空答案：<b>提高软件质量的技术和工具；选择易维护的程序设计语言；改进程序文档</b></div><div class=""pg"">教材页码：P195</div>"	软件维护 本章重点 13005软件工程
"<div class=""top""><span class=""chip c1"">章节：软件维护</span><span class=""chip c2"">本章重点</span></div><h1>理解在软件开发各阶段如何考虑和采取提高软件可维护性的方法</h1><div class=""q"">本章难点是：理解在软件开发各阶段如何考虑和采取<span class=""blank"">______</span>。即将对软件可维护性各项指标（可理解性、可测试性、可修改性、可靠性、<span class=""blank"">______</span>、可使用性、效率）的要求渗透到需求分析、设计、编码、测试、验收等软件开发各个阶段和步骤中，通过检查点复审、验收检查等方式在各阶段落实，并配合明确质量目标优先级、模块化与结构化技术、<span class=""blank"">______</span>审查、易维护语言与文档改进等方法全过程保证可维护性。</div>"	"<div class=""top""><span class=""chip c1"">章节：软件维护</span><span class=""chip c2"">本章重点</span></div><h1>理解在软件开发各阶段如何考虑和采取提高软件可维护性的方法</h1><div class=""a"">本章难点是：理解在软件开发各阶段如何考虑和采取<span class=""hit"">提高软件可维护性的方法</span>。即将对软件可维护性各项指标（可理解性、可测试性、可修改性、可靠性、<span class=""hit"">可移植性</span>、可使用性、效率）的要求渗透到需求分析、设计、编码、测试、验收等软件开发各个阶段和步骤中，通过检查点复审、验收检查等方式在各阶段落实，并配合明确质量目标优先级、模块化与结构化技术、<span class=""hit"">质量保证</span>审查、易维护语言与文档改进等方法全过程保证可维护性。</div><div class=""ansbox"">挖空答案：<b>提高软件可维护性的方法；可移植性；质量保证</b></div><div class=""pg"">教材页码：P195</div>"	软件维护 本章重点 13005软件工程
"<div class=""top""><span class=""chip c1"">章节：软件维护</span><span class=""chip c2"">本章难点</span></div><h1>理解在软件开发各阶段如何考虑和采取提高软件可维护性的方法</h1><div class=""q"">本章难点：理解在软件开发各阶段如何考虑和采取<span class=""blank"">______</span>。软件可维护性的各指标需渗透到软件开发的各个阶段和步骤中：需求分析、软件设计、编码、软件测试、验收各阶段都要设置检查点，分别侧重可靠性、可理解性、可修改性、可移植性、可测试性、可使用性、有效性等指标并采用相应检查项目与方法工具；同时须建立明确的软件质量目标和优先级、使用模块化与结构化程序设计等提高质量的技术和工具、进行检查点复审/验收检查/周期性维护审查三种质量保证审查、<span class=""blank"">______</span>并<span class=""blank"">______</span>，从而在开发全过程保证软件的可维护性。</div>"	"<div class=""top""><span class=""chip c1"">章节：软件维护</span><span class=""chip c2"">本章难点</span></div><h1>理解在软件开发各阶段如何考虑和采取提高软件可维护性的方法</h1><div class=""a"">本章难点：理解在软件开发各阶段如何考虑和采取<span class=""hit"">提高软件可维护性的方法</span>。软件可维护性的各指标需渗透到软件开发的各个阶段和步骤中：需求分析、软件设计、编码、软件测试、验收各阶段都要设置检查点，分别侧重可靠性、可理解性、可修改性、可移植性、可测试性、可使用性、有效性等指标并采用相应检查项目与方法工具；同时须建立明确的软件质量目标和优先级、使用模块化与结构化程序设计等提高质量的技术和工具、进行检查点复审/验收检查/周期性维护审查三种质量保证审查、<span class=""hit"">选择易维护的程序设计语言</span>并<span class=""hit"">改进程序文档</span>，从而在开发全过程保证软件的可维护性。</div><div class=""ansbox"">挖空答案：<b>提高软件可维护性的方法；选择易维护的程序设计语言；改进程序文档</b></div><div class=""pg"">教材页码：P195</div>"	软件维护 本章难点 13005软件工程
"<div class=""top""><span class=""chip c1"">章节：软件项目管理</span><span class=""chip c2"">识记</span><span class=""chip c3"">软件项目管理概述</span></div><h1>软件项目管理的对象</h1><div class=""q"">软件项目管理的对象包括人员、产品、过程和项目（4P：人员People、产品Product、过程Process、项目Project）。首先要重视人员的选择、团队建立与沟通；对所开发产品要充分评估其<span class=""blank"">______</span>、应用与要求；在产品开发过程中对进度、质量等环节进行有效<span class=""blank"">______</span>，对软件项目进行有<span class=""blank"">______</span>的管理。</div>"	"<div class=""top""><span class=""chip c1"">章节：软件项目管理</span><span class=""chip c2"">识记</span><span class=""chip c3"">软件项目管理概述</span></div><h1>软件项目管理的对象</h1><div class=""a"">软件项目管理的对象包括人员、产品、过程和项目（4P：人员People、产品Product、过程Process、项目Project）。首先要重视人员的选择、团队建立与沟通；对所开发产品要充分评估其<span class=""hit"">功能</span>、应用与要求；在产品开发过程中对进度、质量等环节进行有效<span class=""hit"">控制</span>，对软件项目进行有<span class=""hit"">计划</span>的管理。</div><div class=""ansbox"">挖空答案：<b>功能；控制；计划</b></div><div class=""pg"">教材页码：P201</div>"	软件项目管理 识记 软件项目管理概述 13005软件工程
"<div class=""top""><span class=""chip c1"">章节：软件项目管理</span><span class=""chip c2"">识记</span><span class=""chip c3"">软件项目管理概述</span></div><h1>参与软件项目的5类相关人员</h1><div class=""q"">参与<span class=""blank"">______</span>及每个软件项目的相关者可分为5类：1）高级管理者（产品负责人），负责定义对项目产生很大影响的业务问题；2）项目或技术管理者，负责激励、<span class=""blank"">______</span>和管理软件开发人员；3）拥有开发产品或应用软件所需技能的团队成员；4）客户，阐明待开发软件的需求，还包括关心项目成败的其他利益相关者；5）最终<span class=""blank"">______</span>，即软件发布成为产品后直接与软件交互的人。</div>"	"<div class=""top""><span class=""chip c1"">章节：软件项目管理</span><span class=""chip c2"">识记</span><span class=""chip c3"">软件项目管理概述</span></div><h1>参与软件项目的5类相关人员</h1><div class=""a"">参与<span class=""hit"">软件过程</span>及每个软件项目的相关者可分为5类：1）高级管理者（产品负责人），负责定义对项目产生很大影响的业务问题；2）项目或技术管理者，负责激励、<span class=""hit"">组织</span>和管理软件开发人员；3）拥有开发产品或应用软件所需技能的团队成员；4）客户，阐明待开发软件的需求，还包括关心项目成败的其他利益相关者；5）最终<span class=""hit"">用户</span>，即软件发布成为产品后直接与软件交互的人。</div><div class=""ansbox"">挖空答案：<b>软件过程；组织；用户</b></div><div class=""pg"">教材页码：P202</div>"	软件项目管理 识记 软件项目管理概述 13005软件工程
"<div class=""top""><span class=""chip c1"">章节：软件项目管理</span><span class=""chip c2"">识记</span><span class=""chip c3"">软件项目管理概述</span></div><h1>在确定软件范围的活动中,问题分解的两个主要方面</h1><div class=""q"">在确定<span class=""blank"">______</span>的活动中，并不试图完全分解问题，只是分解其中两个主要方面：1）必须交付的<span class=""blank"">______</span>和内容；2）所使用的<span class=""blank"">______</span>模型。</div>"	"<div class=""top""><span class=""chip c1"">章节：软件项目管理</span><span class=""chip c2"">识记</span><span class=""chip c3"">软件项目管理概述</span></div><h1>在确定软件范围的活动中,问题分解的两个主要方面</h1><div class=""a"">在确定<span class=""hit"">软件范围</span>的活动中，并不试图完全分解问题，只是分解其中两个主要方面：1）必须交付的<span class=""hit"">功能</span>和内容；2）所使用的<span class=""hit"">软件过程</span>模型。</div><div class=""ansbox"">挖空答案：<b>软件范围；功能；软件过程</b></div><div class=""pg"">教材页码：P203</div>"	软件项目管理 识记 软件项目管理概述 13005软件工程
"<div class=""top""><span class=""chip c1"">章节：软件项目管理</span><span class=""chip c2"">识记</span><span class=""chip c3"">软件项目管理概述</span></div><h1>软件项目管理的工作内容</h1><div class=""q"">软件项目管理的工作内容按实施先后顺序为：1.启动软件项目（确定目标和范围、考虑解决方案、确定<span class=""blank"">______</span>、任务分解、<span class=""blank"">______</span>）；2.度量；3.估算（人力、时间、成本）；4.<span class=""blank"">______</span>（风险识别、估计、驾驭策略、解决和监督）；5.进度安排；6.追踪和控制。</div>"	"<div class=""top""><span class=""chip c1"">章节：软件项目管理</span><span class=""chip c2"">识记</span><span class=""chip c3"">软件项目管理概述</span></div><h1>软件项目管理的工作内容</h1><div class=""a"">软件项目管理的工作内容按实施先后顺序为：1.启动软件项目（确定目标和范围、考虑解决方案、确定<span class=""hit"">成本估算</span>、任务分解、<span class=""hit"">进度安排</span>）；2.度量；3.估算（人力、时间、成本）；4.<span class=""hit"">风险分析</span>（风险识别、估计、驾驭策略、解决和监督）；5.<span class=""hit"">进度安排</span>；6.追踪和控制。</div><div class=""ansbox"">挖空答案：<b>成本估算；进度安排；风险分析</b></div><div class=""pg"">教材页码：P204</div>"	软件项目管理 识记 软件项目管理概述 13005软件工程
"<div class=""top""><span class=""chip c1"">章节：软件项目管理</span><span class=""chip c2"">识记</span><span class=""chip c3"">软件项目管理概述</span></div><h1>软件项目管理中存在的困难</h1><div class=""q"">软件项目管理中存在的困难有：1）智力密集，<span class=""blank"">______</span>差，成果是不可见的逻辑实体，质量难以用数据度量；2）单件生产，难以复制，软件独一无二，与大规模现代化生产差别大；3）劳动密集，自动化程度低，各<span class=""blank"">______</span>渗透大量细致、复杂、易出错的手工劳动；4）程序编写烦琐，维护困难，<span class=""blank"">______</span>使用需培训，提交后维护困难；5）软件工作渗透了人的因素，人员情绪和工作环境对效率、质量影响大。</div>"	"<div class=""top""><span class=""chip c1"">章节：软件项目管理</span><span class=""chip c2"">识记</span><span class=""chip c3"">软件项目管理概述</span></div><h1>软件项目管理中存在的困难</h1><div class=""a"">软件项目管理中存在的困难有：1）智力密集，<span class=""hit"">可见性</span>差，成果是不可见的逻辑实体，质量难以用数据度量；2）单件生产，难以复制，软件独一无二，与大规模现代化生产差别大；3）劳动密集，自动化程度低，各<span class=""hit"">阶段</span>渗透大量细致、复杂、易出错的手工劳动；4）程序编写烦琐，维护困难，<span class=""hit"">用户</span>使用需培训，提交后维护困难；5）软件工作渗透了人的因素，人员情绪和工作环境对效率、质量影响大。</div><div class=""ansbox"">挖空答案：<b>可见性；阶段；用户</b></div><div class=""pg"">教材页码：P205</div>"	软件项目管理 识记 软件项目管理概述 13005软件工程
"<div class=""top""><span class=""chip c1"">章节：软件项目管理</span><span class=""chip c2"">识记</span><span class=""chip c3"">软件项目管理概述</span></div><h1>软件管理的主要职能</h1><div class=""q"">软件管理的主要职能有：1）制订计划，规定待完成的<span class=""blank"">______</span>、要求、<span class=""blank"">______</span>、人力和进度等；2）建立<span class=""blank"">______</span>，建立分工明确的责任制机构；3）配备人员，任用各层次技术人员和管理人员；4）指导工作，鼓励和动员软件人员完成所分配的工作；5）检验工作进展，对照计划或标准监督和检查实施情况。</div>"	"<div class=""top""><span class=""chip c1"">章节：软件项目管理</span><span class=""chip c2"">识记</span><span class=""chip c3"">软件项目管理概述</span></div><h1>软件管理的主要职能</h1><div class=""a"">软件管理的主要职能有：1）制订计划，规定待完成的<span class=""hit"">任务</span>、要求、<span class=""hit"">资源</span>、人力和进度等；2）建立<span class=""hit"">组织</span>，建立分工明确的责任制机构；3）配备人员，任用各层次技术人员和管理人员；4）指导工作，鼓励和动员软件人员完成所分配的工作；5）检验工作进展，对照计划或标准监督和检查实施情况。</div><div class=""ansbox"">挖空答案：<b>任务；资源；组织</b></div><div class=""pg"">教材页码：P206</div>"	软件项目管理 识记 软件项目管理概述 13005软件工程
"<div class=""top""><span class=""chip c1"">章节：软件项目管理</span><span class=""chip c2"">领会</span><span class=""chip c3"">软件项目管理概述</span></div><h1>规划软件工程团队结构时应该考虑的7个项目因素</h1><div class=""q"">规划<span class=""blank"">______</span>团队结构时应考虑的7个项目因素：1）待解决问题的难度；2）所开发程序的规模（可用<span class=""blank"">______</span>或功能点度量）；3）团队成员需要共同工作的时间；4）能够对问题进行<span class=""blank"">______</span>划分的程度；5）待开发系统的质量要求和可靠性要求；6）交付日期的严格程度；7）项目所需要的友好交流的程度。</div>"	"<div class=""top""><span class=""chip c1"">章节：软件项目管理</span><span class=""chip c2"">领会</span><span class=""chip c3"">软件项目管理概述</span></div><h1>规划软件工程团队结构时应该考虑的7个项目因素</h1><div class=""a"">规划<span class=""hit"">软件工程</span>团队结构时应考虑的7个项目因素：1）待解决问题的难度；2）所开发程序的规模（可用<span class=""hit"">代码行</span>或功能点度量）；3）团队成员需要共同工作的时间；4）能够对问题进行<span class=""hit"">模块化</span>划分的程度；5）待开发系统的质量要求和可靠性要求；6）交付日期的严格程度；7）项目所需要的友好交流的程度。</div><div class=""ansbox"">挖空答案：<b>软件工程；代码行；模块化</b></div><div class=""pg"">教材页码：P202</div>"	软件项目管理 领会 软件项目管理概述 13005软件工程
"<div class=""top""><span class=""chip c1"">章节：软件项目管理</span><span class=""chip c2"">领会</span><span class=""chip c3"">软件项目管理概述</span></div><h1>软件范围</h1><div class=""q"">软件范围是指在软件项目初期调研并了解软件产品的<span class=""blank"">______</span>、性能范围及边界，从项目一开始就要研究应开发哪些产品、解决哪些问题，确定软件功能和性能的范围及边界；项目经理需据此定量估算<span class=""blank"">______</span>并有<span class=""blank"">______</span>地计划项目进展。</div>"	"<div class=""top""><span class=""chip c1"">章节：软件项目管理</span><span class=""chip c2"">领会</span><span class=""chip c3"">软件项目管理概述</span></div><h1>软件范围</h1><div class=""a"">软件范围是指在软件项目初期调研并了解软件产品的<span class=""hit"">功能</span>、性能范围及边界，从项目一开始就要研究应开发哪些产品、解决哪些问题，确定软件<span class=""hit"">功能</span>和性能的范围及边界；项目经理需据此定量估算<span class=""hit"">成本</span>并有<span class=""hit"">组织</span>地计划项目进展。</div><div class=""ansbox"">挖空答案：<b>功能；成本；组织</b></div><div class=""pg"">教材页码：P203</div>"	软件项目管理 领会 软件项目管理概述 13005软件工程
"<div class=""top""><span class=""chip c1"">章节：软件项目管理</span><span class=""chip c2"">领会</span><span class=""chip c3"">软件项目管理概述</span></div><h1>问题分解</h1><div class=""q"">问题分解又称问题划分或问题细化，是软件需求分析的核心活动。面对复杂问题时将其划分成若干更易处理的小问题；在估算资源、成本及进度前，须对<span class=""blank"">______</span>中描述的功能评估细化，因成本和进度估算都是<span class=""blank"">______</span>的，故需对功能进行某种程度的分解。在确定范围活动中只分解两个主要方面：必须交付的功能和内容、所使用的<span class=""blank"">______</span>模型。</div>"	"<div class=""top""><span class=""chip c1"">章节：软件项目管理</span><span class=""chip c2"">领会</span><span class=""chip c3"">软件项目管理概述</span></div><h1>问题分解</h1><div class=""a"">问题分解又称问题划分或问题细化，是软件需求分析的核心活动。面对复杂问题时将其划分成若干更易处理的小问题；在估算资源、成本及进度前，须对<span class=""hit"">软件范围</span>中描述的功能评估细化，因成本和进度估算都是<span class=""hit"">面向功能</span>的，故需对功能进行某种程度的分解。在确定范围活动中只分解两个主要方面：必须交付的功能和内容、所使用的<span class=""hit"">软件过程</span>模型。</div><div class=""ansbox"">挖空答案：<b>软件范围；面向功能；软件过程</b></div><div class=""pg"">教材页码：P203</div>"	软件项目管理 领会 软件项目管理概述 13005软件工程
"<div class=""top""><span class=""chip c1"">章节：软件项目管理</span><span class=""chip c2"">领会</span><span class=""chip c3"">软件项目管理概述</span></div><h1>影响软件过程模型选择的因素</h1><div class=""q""><span class=""blank"">______</span>开发团队可根据以下因素选择<span class=""blank"">______</span>模型：1）该产品的客户和从事开发的团队人员；2）产品本身的特性；3）<span class=""blank"">______</span>项目的工作环境。</div>"	"<div class=""top""><span class=""chip c1"">章节：软件项目管理</span><span class=""chip c2"">领会</span><span class=""chip c3"">软件项目管理概述</span></div><h1>影响软件过程模型选择的因素</h1><div class=""a""><span class=""hit"">项目</span>开发团队可根据以下因素选择<span class=""hit"">软件过程</span>模型：1）该产品的客户和从事开发的团队人员；2）产品本身的特性；3）<span class=""hit"">软件团队</span><span class=""hit"">项目</span>的工作环境。</div><div class=""ansbox"">挖空答案：<b>项目；软件过程；软件团队</b></div><div class=""pg"">教材页码：P203</div>"	软件项目管理 领会 软件项目管理概述 13005软件工程
"<div class=""top""><span class=""chip c1"">章节：软件项目管理</span><span class=""chip c2"">领会</span><span class=""chip c3"">软件项目管理概述</span></div><h1>项目管理中可能会遇到的问题</h1><div class=""q""><span class=""blank"">______</span>管理中可能遇到的问题：1）软件人员不理解客户需要，导致需求不明确；2）团队缺乏应变的管理措施和能力（技术变化、业务需求改变、项目失去赞助）；3）管理者可能设定了不切实际的最后期限；4）<span class=""blank"">______</span>抵制系统；5）项目团队不具有所需的技能；6）有些开发人员不会从<span class=""blank"">______</span>中吸取经验。</div>"	"<div class=""top""><span class=""chip c1"">章节：软件项目管理</span><span class=""chip c2"">领会</span><span class=""chip c3"">软件项目管理概述</span></div><h1>项目管理中可能会遇到的问题</h1><div class=""a""><span class=""hit"">项目</span>管理中可能遇到的问题：1）软件人员不理解客户需要，导致需求不明确；2）团队缺乏应变的管理措施和能力（技术变化、业务需求改变、<span class=""hit"">项目</span>失去赞助）；3）管理者可能设定了不切实际的最后期限；4）<span class=""hit"">用户</span>抵制系统；5）<span class=""hit"">项目</span>团队不具有所需的技能；6）有些开发人员不会从<span class=""hit"">错误</span>中吸取经验。</div><div class=""ansbox"">挖空答案：<b>项目；用户；错误</b></div><div class=""pg"">教材页码：P203</div>"	软件项目管理 领会 软件项目管理概述 13005软件工程
"<div class=""top""><span class=""chip c1"">章节：软件项目管理</span><span class=""chip c2"">领会</span><span class=""chip c3"">软件项目管理概述</span></div><h1>成功的软件项目和精心设计的过程模型中存在的特征</h1><div class=""q"">成功的软件项目和精心设计的<span class=""blank"">______</span>中的特征：1）所有利益相关者都接受明确且易于理解的需求；2）<span class=""blank"">______</span>在整个开发过程中不断积极参与；3）项目经理具备<span class=""blank"">______</span>能力且能和团队分享项目愿景；4）在利益相关者参与下制订项目计划和进度表以达到用户目标；5）团队成员具备所需技能且敬业；6）成员具有相容个性、喜欢协作环境；7）监控并维护切实可行的计划和预算；8）理解并满足客户需求；9）团队成员工作满意度高；10）工作产品能反映期望的范围和质量。</div>"	"<div class=""top""><span class=""chip c1"">章节：软件项目管理</span><span class=""chip c2"">领会</span><span class=""chip c3"">软件项目管理概述</span></div><h1>成功的软件项目和精心设计的过程模型中存在的特征</h1><div class=""a"">成功的软件项目和精心设计的<span class=""hit"">过程模型</span>中的特征：1）所有利益相关者都接受明确且易于理解的需求；2）<span class=""hit"">用户</span>在整个开发过程中不断积极参与；3）项目经理具备<span class=""hit"">领导</span>能力且能和团队分享项目愿景；4）在利益相关者参与下制订项目计划和进度表以达到<span class=""hit"">用户</span>目标；5）团队成员具备所需技能且敬业；6）成员具有相容个性、喜欢协作环境；7）监控并维护切实可行的计划和预算；8）理解并满足客户需求；9）团队成员工作满意度高；10）工作产品能反映期望的范围和质量。</div><div class=""ansbox"">挖空答案：<b>过程模型；用户；领导</b></div><div class=""pg"">教材页码：P203</div>"	软件项目管理 领会 软件项目管理概述 13005软件工程
"<div class=""top""><span class=""chip c1"">章节：软件项目管理</span><span class=""chip c2"">识记</span><span class=""chip c3"">软件项目中的度量</span></div><h1>软件产品的直接度量</h1><div class=""q""><span class=""blank"">______</span>分<span class=""blank"">______</span>和<span class=""blank"">______</span>。软件工程过程的直接度量包括所投入的成本和工作量，以及产生的代码行数、执行速度、存储量大小、在某种时间周期中所报告的错误数；只要事先建立度量规则，就很容易直接度量开发所需成本、工作量、代码行数等。</div>"	"<div class=""top""><span class=""chip c1"">章节：软件项目管理</span><span class=""chip c2"">识记</span><span class=""chip c3"">软件项目中的度量</span></div><h1>软件产品的直接度量</h1><div class=""a""><span class=""hit"">软件度量</span>分<span class=""hit"">直接度量</span>和<span class=""hit"">间接度量</span>。软件工程过程的<span class=""hit"">直接度量</span>包括所投入的成本和工作量，以及产生的代码行数、执行速度、存储量大小、在某种时间周期中所报告的错误数；只要事先建立度量规则，就很容易<span class=""hit"">直接度量</span>开发所需成本、工作量、代码行数等。</div><div class=""ansbox"">挖空答案：<b>软件度量；直接度量；间接度量</b></div><div class=""pg"">教材页码：P206</div>"	软件项目管理 识记 软件项目中的度量 13005软件工程
"<div class=""top""><span class=""chip c1"">章节：软件项目管理</span><span class=""chip c2"">识记</span><span class=""chip c3"">软件项目中的度量</span></div><h1>软件产品的间接度量</h1><div class=""q"">软件产品的间接度量包括<span class=""blank"">______</span>、复杂性、效率、可靠性、<span class=""blank"">______</span>和许多其他的质量特性。这些质量特性很难用<span class=""blank"">______</span>表明，只能通过间接度量推断。</div>"	"<div class=""top""><span class=""chip c1"">章节：软件项目管理</span><span class=""chip c2"">识记</span><span class=""chip c3"">软件项目中的度量</span></div><h1>软件产品的间接度量</h1><div class=""a"">软件产品的间接度量包括<span class=""hit"">功能</span>、复杂性、效率、可靠性、<span class=""hit"">可维护性</span>和许多其他的质量特性。这些质量特性很难用<span class=""hit"">直接度量</span>表明，只能通过间接度量推断。</div><div class=""ansbox"">挖空答案：<b>功能；可维护性；直接度量</b></div><div class=""pg"">教材页码：P207</div>"	软件项目管理 识记 软件项目中的度量 13005软件工程
"<div class=""top""><span class=""chip c1"">章节：软件项目管理</span><span class=""chip c2"">识记</span><span class=""chip c3"">软件项目中的度量</span></div><h1>软件生产率的度量公式</h1><div class=""q"">软件生产率<span class=""blank"">______</span>：计算出<span class=""blank"">______</span>后可仿照LOC方式度量，生产率=FP/PM（人月）；按<span class=""blank"">______</span>表示时，生产率=源代码行数/人月（LOC/PM），如2400行/10月=240 LOC/PM。</div>"	"<div class=""top""><span class=""chip c1"">章节：软件项目管理</span><span class=""chip c2"">识记</span><span class=""chip c3"">软件项目中的度量</span></div><h1>软件生产率的度量公式</h1><div class=""a"">软件生产率<span class=""hit"">度量</span>：计算出<span class=""hit"">功能点</span>后可仿照LOC方式<span class=""hit"">度量</span>，生产率=FP/PM（人月）；按<span class=""hit"">代码行</span>表示时，生产率=源<span class=""hit"">代码行</span>数/人月（LOC/PM），如2400行/10月=240 LOC/PM。</div><div class=""ansbox"">挖空答案：<b>度量；功能点；代码行</b></div><div class=""pg"">教材页码：P209</div>"	软件项目管理 识记 软件项目中的度量 13005软件工程
"<div class=""top""><span class=""chip c1"">章节：软件项目管理</span><span class=""chip c2"">识记</span><span class=""chip c3"">软件项目中的度量</span></div><h1>软件质量</h1><div class=""q"">软件质量是指软件满足明确和隐含<span class=""blank"">______</span>要求的程度。<span class=""blank"">______</span>贯穿于<span class=""blank"">______</span>全过程及交付之后：交付前的度量（程序复杂性、有效模块性、总程序规模）为判断设计和测试质量提供定量依据；交付后集中于残存错误数和系统可维护性。软件质量可从正确性、可维护性、完整性、可使用性4个方面度量。</div>"	"<div class=""top""><span class=""chip c1"">章节：软件项目管理</span><span class=""chip c2"">识记</span><span class=""chip c3"">软件项目中的度量</span></div><h1>软件质量</h1><div class=""a"">软件质量是指软件满足明确和隐含<span class=""hit"">用户</span>要求的程度。<span class=""hit"">质量度量</span>贯穿于<span class=""hit"">软件工程</span>全过程及交付之后：交付前的度量（程序复杂性、有效模块性、总程序规模）为判断设计和测试质量提供定量依据；交付后集中于残存错误数和系统可维护性。软件质量可从正确性、可维护性、完整性、可使用性4个方面度量。</div><div class=""ansbox"">挖空答案：<b>用户；质量度量；软件工程</b></div><div class=""pg"">教材页码：P209</div>"	软件项目管理 识记 软件项目中的度量 13005软件工程
"<div class=""top""><span class=""chip c1"">章节：软件项目管理</span><span class=""chip c2"">识记</span><span class=""chip c3"">软件项目中的度量</span></div><h1>的度量公式</h1><div class=""q""><span class=""blank"">______</span>的度量公式：质量=<span class=""blank"">______</span>数/FP（即每<span class=""blank"">______</span>的错误数）。</div>"	"<div class=""top""><span class=""chip c1"">章节：软件项目管理</span><span class=""chip c2"">识记</span><span class=""chip c3"">软件项目中的度量</span></div><h1>的度量公式</h1><div class=""a""><span class=""hit"">软件质量</span>的度量公式：质量=<span class=""hit"">错误</span>数/FP（即每<span class=""hit"">功能点</span>的<span class=""hit"">错误</span>数）。</div><div class=""ansbox"">挖空答案：<b>软件质量；错误；功能点</b></div><div class=""pg"">教材页码：P209</div>"	软件项目管理 识记 软件项目中的度量 13005软件工程
"<div class=""top""><span class=""chip c1"">章节：软件项目管理</span><span class=""chip c2"">识记</span><span class=""chip c3"">软件项目中的度量</span></div><h1>软件成本的度量公式</h1><div class=""q"">软件成本的度量公式：成本=金额/FP（即每<span class=""blank"">______</span>所花费的金额）。</div>"	"<div class=""top""><span class=""chip c1"">章节：软件项目管理</span><span class=""chip c2"">识记</span><span class=""chip c3"">软件项目中的度量</span></div><h1>软件成本的度量公式</h1><div class=""a"">软件成本的度量公式：成本=金额/FP（即每<span class=""hit"">功能点</span>所花费的金额）。</div><div class=""ansbox"">挖空答案：<b>功能点</b></div><div class=""pg"">教材页码：P209</div>"	软件项目管理 识记 软件项目中的度量 13005软件工程
"<div class=""top""><span class=""chip c1"">章节：软件项目管理</span><span class=""chip c2"">领会</span><span class=""chip c3"">软件项目中的度量</span></div><h1>软件度量的目的</h1><div class=""q"">对软件进行度量的目的：表明软件产品的质量；弄清软件开发的<span class=""blank"">______</span>；弄清新的软件工程<span class=""blank"">______</span>和工具在生产率和质量两方面的效益；建立项目估算的&quot;<span class=""blank"">______</span>&quot;；帮助调整对新工具和附加培训的要求。</div>"	"<div class=""top""><span class=""chip c1"">章节：软件项目管理</span><span class=""chip c2"">领会</span><span class=""chip c3"">软件项目中的度量</span></div><h1>软件度量的目的</h1><div class=""a"">对软件进行度量的目的：表明软件产品的质量；弄清软件开发的<span class=""hit"">生产率</span>；弄清新的软件工程<span class=""hit"">方法</span>和工具在<span class=""hit"">生产率</span>和质量两方面的效益；建立项目估算的&quot;<span class=""hit"">基线</span>&quot;；帮助调整对新工具和附加培训的要求。</div><div class=""ansbox"">挖空答案：<b>生产率；方法；基线</b></div><div class=""pg"">教材页码：P206</div>"	软件项目管理 领会 软件项目中的度量 13005软件工程
"<div class=""top""><span class=""chip c1"">章节：软件项目管理</span><span class=""chip c2"">领会</span><span class=""chip c3"">软件项目中的度量</span></div><h1>面向规模的度量指标</h1><div class=""q""><span class=""blank"">______</span>的度量是对软件和软件开发过程的<span class=""blank"">______</span>。它以代码行（LOC/KLOC）为基础，记录每个项目的工作量（人月）、成本（万元）、KLOC、文档页数、错误数、人数等数据，进而计算每人月代码行、每千行错误数、每元成本代码行等<span class=""blank"">______</span>和质量指标。</div>"	"<div class=""top""><span class=""chip c1"">章节：软件项目管理</span><span class=""chip c2"">领会</span><span class=""chip c3"">软件项目中的度量</span></div><h1>面向规模的度量指标</h1><div class=""a""><span class=""hit"">面向规模</span>的度量是对软件和软件开发过程的<span class=""hit"">直接度量</span>。它以代码行（LOC/KLOC）为基础，记录每个项目的工作量（人月）、成本（万元）、KLOC、文档页数、错误数、人数等数据，进而计算每人月代码行、每千行错误数、每元成本代码行等<span class=""hit"">生产率</span>和质量指标。</div><div class=""ansbox"">挖空答案：<b>面向规模；直接度量；生产率</b></div><div class=""pg"">教材页码：P207</div>"	软件项目管理 领会 软件项目中的度量 13005软件工程
"<div class=""top""><span class=""chip c1"">章节：软件项目管理</span><span class=""chip c2"">领会</span><span class=""chip c3"">软件项目中的度量</span></div><h1>面向规模的数据表格</h1><div class=""q"">面向规模的数据表格即表7-1《面向规模的度量表》，列出项目编号、工作量/人月、<span class=""blank"">______</span>/万元、KLOC（千<span class=""blank"">______</span>）、文档页数、错误数、人数等列，记录过去完成的每个项目数据。如项目A-20-1：工作量26人月、成本28万元、13KLOC、文档360页、交付后第一年21个错误、4人参加；工作量和成本覆盖需求分析、<span class=""blank"">______</span>、编码、测试全过程。</div>"	"<div class=""top""><span class=""chip c1"">章节：软件项目管理</span><span class=""chip c2"">领会</span><span class=""chip c3"">软件项目中的度量</span></div><h1>面向规模的数据表格</h1><div class=""a"">面向规模的数据表格即表7-1《面向规模的度量表》，列出项目编号、工作量/人月、<span class=""hit"">成本</span>/万元、KLOC（千<span class=""hit"">代码行</span>）、文档页数、错误数、人数等列，记录过去完成的每个项目数据。如项目A-20-1：工作量26人月、<span class=""hit"">成本</span>28万元、13KLOC、文档360页、交付后第一年21个错误、4人参加；工作量和<span class=""hit"">成本</span>覆盖需求分析、<span class=""hit"">设计</span>、编码、测试全过程。</div><div class=""ansbox"">挖空答案：<b>成本；代码行；设计</b></div><div class=""pg"">教材页码：P207</div>"	软件项目管理 领会 软件项目中的度量 13005软件工程
"<div class=""top""><span class=""chip c1"">章节：软件项目管理</span><span class=""chip c2"">领会</span><span class=""chip c3"">软件项目中的度量</span></div><h1>面向功能的软件</h1><div class=""q""><span class=""blank"">______</span>的度量是对软件和软件开发过程的<span class=""blank"">______</span>，注意力集中于程序的&quot;<span class=""blank"">______</span>&quot;和&quot;实用性&quot;，采用功能点方法（FP）这种生产率度量法，利用有关软件数据域的一些计数度量和软件复杂性估计的经验关系式导出功能点（Function Point, FP）。</div>"	"<div class=""top""><span class=""chip c1"">章节：软件项目管理</span><span class=""chip c2"">领会</span><span class=""chip c3"">软件项目中的度量</span></div><h1>面向功能的软件</h1><div class=""a""><span class=""hit"">面向功能</span>的度量是对软件和软件开发过程的<span class=""hit"">间接度量</span>，注意力集中于程序的&quot;<span class=""hit"">功能性</span>&quot;和&quot;实用性&quot;，采用功能点方法（FP）这种生产率度量法，利用有关软件数据域的一些计数度量和软件复杂性估计的经验关系式导出功能点（Function Point, FP）。</div><div class=""ansbox"">挖空答案：<b>面向功能；间接度量；功能性</b></div><div class=""pg"">教材页码：P207</div>"	软件项目管理 领会 软件项目中的度量 13005软件工程
"<div class=""top""><span class=""chip c1"">章节：软件项目管理</span><span class=""chip c2"">领会</span><span class=""chip c3"">软件项目中的度量</span></div><h1>度量指标</h1><div class=""q""><span class=""blank"">______</span>度量指标：先对5个数据域（用户输入数、用户输出数、用户查询数、文件数、外部接口数）计数并按权值加权求和，再用FP=总计数×[0.65+0.01×sum(<span class=""blank"">______</span>)]计算功能点；然后仿照LOC方式得到<span class=""blank"">______</span>=FP/PM、质量=错误数/FP、成本=金额/FP、文档=文档页数/FP等指标。</div>"	"<div class=""top""><span class=""chip c1"">章节：软件项目管理</span><span class=""chip c2"">领会</span><span class=""chip c3"">软件项目中的度量</span></div><h1>度量指标</h1><div class=""a""><span class=""hit"">功能点</span>度量指标：先对5个数据域（用户输入数、用户输出数、用户查询数、文件数、外部接口数）计数并按权值加权求和，再用FP=总计数×[0.65+0.01×sum(<span class=""hit"">Fi</span>)]计算<span class=""hit"">功能点</span>；然后仿照LOC方式得到<span class=""hit"">生产率</span>=FP/PM、质量=错误数/FP、成本=金额/FP、文档=文档页数/FP等指标。</div><div class=""ansbox"">挖空答案：<b>功能点；Fi；生产率</b></div><div class=""pg"">教材页码：P208</div>"	软件项目管理 领会 软件项目中的度量 13005软件工程
"<div class=""top""><span class=""chip c1"">章节：软件项目管理</span><span class=""chip c2"">领会</span><span class=""chip c3"">软件项目中的度量</span></div><h1>功能点的计算</h1><div class=""q""><span class=""blank"">______</span>计算方法：首先确定5个数据域特征并分别计数（<span class=""blank"">______</span>输入数、用户输出数、用户查询数、文件数、外部接口数）；再对每个计数赋予加权复杂性值（区分简单、平均、复杂，权值自行拟定）；最后用关系式 FP=总计数×[0.65+0.01×sum(<span class=""blank"">______</span>)]，其中总计数为所有加权复杂性值之和，Fi（i=1~14）为14个复杂性校正值，通过逐一回答图7-2的14个问题按0~5分评定。</div>"	"<div class=""top""><span class=""chip c1"">章节：软件项目管理</span><span class=""chip c2"">领会</span><span class=""chip c3"">软件项目中的度量</span></div><h1>功能点的计算</h1><div class=""a""><span class=""hit"">功能点</span>计算方法：首先确定5个数据域特征并分别计数（<span class=""hit"">用户</span>输入数、<span class=""hit"">用户</span>输出数、<span class=""hit"">用户</span>查询数、文件数、外部接口数）；再对每个计数赋予加权复杂性值（区分简单、平均、复杂，权值自行拟定）；最后用关系式 FP=总计数×[0.65+0.01×sum(<span class=""hit"">Fi</span>)]，其中总计数为所有加权复杂性值之和，<span class=""hit"">Fi</span>（i=1~14）为14个复杂性校正值，通过逐一回答图7-2的14个问题按0~5分评定。</div><div class=""ansbox"">挖空答案：<b>功能点；用户；Fi</b></div><div class=""pg"">教材页码：P208</div>"	软件项目管理 领会 软件项目中的度量 13005软件工程
"<div class=""top""><span class=""chip c1"">章节：软件项目管理</span><span class=""chip c2"">领会</span><span class=""chip c3"">软件项目中的度量</span></div><h1>功能点度量的适用范围</h1><div class=""q"">功能点<span class=""blank"">______</span>的扩充称为特征点（<span class=""blank"">______</span>）度量，它适用于实时处理、过程<span class=""blank"">______</span>、嵌入式软件这些算法复杂性高的应用的度量。</div>"	"<div class=""top""><span class=""chip c1"">章节：软件项目管理</span><span class=""chip c2"">领会</span><span class=""chip c3"">软件项目中的度量</span></div><h1>功能点度量的适用范围</h1><div class=""a"">功能点<span class=""hit"">度量</span>的扩充称为特征点（<span class=""hit"">Feature Point</span>）<span class=""hit"">度量</span>，它适用于实时处理、过程<span class=""hit"">控制</span>、嵌入式软件这些算法复杂性高的应用的<span class=""hit"">度量</span>。</div><div class=""ansbox"">挖空答案：<b>度量；Feature Point；控制</b></div><div class=""pg"">教材页码：P209</div>"	软件项目管理 领会 软件项目中的度量 13005软件工程
"<div class=""top""><span class=""chip c1"">章节：软件项目管理</span><span class=""chip c2"">领会</span><span class=""chip c3"">软件项目中的度量</span></div><h1>软件正确性的度量</h1><div class=""q"">软件正确性要求软件正确地执行所要求的功能。对正确性最基础的度量是每千<span class=""blank"">______</span>（<span class=""blank"">______</span>）的差错数，其中差错定义为已被证实是不符合需求的缺陷；差错在程序交付<span class=""blank"">______</span>普遍使用后由用户报告，按标准时间周期（典型情况是1年）进行计数。</div>"	"<div class=""top""><span class=""chip c1"">章节：软件项目管理</span><span class=""chip c2"">领会</span><span class=""chip c3"">软件项目中的度量</span></div><h1>软件正确性的度量</h1><div class=""a"">软件正确性要求软件正确地执行所要求的功能。对正确性最基础的度量是每千<span class=""hit"">代码行</span>（<span class=""hit"">KLOC</span>）的差错数，其中差错定义为已被证实是不符合需求的缺陷；差错在程序交付<span class=""hit"">用户</span>普遍使用后由<span class=""hit"">用户</span>报告，按标准时间周期（典型情况是1年）进行计数。</div><div class=""ansbox"">挖空答案：<b>代码行；KLOC；用户</b></div><div class=""pg"">教材页码：P209</div>"	软件项目管理 领会 软件项目中的度量 13005软件工程
"<div class=""top""><span class=""chip c1"">章节：软件项目管理</span><span class=""chip c2"">领会</span><span class=""chip c3"">软件项目中的度量</span></div><h1>软件可维护性的度量</h1><div class=""q""><span class=""blank"">______</span>只能采取<span class=""blank"">______</span>，可采用平均修改时间（MeanTimeToChange, MTTC）来度量软件的可维护性。MTTC包括开始分析变更要求、设计合适的修改、<span class=""blank"">______</span>变更并测试它，以及把这种变更发送给所有用户的时间。</div>"	"<div class=""top""><span class=""chip c1"">章节：软件项目管理</span><span class=""chip c2"">领会</span><span class=""chip c3"">软件项目中的度量</span></div><h1>软件可维护性的度量</h1><div class=""a""><span class=""hit"">可维护性</span>只能采取<span class=""hit"">间接度量</span>，可采用平均修改时间（MeanTimeToChange, MTTC）来度量软件的<span class=""hit"">可维护性</span>。MTTC包括开始分析变更要求、设计合适的修改、<span class=""hit"">实现</span>变更并测试它，以及把这种变更发送给所有用户的时间。</div><div class=""ansbox"">挖空答案：<b>可维护性；间接度量；实现</b></div><div class=""pg"">教材页码：P209</div>"	软件项目管理 领会 软件项目中的度量 13005软件工程
"<div class=""top""><span class=""chip c1"">章节：软件项目管理</span><span class=""chip c2"">领会</span><span class=""chip c3"">软件项目中的度量</span></div><h1>软件完整性的度量</h1><div class=""q"">完整性<span class=""blank"">______</span>一个系统抗拒对它安全性攻击（包括事故的和人为的）的能力，程序、<span class=""blank"">______</span>和文档三个成分都会遭到攻击。为度量完整性需<span class=""blank"">______</span>两个子属性：危险性（特定类型的攻击在一给定时间内发生的概率，可估计或从经验数据导出）和安全性（排除特定类型攻击的概率，可估计或从经验数据导出）。</div>"	"<div class=""top""><span class=""chip c1"">章节：软件项目管理</span><span class=""chip c2"">领会</span><span class=""chip c3"">软件项目中的度量</span></div><h1>软件完整性的度量</h1><div class=""a"">完整性<span class=""hit"">度量</span>一个系统抗拒对它安全性攻击（包括事故的和人为的）的能力，程序、<span class=""hit"">数据</span>和文档三个成分都会遭到攻击。为<span class=""hit"">度量</span>完整性需<span class=""hit"">定义</span>两个子属性：危险性（特定类型的攻击在一给定时间内发生的概率，可估计或从经验<span class=""hit"">数据</span>导出）和安全性（排除特定类型攻击的概率，可估计或从经验<span class=""hit"">数据</span>导出）。</div><div class=""ansbox"">挖空答案：<b>度量；数据；定义</b></div><div class=""pg"">教材页码：P209</div>"	软件项目管理 领会 软件项目中的度量 13005软件工程
"<div class=""top""><span class=""chip c1"">章节：软件项目管理</span><span class=""chip c2"">领会</span><span class=""chip c3"">软件项目中的度量</span></div><h1>软件可使用性的度量</h1><div class=""q"">可使用性力图量化&quot;<span class=""blank"">______</span>&quot;，并依据4个特征进行<span class=""blank"">______</span>：为学习系统所需要的体力上的和智力上的技能；为达到适度有效使用系统所需要的时间；当软件被某些人适度有效地使用时所度量的在<span class=""blank"">______</span>方面的净增值；用户角度对系统的主观评价（可通过问题调查表得到）。</div>"	"<div class=""top""><span class=""chip c1"">章节：软件项目管理</span><span class=""chip c2"">领会</span><span class=""chip c3"">软件项目中的度量</span></div><h1>软件可使用性的度量</h1><div class=""a"">可使用性力图量化&quot;<span class=""hit"">用户友好性</span>&quot;，并依据4个特征进行<span class=""hit"">度量</span>：为学习系统所需要的体力上的和智力上的技能；为达到适度有效使用系统所需要的时间；当软件被某些人适度有效地使用时所<span class=""hit"">度量</span>的在<span class=""hit"">生产率</span>方面的净增值；用户角度对系统的主观评价（可通过问题调查表得到）。</div><div class=""ansbox"">挖空答案：<b>用户友好性；度量；生产率</b></div><div class=""pg"">教材页码：P209</div>"	软件项目管理 领会 软件项目中的度量 13005软件工程
"<div class=""top""><span class=""chip c1"">章节：软件项目管理</span><span class=""chip c2"">识记</span><span class=""chip c3"">软件项目的评估</span></div><h1>风险估计的4种活动</h1><div class=""q""><span class=""blank"">______</span>计划人员与<span class=""blank"">______</span>人员、技术人员一起进行的4种<span class=""blank"">______</span>活动：1）建立一个尺度或标准来表示一个风险的可能性；2）描述风险的后果；3）估计风险对项目产生的影响；4）风险估计的正确性。</div>"	"<div class=""top""><span class=""chip c1"">章节：软件项目管理</span><span class=""chip c2"">识记</span><span class=""chip c3"">软件项目的评估</span></div><h1>风险估计的4种活动</h1><div class=""a""><span class=""hit"">项目</span>计划人员与<span class=""hit"">管理</span>人员、技术人员一起进行的4种<span class=""hit"">风险估计</span>活动：1）建立一个尺度或标准来表示一个风险的可能性；2）描述风险的后果；3）估计风险对<span class=""hit"">项目</span>产生的影响；4）<span class=""hit"">风险估计</span>的正确性。</div><div class=""ansbox"">挖空答案：<b>项目；管理；风险估计</b></div><div class=""pg"">教材页码：P210</div>"	软件项目管理 识记 软件项目的评估 13005软件工程
"<div class=""top""><span class=""chip c1"">章节：软件项目管理</span><span class=""chip c2"">识记</span><span class=""chip c3"">软件项目的评估</span></div><h1>风险范围的含义</h1><div class=""q"">风险的范围<span class=""blank"">______</span>了风险的严重性及其总的分布，即该风险对<span class=""blank"">______</span>的影响有多大、对<span class=""blank"">______</span>的损害又有多大，是造成风险影响的三因素（风险的表现、风险的范围、风险的时间）之一。</div>"	"<div class=""top""><span class=""chip c1"">章节：软件项目管理</span><span class=""chip c2"">识记</span><span class=""chip c3"">软件项目的评估</span></div><h1>风险范围的含义</h1><div class=""a"">风险的范围<span class=""hit"">组合</span>了风险的严重性及其总的分布，即该风险对<span class=""hit"">项目</span>的影响有多大、对<span class=""hit"">用户</span>的损害又有多大，是造成风险影响的三因素（风险的表现、风险的范围、风险的时间）之一。</div><div class=""ansbox"">挖空答案：<b>组合；项目；用户</b></div><div class=""pg"">教材页码：P211</div>"	软件项目管理 识记 软件项目的评估 13005软件工程
"<div class=""top""><span class=""chip c1"">章节：软件项目管理</span><span class=""chip c2"">识记</span><span class=""chip c3"">软件项目的评估</span></div><h1>风险事件的含义</h1><div class=""q"">风险事件（风险的表现）指出在风险出现时可能出现的问题。例如一个定义得很差的<span class=""blank"">______</span>硬件外部接口（<span class=""blank"">______</span>）会妨碍早期的<span class=""blank"">______</span>和测试，且很可能在项目后期造成系统组装上的问题。</div>"	"<div class=""top""><span class=""chip c1"">章节：软件项目管理</span><span class=""chip c2"">识记</span><span class=""chip c3"">软件项目的评估</span></div><h1>风险事件的含义</h1><div class=""a"">风险事件（风险的表现）指出在风险出现时可能出现的问题。例如一个定义得很差的<span class=""hit"">用户</span>硬件外部接口（<span class=""hit"">技术风险</span>）会妨碍早期的<span class=""hit"">设计</span>和测试，且很可能在项目后期造成系统组装上的问题。</div><div class=""ansbox"">挖空答案：<b>用户；技术风险；设计</b></div><div class=""pg"">教材页码：P211</div>"	软件项目管理 识记 软件项目的评估 13005软件工程
"<div class=""top""><span class=""chip c1"">章节：软件项目管理</span><span class=""chip c2"">识记</span><span class=""chip c3"">软件项目的评估</span></div><h1>评价风险的三元组中</h1><div class=""q"">在风险驾驭<span class=""blank"">______</span>中进行<span class=""blank"">______</span>时，应当建立一个三元组 [r, l, x]，其中 r 是风险，l 是风险出现的可能性（概率），x 是风险的影响。</div>"	"<div class=""top""><span class=""chip c1"">章节：软件项目管理</span><span class=""chip c2"">识记</span><span class=""chip c3"">软件项目的评估</span></div><h1>评价风险的三元组中</h1><div class=""a"">在风险驾驭<span class=""hit"">过程</span>中进行<span class=""hit"">风险评价</span>时，应当建立一个三元组 [r, l, x]，其中 r 是风险，l 是风险出现的可能性（概率），x 是风险的影响。</div><div class=""ansbox"">挖空答案：<b>过程；风险评价</b></div><div class=""pg"">教材页码：P211</div>"	软件项目管理 识记 软件项目的评估 13005软件工程
"<div class=""top""><span class=""chip c1"">章节：软件项目管理</span><span class=""chip c2"">识记</span><span class=""chip c3"">软件项目的评估</span></div><h1>每个指标的含义</h1><div class=""q"">三元组每个指标的含义：r（风险）表示风险本身；l（可能性/概率）表示风险出现的可能性；x（影响）表示风险的影响。在评价时应进一步检验<span class=""blank"">______</span>所得估计的准确性，对已暴露风险优先排队，并着手考虑<span class=""blank"">______</span>和消除风险的<span class=""blank"">______</span>。</div>"	"<div class=""top""><span class=""chip c1"">章节：软件项目管理</span><span class=""chip c2"">识记</span><span class=""chip c3"">软件项目的评估</span></div><h1>每个指标的含义</h1><div class=""a"">三元组每个指标的含义：r（风险）表示风险本身；l（可能性/概率）表示风险出现的可能性；x（影响）表示风险的影响。在评价时应进一步检验<span class=""hit"">风险估计</span>所得估计的准确性，对已暴露风险优先排队，并着手考虑<span class=""hit"">控制</span>和消除风险的<span class=""hit"">方法</span>。</div><div class=""ansbox"">挖空答案：<b>风险估计；控制；方法</b></div><div class=""pg"">教材页码：P211</div>"	软件项目管理 识记 软件项目的评估 13005软件工程
"<div class=""top""><span class=""chip c1"">章节：软件项目管理</span><span class=""chip c2"">识记</span><span class=""chip c3"">软件项目的评估</span></div><h1>风险管理的任务</h1><div class=""q"">风险管理（<span class=""blank"">______</span>）的内容包括风险识别、<span class=""blank"">______</span>、<span class=""blank"">______</span>、风险驾驭与监控：即识别项目/技术/商业风险，估计风险发生可能性与后果，用三元组评价并排队，采取驾驭步骤避开或转移风险，并对风险进行跟踪监控，从而主动防范和控制风险。</div>"	"<div class=""top""><span class=""chip c1"">章节：软件项目管理</span><span class=""chip c2"">识记</span><span class=""chip c3"">软件项目的评估</span></div><h1>风险管理的任务</h1><div class=""a"">风险管理（<span class=""hit"">风险驾驭</span>）的内容包括风险识别、<span class=""hit"">风险估计</span>、<span class=""hit"">风险评价</span>、<span class=""hit"">风险驾驭</span>与监控：即识别项目/技术/商业风险，估计风险发生可能性与后果，用三元组评价并排队，采取驾驭步骤避开或转移风险，并对风险进行跟踪监控，从而主动防范和控制风险。</div><div class=""ansbox"">挖空答案：<b>风险驾驭；风险估计；风险评价</b></div><div class=""pg"">教材页码：P210</div>"	软件项目管理 识记 软件项目的评估 13005软件工程
"<div class=""top""><span class=""chip c1"">章节：软件项目管理</span><span class=""chip c2"">识记</span><span class=""chip c3"">软件项目的评估</span></div><h1>风险监控的3个主要目标</h1><div class=""q""><span class=""blank"">______</span>作为一种<span class=""blank"">______</span>追踪活动，有3个主要目标：1）进行里程碑事件跟踪和主要风险因素跟踪，判断一个预测的风险是否发生了；2）进行风险再分析，确保针对风险制定的风险消除步骤被实施；3）收集可用于将来进行<span class=""blank"">______</span>的信息。</div>"	"<div class=""top""><span class=""chip c1"">章节：软件项目管理</span><span class=""chip c2"">识记</span><span class=""chip c3"">软件项目的评估</span></div><h1>风险监控的3个主要目标</h1><div class=""a""><span class=""hit"">风险监控</span>作为一种<span class=""hit"">项目</span>追踪活动，有3个主要目标：1）进行里程碑事件跟踪和主要风险因素跟踪，判断一个预测的风险是否发生了；2）进行风险再分析，确保针对风险制定的风险消除步骤被实施；3）收集可用于将来进行<span class=""hit"">风险分析</span>的信息。</div><div class=""ansbox"">挖空答案：<b>风险监控；项目；风险分析</b></div><div class=""pg"">教材页码：P213</div>"	软件项目管理 识记 软件项目的评估 13005软件工程
"<div class=""top""><span class=""chip c1"">章节：软件项目管理</span><span class=""chip c2"">识记</span><span class=""chip c3"">软件项目的评估</span></div><h1>软件开发成本的估算依据</h1><div class=""q"">软件开发成本主要指开发过程中所花费的工作量及相应代价，主要是人的劳动消耗（不含原材料和能源），以一次性开发过程所花费代价计算。其估算依据是：从软件计划、<span class=""blank"">______</span>、设计、编码、单元测试、<span class=""blank"">______</span>到<span class=""blank"">______</span>的整个软件开发全过程所花费的人工代价。</div>"	"<div class=""top""><span class=""chip c1"">章节：软件项目管理</span><span class=""chip c2"">识记</span><span class=""chip c3"">软件项目的评估</span></div><h1>软件开发成本的估算依据</h1><div class=""a"">软件开发成本主要指开发过程中所花费的工作量及相应代价，主要是人的劳动消耗（不含原材料和能源），以一次性开发过程所花费代价计算。其估算依据是：从软件计划、<span class=""hit"">需求分析</span>、设计、编码、单元测试、<span class=""hit"">组装测试</span>到<span class=""hit"">确认测试</span>的整个软件开发全过程所花费的人工代价。</div><div class=""ansbox"">挖空答案：<b>需求分析；组装测试；确认测试</b></div><div class=""pg"">教材页码：P213</div>"	软件项目管理 识记 软件项目的评估 13005软件工程
"<div class=""top""><span class=""chip c1"">章节：软件项目管理</span><span class=""chip c2"">领会</span><span class=""chip c3"">软件项目的评估</span></div><h1>项目风险包括的问题</h1><div class=""q""><span class=""blank"">______</span>包括潜在的预算、进度、人员及人员的<span class=""blank"">______</span>、资源、<span class=""blank"">______</span>和需求方面的问题，以及它们对软件项目的影响；项目复杂性、规模和结构等都可构成风险因素。</div>"	"<div class=""top""><span class=""chip c1"">章节：软件项目管理</span><span class=""chip c2"">领会</span><span class=""chip c3"">软件项目的评估</span></div><h1>项目风险包括的问题</h1><div class=""a""><span class=""hit"">项目风险</span>包括潜在的预算、进度、人员及人员的<span class=""hit"">组织</span>、资源、<span class=""hit"">用户</span>和需求方面的问题，以及它们对软件项目的影响；项目复杂性、规模和结构等都可构成风险因素。</div><div class=""ansbox"">挖空答案：<b>项目风险；组织；用户</b></div><div class=""pg"">教材页码：P210</div>"	软件项目管理 领会 软件项目的评估 13005软件工程
"<div class=""top""><span class=""chip c1"">章节：软件项目管理</span><span class=""chip c2"">领会</span><span class=""chip c3"">软件项目的评估</span></div><h1>技术风险包括的问题</h1><div class=""q""><span class=""blank"">______</span>包括<span class=""blank"">______</span>、<span class=""blank"">______</span>、接口、检验和维护方面的问题；此外规格说明的多义性、技术上的不确定性、技术陈旧、最新但不成熟的技术也是风险因素。技术风险之所以出现，是由于问题的解决比所预想的要复杂。</div>"	"<div class=""top""><span class=""chip c1"">章节：软件项目管理</span><span class=""chip c2"">领会</span><span class=""chip c3"">软件项目的评估</span></div><h1>技术风险包括的问题</h1><div class=""a""><span class=""hit"">技术风险</span>包括<span class=""hit"">设计</span>、<span class=""hit"">实现</span>、接口、检验和维护方面的问题；此外规格说明的多义性、技术上的不确定性、技术陈旧、最新但不成熟的技术也是风险因素。<span class=""hit"">技术风险</span>之所以出现，是由于问题的解决比所预想的要复杂。</div><div class=""ansbox"">挖空答案：<b>技术风险；设计；实现</b></div><div class=""pg"">教材页码：P210</div>"	软件项目管理 领会 软件项目的评估 13005软件工程
"<div class=""top""><span class=""chip c1"">章节：软件项目管理</span><span class=""chip c2"">领会</span><span class=""chip c3"">软件项目的评估</span></div><h1>商业风险包括的问题</h1><div class=""q"">主要的<span class=""blank"">______</span>有5种：1）市场风险，<span class=""blank"">______</span>的软件虽很优秀但缺乏市场、缺乏需要它的<span class=""blank"">______</span>；2）建立的软件不适合整个软件产品战略；3）销售部门不清楚如何推销这种软件；4）由于课题改变或人员改变等不可预知因素而失去上级管理部门对项目的支持；5）预算风险，失去预算或人员的承诺。</div>"	"<div class=""top""><span class=""chip c1"">章节：软件项目管理</span><span class=""chip c2"">领会</span><span class=""chip c3"">软件项目的评估</span></div><h1>商业风险包括的问题</h1><div class=""a"">主要的<span class=""hit"">商业风险</span>有5种：1）市场风险，<span class=""hit"">实现</span>的软件虽很优秀但缺乏市场、缺乏需要它的<span class=""hit"">用户</span>；2）建立的软件不适合整个软件产品战略；3）销售部门不清楚如何推销这种软件；4）由于课题改变或人员改变等不可预知因素而失去上级管理部门对项目的支持；5）预算风险，失去预算或人员的承诺。</div><div class=""ansbox"">挖空答案：<b>商业风险；实现；用户</b></div><div class=""pg"">教材页码：P210</div>"	软件项目管理 领会 软件项目的评估 13005软件工程
"<div class=""top""><span class=""chip c1"">章节：软件项目管理</span><span class=""chip c2"">领会</span><span class=""chip c3"">软件项目的评估</span></div><h1>风险识别的任务与方法</h1><div class=""q"">风险识别的任务是识别属于<span class=""blank"">______</span>、<span class=""blank"">______</span>、商业风险中某些特定项目的风险。方法是利用一组提问帮助项目计划人员了解在项目和技术方面有哪些风险：可用一个&quot;<span class=""blank"">______</span>&quot;列出与每个风险因素有关的所有可能提问，对这些提问通过判定分析或假设分析给出确定回答，从而帮助管理或计划人员估算风险的影响。</div>"	"<div class=""top""><span class=""chip c1"">章节：软件项目管理</span><span class=""chip c2"">领会</span><span class=""chip c3"">软件项目的评估</span></div><h1>风险识别的任务与方法</h1><div class=""a"">风险识别的任务是识别属于<span class=""hit"">项目风险</span>、<span class=""hit"">技术风险</span>、商业风险中某些特定项目的风险。方法是利用一组提问帮助项目计划人员了解在项目和技术方面有哪些风险：可用一个&quot;<span class=""hit"">风险项目检查表</span>&quot;列出与每个风险因素有关的所有可能提问，对这些提问通过判定分析或假设分析给出确定回答，从而帮助管理或计划人员估算风险的影响。</div><div class=""ansbox"">挖空答案：<b>项目风险；技术风险；风险项目检查表</b></div><div class=""pg"">教材页码：P210</div>"	软件项目管理 领会 软件项目的评估 13005软件工程
"<div class=""top""><span class=""chip c1"">章节：软件项目管理</span><span class=""chip c2"">领会</span><span class=""chip c3"">软件项目的评估</span></div><h1>风险参照水准</h1><div class=""q"">风险参照水准是用于判断继续还是终止<span class=""blank"">______</span>的参照标准。对大多数软件项目，<span class=""blank"">______</span>、进度和<span class=""blank"">______</span>是3种典型的风险参照水准；对成本超支、进度延期、性能降低（或其某种组合），有一个表明导致项目终止的水准，若风险组合造成的问题超出一个或多个参照水准就要终止工作。参照水准上单独的点叫参照点或崩滑点，在该点公正判断是继续还是终止执行项目工作。</div>"	"<div class=""top""><span class=""chip c1"">章节：软件项目管理</span><span class=""chip c2"">领会</span><span class=""chip c3"">软件项目的评估</span></div><h1>风险参照水准</h1><div class=""a"">风险参照水准是用于判断继续还是终止<span class=""hit"">项目</span>的参照标准。对大多数软件<span class=""hit"">项目</span>，<span class=""hit"">成本</span>、进度和<span class=""hit"">性能</span>是3种典型的风险参照水准；对<span class=""hit"">成本</span>超支、进度延期、<span class=""hit"">性能</span>降低（或其某种组合），有一个表明导致<span class=""hit"">项目</span>终止的水准，若风险组合造成的问题超出一个或多个参照水准就要终止工作。参照水准上单独的点叫参照点或崩滑点，在该点公正判断是继续还是终止执行<span class=""hit"">项目</span>工作。</div><div class=""ansbox"">挖空答案：<b>项目；成本；性能</b></div><div class=""pg"">教材页码：P211</div>"	软件项目管理 领会 软件项目的评估 13005软件工程
"<div class=""top""><span class=""chip c1"">章节：软件项目管理</span><span class=""chip c2"">领会</span><span class=""chip c3"">软件项目的评估</span></div><h1>风险评价的步骤</h1><div class=""q""><span class=""blank"">______</span>按以下步骤执行：1）为<span class=""blank"">______</span>定义<span class=""blank"">______</span>；2）尝试找出在每个[r, l]和每个参照水准之间的关系；3）预测参照点组以定义一个终止区域，用一条曲线或一组易变动的区域来界定；4）努力预测复合的风险组合将如何形成一个参照水准。</div>"	"<div class=""top""><span class=""chip c1"">章节：软件项目管理</span><span class=""chip c2"">领会</span><span class=""chip c3"">软件项目的评估</span></div><h1>风险评价的步骤</h1><div class=""a""><span class=""hit"">风险评价</span>按以下步骤执行：1）为<span class=""hit"">项目</span>定义<span class=""hit"">风险参照水准</span>；2）尝试找出在每个[r, l]和每个参照水准之间的关系；3）预测参照点组以定义一个终止区域，用一条曲线或一组易变动的区域来界定；4）努力预测复合的风险组合将如何形成一个参照水准。</div><div class=""ansbox"">挖空答案：<b>风险评价；项目；风险参照水准</b></div><div class=""pg"">教材页码：P212</div>"	软件项目管理 领会 软件项目的评估 13005软件工程
"<div class=""top""><span class=""chip c1"">章节：软件项目管理</span><span class=""chip c2"">领会</span><span class=""chip c3"">软件项目的评估</span></div><h1>风险管理步骤</h1><div class=""q"">风险管理（<span class=""blank"">______</span>）贯穿在软件工程过程中，依次包括风险识别、风险估计、<span class=""blank"">______</span>、风险驾驭与监控几个步骤：先识别各类风险，再估计其可能性与影响，用三元组[r,l,x]评价并排队、对照<span class=""blank"">______</span>判断继续或终止，然后制定风险驾驭与监控计划并实施监控，驾驭步骤成本超出收益时需做成本-效益分析。</div>"	"<div class=""top""><span class=""chip c1"">章节：软件项目管理</span><span class=""chip c2"">领会</span><span class=""chip c3"">软件项目的评估</span></div><h1>风险管理步骤</h1><div class=""a"">风险管理（<span class=""hit"">风险分析</span>）贯穿在软件工程过程中，依次包括风险识别、风险估计、<span class=""hit"">风险评价</span>、风险驾驭与监控几个步骤：先识别各类风险，再估计其可能性与影响，用三元组[r,l,x]评价并排队、对照<span class=""hit"">风险参照水准</span>判断继续或终止，然后制定风险驾驭与监控计划并实施监控，驾驭步骤成本超出收益时需做成本-效益分析。</div><div class=""ansbox"">挖空答案：<b>风险分析；风险评价；风险参照水准</b></div><div class=""pg"">教材页码：P210</div>"	软件项目管理 领会 软件项目的评估 13005软件工程
"<div class=""top""><span class=""chip c1"">章节：软件项目管理</span><span class=""chip c2"">领会</span><span class=""chip c3"">软件项目的评估</span></div><h1>软件开发成本估算方法</h1><div class=""q"">软件开发成本估算由于项目复杂，要进行一系列估算处理，主要靠分解和类推的方式进行，基本估算<span class=""blank"">______</span>分为3类：<span class=""blank"">______</span>的估算方法、<span class=""blank"">______</span>的估算方法、差别估算方法。</div>"	"<div class=""top""><span class=""chip c1"">章节：软件项目管理</span><span class=""chip c2"">领会</span><span class=""chip c3"">软件项目的评估</span></div><h1>软件开发成本估算方法</h1><div class=""a"">软件开发成本估算由于项目复杂，要进行一系列估算处理，主要靠分解和类推的方式进行，基本估算<span class=""hit"">方法</span>分为3类：<span class=""hit"">自顶向下</span>的估算<span class=""hit"">方法</span>、<span class=""hit"">自底向上</span>的估算<span class=""hit"">方法</span>、差别估算<span class=""hit"">方法</span>。</div><div class=""ansbox"">挖空答案：<b>方法；自顶向下；自底向上</b></div><div class=""pg"">教材页码：P213</div>"	软件项目管理 领会 软件项目的评估 13005软件工程
"<div class=""top""><span class=""chip c1"">章节：软件项目管理</span><span class=""chip c2"">领会</span><span class=""chip c3"">软件项目的评估</span></div><h1>自顶向下的估算方法、自底向上的估算方法、差别估算方法</h1><div class=""q"">①<span class=""blank"">______</span>：从项目整体出发类推，根据以前已完成项目耗费的总成本或总工作量推算待开发软件的总成本/总工作量，再按比例分配到需求分析、设计、编码、测试等任务；优点是估算工作量小、速度快，缺点是成本偏差大。②<span class=""blank"">______</span>：把待开发软件细分到每个子任务都明确所需工作量，再累加得总工作量；优点是各部分准确性高，缺点是缺少子任务间联系及<span class=""blank"">______</span>、质量管理、项目管理等系统级工作量，估算值偏低，须用其他方法检验校正。③差别估算：综合两者优点，把待开发项目与过去已完成项目类比，从各子任务中区分类似部分和不同部分，类似部分按实际量计算、不同部分另用相应方法估算；优点是提高准确度，缺点是不易明确&quot;类似&quot;的界限。</div>"	"<div class=""top""><span class=""chip c1"">章节：软件项目管理</span><span class=""chip c2"">领会</span><span class=""chip c3"">软件项目的评估</span></div><h1>自顶向下的估算方法、自底向上的估算方法、差别估算方法</h1><div class=""a"">①<span class=""hit"">自顶向下</span>：从项目整体出发类推，根据以前已完成项目耗费的总成本或总工作量推算待开发软件的总成本/总工作量，再按比例分配到需求分析、设计、编码、测试等任务；优点是估算工作量小、速度快，缺点是成本偏差大。②<span class=""hit"">自底向上</span>：把待开发软件细分到每个子任务都明确所需工作量，再累加得总工作量；优点是各部分准确性高，缺点是缺少子任务间联系及<span class=""hit"">配置管理</span>、质量管理、项目管理等系统级工作量，估算值偏低，须用其他方法检验校正。③差别估算：综合两者优点，把待开发项目与过去已完成项目类比，从各子任务中区分类似部分和不同部分，类似部分按实际量计算、不同部分另用相应方法估算；优点是提高准确度，缺点是不易明确&quot;类似&quot;的界限。</div><div class=""ansbox"">挖空答案：<b>自顶向下；自底向上；配置管理</b></div><div class=""pg"">教材页码：P213</div>"	软件项目管理 领会 软件项目的评估 13005软件工程
"<div class=""top""><span class=""chip c1"">章节：软件项目管理</span><span class=""chip c2"">领会</span><span class=""chip c3"">软件项目的评估</span></div><h1>软件开发成本估算模型:IBM模型、Putnam模型、COCOMO模型</h1><div class=""q"">成本估算模型采用经验公式预测所需成本、工作量和进度，主要有：①IBM模型——静态单变量模型，利用已估算特性（如源<span class=""blank"">______</span>数）估算各种资源需要量，一般在有足够有效历史数据的局部环境推导；②Putnam模型——动态多变量模型，假定整个生存期工作量有特定分布，把资源需求作为时间的函数并建立连续&quot;<span class=""blank"">______</span>&quot;，依据总工作量≥30人年大型项目数据推导，也可用于较小项目；③COCOMO模型（构造性成本模型）——精确、易用，项目总体类型分<span class=""blank"">______</span>型、嵌入型、半独立型，按详细程度分基本、中间、详细三级。</div>"	"<div class=""top""><span class=""chip c1"">章节：软件项目管理</span><span class=""chip c2"">领会</span><span class=""chip c3"">软件项目的评估</span></div><h1>软件开发成本估算模型:IBM模型、Putnam模型、COCOMO模型</h1><div class=""a"">成本估算模型采用经验公式预测所需成本、工作量和进度，主要有：①IBM模型——静态单变量模型，利用已估算特性（如源<span class=""hit"">代码行</span>数）估算各种资源需要量，一般在有足够有效历史数据的局部环境推导；②Putnam模型——动态多变量模型，假定整个生存期工作量有特定分布，把资源需求作为时间的函数并建立连续&quot;<span class=""hit"">资源需求曲线</span>&quot;，依据总工作量≥30人年大型项目数据推导，也可用于较小项目；③COCOMO模型（构造性成本模型）——精确、易用，项目总体类型分<span class=""hit"">组织</span>型、嵌入型、半独立型，按详细程度分基本、中间、详细三级。</div><div class=""ansbox"">挖空答案：<b>代码行；资源需求曲线；组织</b></div><div class=""pg"">教材页码：P214</div>"	软件项目管理 领会 软件项目的评估 13005软件工程
"<div class=""top""><span class=""chip c1"">章节：软件项目管理</span><span class=""chip c2"">领会</span><span class=""chip c3"">进度计划及管理</span></div><h1>进度管理的重要性</h1><div class=""q""><span class=""blank"">______</span>的准确程度可能比<span class=""blank"">______</span>的准确程度更重要：软件产品可靠重新定价或大量销售来弥补成本超预算，但进度落空会导致市场机会丧失、<span class=""blank"">______</span>不满意，还会导致成本增加。因此考虑进度安排时要把人员工作量与花费时间联系起来，合理分配工作量，利用进度安排方法严密监控开发进展，使进度不致拖延。</div>"	"<div class=""top""><span class=""chip c1"">章节：软件项目管理</span><span class=""chip c2"">领会</span><span class=""chip c3"">进度计划及管理</span></div><h1>进度管理的重要性</h1><div class=""a""><span class=""hit"">进度安排</span>的准确程度可能比<span class=""hit"">成本估算</span>的准确程度更重要：软件产品可靠重新定价或大量销售来弥补成本超预算，但进度落空会导致市场机会丧失、<span class=""hit"">用户</span>不满意，还会导致成本增加。因此考虑<span class=""hit"">进度安排</span>时要把人员工作量与花费时间联系起来，合理分配工作量，利用<span class=""hit"">进度安排</span>方法严密监控开发进展，使进度不致拖延。</div><div class=""ansbox"">挖空答案：<b>进度安排；成本估算；用户</b></div><div class=""pg"">教材页码：P215</div>"	软件项目管理 领会 进度计划及管理 13005软件工程
"<div class=""top""><span class=""chip c1"">章节：软件项目管理</span><span class=""chip c2"">领会</span><span class=""chip c3"">进度计划及管理</span></div><h1>项目团队与软件生产率的关系</h1><div class=""q"">当几个人共同承担某一项任务时，人与人之间必须通过交流来解决各自任务间的接口问题即通信问题，通信花费的时间和代价会引起软件错误增加、降低软件<span class=""blank"">______</span>。因此并非<span class=""blank"">______</span>团队人数越多开发进度越快，需把团队人数<span class=""blank"">______</span>在一定范围内，避免人数太多、通信开销过大使生产率太低而导致进度更难控制。</div>"	"<div class=""top""><span class=""chip c1"">章节：软件项目管理</span><span class=""chip c2"">领会</span><span class=""chip c3"">进度计划及管理</span></div><h1>项目团队与软件生产率的关系</h1><div class=""a"">当几个人共同承担某一项任务时，人与人之间必须通过交流来解决各自任务间的接口问题即通信问题，通信花费的时间和代价会引起软件错误增加、降低软件<span class=""hit"">生产率</span>。因此并非<span class=""hit"">项目</span>团队人数越多开发进度越快，需把团队人数<span class=""hit"">控制</span>在一定范围内，避免人数太多、通信开销过大使<span class=""hit"">生产率</span>太低而导致进度更难<span class=""hit"">控制</span>。</div><div class=""ansbox"">挖空答案：<b>生产率；项目；控制</b></div><div class=""pg"">教材页码：P216</div>"	软件项目管理 领会 进度计划及管理 13005软件工程
"<div class=""top""><span class=""chip c1"">章节：软件项目管理</span><span class=""chip c2"">领会</span><span class=""chip c3"">进度计划及管理</span></div><h1>根据软件进度计划确定可并行的任务</h1><div class=""q"">参加人数不止一人时开发工作出现并行：首先进行<span class=""blank"">______</span>和评审，为并行打基础；需求确认并通过评审后，概要设计（系统结构设计和<span class=""blank"">______</span>）与测试计划制订可并行进行；系统模块结构建立后，各模块的<span class=""blank"">______</span>、编码、单元测试可并行；每个模块调试完成后进行组装和组装测试，最后确认测试。并行任务须在进度计划中决定从属关系、先后次序和衔接、完成持续时间，并注意构成关键路径的任务。</div>"	"<div class=""top""><span class=""chip c1"">章节：软件项目管理</span><span class=""chip c2"">领会</span><span class=""chip c3"">进度计划及管理</span></div><h1>根据软件进度计划确定可并行的任务</h1><div class=""a"">参加人数不止一人时开发工作出现并行：首先进行<span class=""hit"">需求分析</span>和评审，为并行打基础；需求确认并通过评审后，概要设计（系统结构设计和<span class=""hit"">数据设计</span>）与测试计划制订可并行进行；系统模块结构建立后，各模块的<span class=""hit"">详细设计</span>、编码、单元测试可并行；每个模块调试完成后进行组装和组装测试，最后确认测试。并行任务须在进度计划中决定从属关系、先后次序和衔接、完成持续时间，并注意构成关键路径的任务。</div><div class=""ansbox"">挖空答案：<b>需求分析；数据设计；详细设计</b></div><div class=""pg"">教材页码：P216</div>"	软件项目管理 领会 进度计划及管理 13005软件工程
"<div class=""top""><span class=""chip c1"">章节：软件项目管理</span><span class=""chip c2"">领会</span><span class=""chip c3"">进度计划及管理</span></div><h1>PERT和CPM为项目提供的定量工具</h1><div class=""q"">PERT（计划评审技术）和CPM（<span class=""blank"">______</span>法）都采用网络图描述<span class=""blank"">______</span>网络，并为<span class=""blank"">______</span>计划人员提供以下定量工具：1）确定关键路径，即决定项目开发时间的任务链；2）应用统计模型，对每一个单独任务确定最可能的开发持续时间估算值；3）计算边界时间，为具体任务定义时间窗口（最早开始时间、最迟开始时间、最早完成时间、最迟完成时间、时间余量），使计划人员能确定关键路径并定量评估进展。</div>"	"<div class=""top""><span class=""chip c1"">章节：软件项目管理</span><span class=""chip c2"">领会</span><span class=""chip c3"">进度计划及管理</span></div><h1>PERT和CPM为项目提供的定量工具</h1><div class=""a"">PERT（计划评审技术）和CPM（<span class=""hit"">关键路径</span>法）都采用网络图描述<span class=""hit"">任务</span>网络，并为<span class=""hit"">项目</span>计划人员提供以下定量工具：1）确定<span class=""hit"">关键路径</span>，即决定<span class=""hit"">项目</span>开发时间的<span class=""hit"">任务</span>链；2）应用统计模型，对每一个单独<span class=""hit"">任务</span>确定最可能的开发持续时间估算值；3）计算边界时间，为具体<span class=""hit"">任务</span>定义时间窗口（最早开始时间、最迟开始时间、最早完成时间、最迟完成时间、时间余量），使计划人员能确定<span class=""hit"">关键路径</span>并定量评估进展。</div><div class=""ansbox"">挖空答案：<b>关键路径；任务；项目</b></div><div class=""pg"">教材页码：P217</div>"	软件项目管理 领会 进度计划及管理 13005软件工程
"<div class=""top""><span class=""chip c1"">章节：软件项目管理</span><span class=""chip c2"">领会</span><span class=""chip c3"">进度计划及管理</span></div><h1>软件进度与质量之间的关系</h1><div class=""q"">在软件工程<span class=""blank"">______</span>中必须处理好进度与质量的关系：当任务未按计划完成时若在进度压力下赶任务，其成果往往是以牺牲产品质量为代价。产品质量与<span class=""blank"">______</span>有密切关系，在价格和质量上折中是不可能的，但高质量的软件工程过程为生产者降低<span class=""blank"">______</span>是可能的。</div>"	"<div class=""top""><span class=""chip c1"">章节：软件项目管理</span><span class=""chip c2"">领会</span><span class=""chip c3"">进度计划及管理</span></div><h1>软件进度与质量之间的关系</h1><div class=""a"">在软件工程<span class=""hit"">项目</span>中必须处理好进度与质量的关系：当任务未按计划完成时若在进度压力下赶任务，其成果往往是以牺牲产品质量为代价。产品质量与<span class=""hit"">生产率</span>有密切关系，在价格和质量上折中是不可能的，但高质量的软件工程过程为生产者降低<span class=""hit"">成本</span>是可能的。</div><div class=""ansbox"">挖空答案：<b>项目；生产率；成本</b></div><div class=""pg"">教材页码：P218</div>"	软件项目管理 领会 进度计划及管理 13005软件工程
"<div class=""top""><span class=""chip c1"">章节：软件项目管理</span><span class=""chip c2"">简单应用</span><span class=""chip c3"">进度计划及管理</span></div><h1>用甘特图表示软件项目的进度</h1><div class=""q""><span class=""blank"">______</span>用水平线段表示任务的工作<span class=""blank"">______</span>，线段起点和终点分别对应任务的开工时间和完成时间，线段长度表示完成任务所需时间；在横坐标方向附加一条可向右移动的纵线，随项目进展表明已完成任务和计划完成任务，可清楚看出各子任务在时间上的对比关系。每个任务完成标准不是能否进入下一阶段，而是必须交付应交付文档并通过评审（○文档编写、△评审为<span class=""blank"">______</span>）。优点是标明各任务计划进度和当前进度、能动态反映进展；缺点是难以反映多个任务间复杂的逻辑关系。</div>"	"<div class=""top""><span class=""chip c1"">章节：软件项目管理</span><span class=""chip c2"">简单应用</span><span class=""chip c3"">进度计划及管理</span></div><h1>用甘特图表示软件项目的进度</h1><div class=""a""><span class=""hit"">甘特图</span>用水平线段表示任务的工作<span class=""hit"">阶段</span>，线段起点和终点分别对应任务的开工时间和完成时间，线段长度表示完成任务所需时间；在横坐标方向附加一条可向右移动的纵线，随项目进展表明已完成任务和计划完成任务，可清楚看出各子任务在时间上的对比关系。每个任务完成标准不是能否进入下一<span class=""hit"">阶段</span>，而是必须交付应交付文档并通过评审（○文档编写、△评审为<span class=""hit"">里程碑</span>）。优点是标明各任务计划进度和当前进度、能动态反映进展；缺点是难以反映多个任务间复杂的逻辑关系。</div><div class=""ansbox"">挖空答案：<b>甘特图；阶段；里程碑</b></div><div class=""pg"">教材页码：P216</div>"	软件项目管理 简单应用 进度计划及管理 13005软件工程
"<div class=""top""><span class=""chip c1"">章节：软件项目管理</span><span class=""chip c2"">简单应用</span><span class=""chip c3"">进度计划及管理</span></div><h1>任务网络图</h1><div class=""q"">任务网络图由PERT/CPM采用，从<span class=""blank"">______</span>开始到结束把应完成的任务用图表示：各边表示要完成的任务，边上标注任务名称和持续时间，带数字编号的结点是任务的起点和终点（起点为0号、终点为8号），可明确表示各项任务<span class=""blank"">______</span>时间及任务间依赖关系。通常用两张图：一张显示项目所有任务，另一张显示完成次序和各任务衔接；<span class=""blank"">______</span>复杂任务或需详细计划时可使用分层任务网络图（父图No.0分解出子图No.1、No.2）。</div>"	"<div class=""top""><span class=""chip c1"">章节：软件项目管理</span><span class=""chip c2"">简单应用</span><span class=""chip c3"">进度计划及管理</span></div><h1>任务网络图</h1><div class=""a"">任务网络图由PERT/CPM采用，从<span class=""hit"">项目</span>开始到结束把应完成的任务用图表示：各边表示要完成的任务，边上标注任务名称和持续时间，带数字编号的结点是任务的起点和终点（起点为0号、终点为8号），可明确表示各项任务<span class=""hit"">计划</span>时间及任务间依赖关系。通常用两张图：一张显示<span class=""hit"">项目</span>所有任务，另一张显示完成次序和各任务衔接；<span class=""hit"">组织</span>复杂任务或需详细<span class=""hit"">计划</span>时可使用分层任务网络图（父图No.0分解出子图No.1、No.2）。</div><div class=""ansbox"">挖空答案：<b>项目；计划；组织</b></div><div class=""pg"">教材页码：P217</div>"	软件项目管理 简单应用 进度计划及管理 13005软件工程
"<div class=""top""><span class=""chip c1"">章节：软件项目管理</span><span class=""chip c2"">简单应用</span><span class=""chip c3"">进度计划及管理</span></div><h1>进度追踪的方式</h1><div class=""q"">进度追踪可用不同方式：1）定期举行项目<span class=""blank"">______</span>会议，每位项目成员报告进展和遇到的问题；2）评价在软件工程过程中所产生的所有评审的结果；3）确定由项目计划进度所安排的可能选择的正式<span class=""blank"">______</span>；4）比较项目<span class=""blank"">______</span>表中每个项目任务的实际开始时间和计划开始时间；5）非正式地与开发人员交谈，以得到他们对开发进展和处于萌芽状态问题的客观评价。</div>"	"<div class=""top""><span class=""chip c1"">章节：软件项目管理</span><span class=""chip c2"">简单应用</span><span class=""chip c3"">进度计划及管理</span></div><h1>进度追踪的方式</h1><div class=""a"">进度追踪可用不同方式：1）定期举行项目<span class=""hit"">状态</span>会议，每位项目成员报告进展和遇到的问题；2）评价在软件工程过程中所产生的所有评审的结果；3）确定由项目计划进度所安排的可能选择的正式<span class=""hit"">里程碑</span>；4）比较项目<span class=""hit"">资源</span>表中每个项目任务的实际开始时间和计划开始时间；5）非正式地与开发人员交谈，以得到他们对开发进展和处于萌芽<span class=""hit"">状态</span>问题的客观评价。</div><div class=""ansbox"">挖空答案：<b>状态；里程碑；资源</b></div><div class=""pg"">教材页码：P218</div>"	软件项目管理 简单应用 进度计划及管理 13005软件工程
"<div class=""top""><span class=""chip c1"">章节：软件项目管理</span><span class=""chip c2"">本章重点</span></div><h1>软件项目管理工作的主要内容</h1><div class=""q"">本章重点：<span class=""blank"">______</span>工作的主要内容——管理对象为人员、产品、过程、项目（4P）；软件项目团队的构成与组织、团队沟通；软件产品范围与<span class=""blank"">______</span>、影响过程模型选择的因素；项目管理<span class=""blank"">______</span>（启动项目、度量、估算、风险分析、进度安排、追踪控制）；软件项目特点与管理困难及管理的主要职能。</div>"	"<div class=""top""><span class=""chip c1"">章节：软件项目管理</span><span class=""chip c2"">本章重点</span></div><h1>软件项目管理工作的主要内容</h1><div class=""a"">本章重点：<span class=""hit"">软件项目管理</span>工作的主要内容——管理对象为人员、产品、过程、项目（4P）；软件项目团队的构成与组织、团队沟通；软件产品范围与<span class=""hit"">问题分解</span>、影响过程模型选择的因素；项目管理<span class=""hit"">工作步骤</span>（启动项目、度量、估算、风险分析、进度安排、追踪控制）；软件项目特点与管理困难及管理的主要职能。</div><div class=""ansbox"">挖空答案：<b>软件项目管理；问题分解；工作步骤</b></div><div class=""pg"">教材页码：P219</div>"	软件项目管理 本章重点 13005软件工程
"<div class=""top""><span class=""chip c1"">章节：软件项目管理</span><span class=""chip c2"">本章重点</span></div><h1>软件的度量</h1><div class=""q"">本章重点：软件的度量——软件度量的范围与目的；<span class=""blank"">______</span>与间接度量；软件度量的分类（面向规模、<span class=""blank"">______</span>、面向人、技术、质量、生产率度量）；面向规模的度量；面向功能的度量及功能点（FP）计算方法与适用范围；<span class=""blank"">______</span>的度量属性（正确性、可维护性、完整性、可使用性）。</div>"	"<div class=""top""><span class=""chip c1"">章节：软件项目管理</span><span class=""chip c2"">本章重点</span></div><h1>软件的度量</h1><div class=""a"">本章重点：软件的度量——软件度量的范围与目的；<span class=""hit"">直接度量</span>与间接度量；软件度量的分类（面向规模、<span class=""hit"">面向功能</span>、面向人、技术、质量、生产率度量）；面向规模的度量；<span class=""hit"">面向功能</span>的度量及功能点（FP）计算方法与适用范围；<span class=""hit"">软件质量</span>的度量属性（正确性、可维护性、完整性、可使用性）。</div><div class=""ansbox"">挖空答案：<b>直接度量；面向功能；软件质量</b></div><div class=""pg"">教材页码：P219</div>"	软件项目管理 本章重点 13005软件工程
"<div class=""top""><span class=""chip c1"">章节：软件项目管理</span><span class=""chip c2"">本章重点</span></div><h1>软件项目的风险评估和成本评估</h1><div class=""q"">本章重点：软件项目的风险评估和成本评估——风险分为项目风险、技术风险和商业风险；风险识别任务与方法、风险估计的4种活动、风险评价（三元组与<span class=""blank"">______</span>）及步骤、风险驾驭步骤、风险监控的3个主要目标；软件开发成本估算的3类方法（<span class=""blank"">______</span>、<span class=""blank"">______</span>、差别估算）及IBM、Putnam、COCOMO估算模型。</div>"	"<div class=""top""><span class=""chip c1"">章节：软件项目管理</span><span class=""chip c2"">本章重点</span></div><h1>软件项目的风险评估和成本评估</h1><div class=""a"">本章重点：软件项目的风险评估和成本评估——风险分为项目风险、技术风险和商业风险；风险识别任务与方法、风险估计的4种活动、风险评价（三元组与<span class=""hit"">风险参照水准</span>）及步骤、风险驾驭步骤、风险监控的3个主要目标；软件开发成本估算的3类方法（<span class=""hit"">自顶向下</span>、<span class=""hit"">自底向上</span>、差别估算）及IBM、Putnam、COCOMO估算模型。</div><div class=""ansbox"">挖空答案：<b>风险参照水准；自顶向下；自底向上</b></div><div class=""pg"">教材页码：P219</div>"	软件项目管理 本章重点 13005软件工程
"<div class=""top""><span class=""chip c1"">章节：软件项目管理</span><span class=""chip c2"">本章重点</span></div><h1>软件项目的进度管理</h1><div class=""q"">本章重点：软件项目的进度管理——<span class=""blank"">______</span>的重要性；项目团队与软件生产率的关系；软件开发工作的并行性与<span class=""blank"">______</span>；进度安排方法中的甘特图；PERT和CPM及相关定量工具（确定<span class=""blank"">______</span>、应用统计模型、计算边界时间）；进度的追踪与控制。</div>"	"<div class=""top""><span class=""chip c1"">章节：软件项目管理</span><span class=""chip c2"">本章重点</span></div><h1>软件项目的进度管理</h1><div class=""a"">本章重点：软件项目的进度管理——<span class=""hit"">进度安排</span>的重要性；项目团队与软件生产率的关系；软件开发工作的并行性与<span class=""hit"">任务分解</span>；<span class=""hit"">进度安排</span>方法中的甘特图；PERT和CPM及相关定量工具（确定<span class=""hit"">关键路径</span>、应用统计模型、计算边界时间）；进度的追踪与控制。</div><div class=""ansbox"">挖空答案：<b>进度安排；任务分解；关键路径</b></div><div class=""pg"">教材页码：P219</div>"	软件项目管理 本章重点 13005软件工程
"<div class=""top""><span class=""chip c1"">章节：软件项目管理</span><span class=""chip c2"">本章难点</span></div><h1>软件质量的评估</h1><div class=""q"">本章难点：软件质量的评估——软件的功能、复杂性、效率、可靠性、<span class=""blank"">______</span>等质量特性难以<span class=""blank"">______</span>，只能通过<span class=""blank"">______</span>推断；需从正确性（每KLOC差错数）、可维护性（MTTC平均修改时间）、完整性（危险性与安全性两个子属性）、可使用性（学习技能、所需时间、生产率净增值、用户主观评价4特征）多方面加以量化评价。</div>"	"<div class=""top""><span class=""chip c1"">章节：软件项目管理</span><span class=""chip c2"">本章难点</span></div><h1>软件质量的评估</h1><div class=""a"">本章难点：软件质量的评估——软件的功能、复杂性、效率、可靠性、<span class=""hit"">可维护性</span>等质量特性难以<span class=""hit"">直接度量</span>，只能通过<span class=""hit"">间接度量</span>推断；需从正确性（每KLOC差错数）、<span class=""hit"">可维护性</span>（MTTC平均修改时间）、完整性（危险性与安全性两个子属性）、可使用性（学习技能、所需时间、生产率净增值、用户主观评价4特征）多方面加以量化评价。</div><div class=""ansbox"">挖空答案：<b>可维护性；直接度量；间接度量</b></div><div class=""pg"">教材页码：P209</div>"	软件项目管理 本章难点 13005软件工程
"<div class=""top""><span class=""chip c1"">章节：软件项目管理</span><span class=""chip c2"">本章难点</span></div><h1>风险控制和进度管理</h1><div class=""q"">本章难点：风险控制和进度管理——风险控制需对数十项风险逐一识别、估计、评价并制定3~7个驾驭步骤，进行<span class=""blank"">______</span>与风险因素跟踪、风险再分析、收集信息，并通过成本-效益分析决定是否实施驾驭步骤；进度管理需处理好进度与质量的关系、利用<span class=""blank"">______</span>/PERT/CPM确定<span class=""blank"">______</span>与并行任务、合理控制团队规模，并持续追踪与控制进度。</div>"	"<div class=""top""><span class=""chip c1"">章节：软件项目管理</span><span class=""chip c2"">本章难点</span></div><h1>风险控制和进度管理</h1><div class=""a"">本章难点：风险控制和进度管理——风险控制需对数十项风险逐一识别、估计、评价并制定3~7个驾驭步骤，进行<span class=""hit"">里程碑</span>与风险因素跟踪、风险再分析、收集信息，并通过成本-效益分析决定是否实施驾驭步骤；进度管理需处理好进度与质量的关系、利用<span class=""hit"">甘特图</span>/PERT/CPM确定<span class=""hit"">关键路径</span>与并行任务、合理控制团队规模，并持续追踪与控制进度。</div><div class=""ansbox"">挖空答案：<b>里程碑；甘特图；关键路径</b></div><div class=""pg"">教材页码：P219</div>"	软件项目管理 本章难点 13005软件工程
